name	predict_label	probability	threshold	annotate
2022_IncS_CWRU.v17.P_3d_r1_COMS58.sb.117_sub_2022_IncS_CWRU.v17.P_3d_r1_COMS58_k141_69_1	K05565	0.6004	0.8674	
2022_IncS_CWRU.v17.P_3d_r1_COMS58.sb.117_sub_2022_IncS_CWRU.v17.P_3d_r1_COMS58_k141_69_2	K07346	0.6763	0.9137	
2022_IncS_CWRU.v17.P_3d_r1_COMS58.sb.117_sub_2022_IncS_CWRU.v17.P_3d_r1_COMS58_k141_69_3	K07483	0.4395	0.9439	
2022_IncS_CWRU.v17.P_3d_r1_COMS58.sb.117_sub_2022_IncS_CWRU.v17.P_3d_r1_COMS58_k141_69_4	K07126	0.3207	0.9766	
2022_IncS_CWRU.v17.P_3d_r1_COMS58.sb.117_sub_2022_IncS_CWRU.v17.P_3d_r1_COMS58_k141_69_5	K06218	0.892	0.9677	
2022_IncS_CWRU.v17.P_3d_r1_COMS58.sb.117_sub_2022_IncS_CWRU.v17.P_3d_r1_COMS58_k141_69_6	K01607	0.5672	0.9801	
2022_IncS_CWRU.v17.P_3d_r1_COMS58.sb.117_sub_2022_IncS_CWRU.v17.P_3d_r1_COMS58_k141_69_7	K02348	0.264	0.9743	
2022_IncS_CWRU.v17.P_3d_r1_COMS58.sb.117_sub_2022_IncS_CWRU.v17.P_3d_r1_COMS58_k141_69_8	K06158	0.9664	0.9892	
2022_IncS_CWRU.v17.P_3d_r1_COMS58.sb.117_sub_2022_IncS_CWRU.v17.P_3d_r1_COMS58_k141_69_9	K04771	0.9475	0.941	*
2022_IncS_CWRU.v17.P_3d_r1_COMS58.sb.117_sub_2022_IncS_CWRU.v17.P_3d_r1_COMS58_k141_69_10	K07483	0.2337	0.9439	
2022_IncS_CWRU.v17.P_3d_r1_COMS58.sb.117_sub_2022_IncS_CWRU.v17.P_3d_r1_COMS58_k141_1656259_1	K08738	0.2131	0.9655	
2022_IncS_CWRU.v17.P_3d_r1_COMS58.sb.117_sub_2022_IncS_CWRU.v17.P_3d_r1_COMS58_k141_1656259_2	K23239	0.754	0.9008	
2022_IncS_CWRU.v17.P_3d_r1_COMS58.sb.117_sub_2022_IncS_CWRU.v17.P_3d_r1_COMS58_k141_1656259_3	K16080	0.8588	0.8846	
2022_IncS_CWRU.v17.P_3d_r1_COMS58.sb.117_sub_2022_IncS_CWRU.v17.P_3d_r1_COMS58_k141_1656259_4	K02195	0.4196	0.9736	
2022_IncS_CWRU.v17.P_3d_r1_COMS58.sb.117_sub_2022_IncS_CWRU.v17.P_3d_r1_COMS58_k141_1656259_5	K01990	0.9388	0.816	*
2022_IncS_CWRU.v17.P_3d_r1_COMS58.sb.117_sub_2022_IncS_CWRU.v17.P_3d_r1_COMS58_k141_1656259_6	K07979	0.9889	0.999	
2022_IncS_CWRU.v17.P_3d_r1_COMS58.sb.117_sub_2022_IncS_CWRU.v17.P_3d_r1_COMS58_k141_1656259_7	K05589	0.9491	0.9706	
2022_IncS_CWRU.v17.P_3d_r1_COMS58.sb.117_sub_2022_IncS_CWRU.v17.P_3d_r1_COMS58_k141_1656259_8	K01840	0.7517	0.7894	
2022_IncS_CWRU.v17.P_3d_r1_COMS58.sb.117_sub_2022_IncS_CWRU.v17.P_3d_r1_COMS58_k141_1656259_9	K18918	0.4063	0.914	
2022_IncS_CWRU.v17.P_3d_r1_COMS58.sb.117_sub_2022_IncS_CWRU.v17.P_3d_r1_COMS58_k141_1656259_10	K03926	0.9998	0.9182	*
2022_IncS_CWRU.v17.P_3d_r1_COMS58.sb.117_sub_2022_IncS_CWRU.v17.P_3d_r1_COMS58_k141_1656259_11	K07107	0.2113	0.9066	
2022_IncS_CWRU.v17.P_3d_r1_COMS58.sb.117_sub_2022_IncS_CWRU.v17.P_3d_r1_COMS58_k141_829360_1	K12143	0.5169	0.6711	
2022_IncS_CWRU.v17.P_3d_r1_COMS58.sb.117_sub_2022_IncS_CWRU.v17.P_3d_r1_COMS58_k141_829360_2	K25010	0.2852	0.9202	
2022_IncS_CWRU.v17.P_3d_r1_COMS58.sb.117_sub_2022_IncS_CWRU.v17.P_3d_r1_COMS58_k141_829360_3	K03457	0.6302	0.9026	
2022_IncS_CWRU.v17.P_3d_r1_COMS58.sb.117_sub_2022_IncS_CWRU.v17.P_3d_r1_COMS58_k141_829360_4	K15977	0.4839	0.992	
2022_IncS_CWRU.v17.P_3d_r1_COMS58.sb.117_sub_2022_IncS_CWRU.v17.P_3d_r1_COMS58_k141_829360_5	K00406	0.5694	0.9916	
2022_IncS_CWRU.v17.P_3d_r1_COMS58.sb.117_sub_2022_IncS_CWRU.v17.P_3d_r1_COMS58_k141_829360_6	K14337	0.1953	0.9381	
2022_IncS_CWRU.v17.P_3d_r1_COMS58.sb.117_sub_2022_IncS_CWRU.v17.P_3d_r1_COMS58_k141_829360_7	K01548	0.1716	0.948	
2022_IncS_CWRU.v17.P_3d_r1_COMS58.sb.117_sub_2022_IncS_CWRU.v17.P_3d_r1_COMS58_k141_829360_8	K07152	0.9999	0.9722	*
2022_IncS_CWRU.v17.P_3d_r1_COMS58.sb.117_sub_2022_IncS_CWRU.v17.P_3d_r1_COMS58_k141_829360_9	K02275	0.9996	0.9697	*
2022_IncS_CWRU.v17.P_3d_r1_COMS58.sb.117_sub_2022_IncS_CWRU.v17.P_3d_r1_COMS58_k141_829360_10	K02274	0.9999	0.8466	*
2022_IncS_CWRU.v17.P_3d_r1_COMS58.sb.117_sub_2022_IncS_CWRU.v17.P_3d_r1_COMS58_k141_829360_11	K02276	0.9973	0.8617	*
2022_IncS_CWRU.v17.P_3d_r1_COMS58.sb.117_sub_2022_IncS_CWRU.v17.P_3d_r1_COMS58_k141_829360_12	K02277	0.9994	0.971	*
2022_IncS_CWRU.v17.P_3d_r1_COMS58.sb.117_sub_2022_IncS_CWRU.v17.P_3d_r1_COMS58_k141_829360_13	K20276	0.6431	0.9872	
2022_IncS_CWRU.v17.P_3d_r1_COMS58.sb.117_sub_2022_IncS_CWRU.v17.P_3d_r1_COMS58_k141_829360_14	K02435	0.9999	0.9041	*
2022_IncS_CWRU.v17.P_3d_r1_COMS58.sb.117_sub_2022_IncS_CWRU.v17.P_3d_r1_COMS58_k141_829360_15	K03976	0.2688	0.9798	
2022_IncS_CWRU.v17.P_3d_r1_COMS58.sb.117_sub_2022_IncS_CWRU.v17.P_3d_r1_COMS58_k141_1382281_1	K02907	0.2786	0.9012	
2022_IncS_CWRU.v17.P_3d_r1_COMS58.sb.117_sub_2022_IncS_CWRU.v17.P_3d_r1_COMS58_k141_1382281_2	K00939	0.9999	0.8397	*
2022_IncS_CWRU.v17.P_3d_r1_COMS58.sb.117_sub_2022_IncS_CWRU.v17.P_3d_r1_COMS58_k141_1382281_3	K03076	0.9999	0.8233	*
2022_IncS_CWRU.v17.P_3d_r1_COMS58.sb.117_sub_2022_IncS_CWRU.v17.P_3d_r1_COMS58_k141_1382281_4	K02876	0.9993	0.7937	*
2022_IncS_CWRU.v17.P_3d_r1_COMS58.sb.117_sub_2022_IncS_CWRU.v17.P_3d_r1_COMS58_k141_1382281_5	K02907	0.9967	0.9012	*
2022_IncS_CWRU.v17.P_3d_r1_COMS58.sb.117_sub_2022_IncS_CWRU.v17.P_3d_r1_COMS58_k141_1382281_6	K02988	0.9976	0.8555	*
2022_IncS_CWRU.v17.P_3d_r1_COMS58.sb.117_sub_2022_IncS_CWRU.v17.P_3d_r1_COMS58_k141_1382281_7	K02881	1.0	0.8096	*
2022_IncS_CWRU.v17.P_3d_r1_COMS58.sb.117_sub_2022_IncS_CWRU.v17.P_3d_r1_COMS58_k141_1382281_8	K02933	0.9997	0.8909	*
2022_IncS_CWRU.v17.P_3d_r1_COMS58.sb.117_sub_2022_IncS_CWRU.v17.P_3d_r1_COMS58_k141_1382281_9	K08187	0.2503	0.7872	
2022_IncS_CWRU.v17.P_3d_r1_COMS58.sb.117_sub_2022_IncS_CWRU.v17.P_3d_r1_COMS58_k141_280630_1	K01689	0.3804	0.8389	
2022_IncS_CWRU.v17.P_3d_r1_COMS58.sb.117_sub_2022_IncS_CWRU.v17.P_3d_r1_COMS58_k141_280630_2	K00626	0.2914	0.9019	
2022_IncS_CWRU.v17.P_3d_r1_COMS58.sb.117_sub_2022_IncS_CWRU.v17.P_3d_r1_COMS58_k141_280630_3	K01118	0.9999	0.8264	*
2022_IncS_CWRU.v17.P_3d_r1_COMS58.sb.117_sub_2022_IncS_CWRU.v17.P_3d_r1_COMS58_k141_280630_4	K00979	1.0	0.8375	*
2022_IncS_CWRU.v17.P_3d_r1_COMS58.sb.117_sub_2022_IncS_CWRU.v17.P_3d_r1_COMS58_k141_280630_5	K02275	0.7768	0.9697	
2022_IncS_CWRU.v17.P_3d_r1_COMS58.sb.117_sub_2022_IncS_CWRU.v17.P_3d_r1_COMS58_k141_280630_6	K10778	0.9993	0.8521	*
2022_IncS_CWRU.v17.P_3d_r1_COMS58.sb.117_sub_2022_IncS_CWRU.v17.P_3d_r1_COMS58_k141_280630_7	K00059	0.9917	0.9613	*
2022_IncS_CWRU.v17.P_3d_r1_COMS58.sb.117_sub_2022_IncS_CWRU.v17.P_3d_r1_COMS58_k141_280630_8	K03892	0.9955	0.964	*
2022_IncS_CWRU.v17.P_3d_r1_COMS58.sb.117_sub_2022_IncS_CWRU.v17.P_3d_r1_COMS58_k141_280630_9	K01251	0.9999	0.6414	*
2022_IncS_CWRU.v17.P_3d_r1_COMS58.sb.117_sub_2022_IncS_CWRU.v17.P_3d_r1_COMS58_k141_280630_10	K06886	0.1398	0.929	
2022_IncS_CWRU.v17.P_3d_r1_COMS58.sb.117_sub_2022_IncS_CWRU.v17.P_3d_r1_COMS58_k141_280630_11	K06901	1.0	0.9178	*
2022_IncS_CWRU.v17.P_3d_r1_COMS58.sb.117_sub_2022_IncS_CWRU.v17.P_3d_r1_COMS58_k141_280630_12	K00433	1.0	0.9667	*
2022_IncS_CWRU.v17.P_3d_r1_COMS58.sb.117_sub_2022_IncS_CWRU.v17.P_3d_r1_COMS58_k141_280630_13	K01698	1.0	0.7331	*
2022_IncS_CWRU.v17.P_3d_r1_COMS58.sb.117_sub_2022_IncS_CWRU.v17.P_3d_r1_COMS58_k141_280630_14	K05770	0.5036	0.9783	
2022_IncS_CWRU.v17.P_3d_r1_COMS58.sb.117_sub_2022_IncS_CWRU.v17.P_3d_r1_COMS58_k141_280630_15	K07746	0.1646	0.9777	
2022_IncS_CWRU.v17.P_3d_r1_COMS58.sb.117_sub_2022_IncS_CWRU.v17.P_3d_r1_COMS58_k141_4306_1	K03306	0.5615	0.9292	
2022_IncS_CWRU.v17.P_3d_r1_COMS58.sb.117_sub_2022_IncS_CWRU.v17.P_3d_r1_COMS58_k141_4306_2	K03602	0.7634	0.9616	
2022_IncS_CWRU.v17.P_3d_r1_COMS58.sb.117_sub_2022_IncS_CWRU.v17.P_3d_r1_COMS58_k141_4306_3	K07319	0.8643	0.7469	*
2022_IncS_CWRU.v17.P_3d_r1_COMS58.sb.117_sub_2022_IncS_CWRU.v17.P_3d_r1_COMS58_k141_4306_4	K07006	0.232	0.9275	
2022_IncS_CWRU.v17.P_3d_r1_COMS58.sb.117_sub_2022_IncS_CWRU.v17.P_3d_r1_COMS58_k141_4306_5	K05896	1.0	0.9278	*
2022_IncS_CWRU.v17.P_3d_r1_COMS58.sb.117_sub_2022_IncS_CWRU.v17.P_3d_r1_COMS58_k141_4306_6	K01867	0.328	0.79	
2022_IncS_CWRU.v17.P_3d_r1_COMS58.sb.117_sub_2022_IncS_CWRU.v17.P_3d_r1_COMS58_k141_4306_7	K02033	0.4122	0.662	
2022_IncS_CWRU.v17.P_3d_r1_COMS58.sb.117_sub_2022_IncS_CWRU.v17.P_3d_r1_COMS58_k141_4306_8	K01613	0.3581	0.9096	
2022_IncS_CWRU.v17.P_3d_r1_COMS58.sb.117_sub_2022_IncS_CWRU.v17.P_3d_r1_COMS58_k141_4306_9	K01167	0.9827	0.994	
2022_IncS_CWRU.v17.P_3d_r1_COMS58.sb.117_sub_2022_IncS_CWRU.v17.P_3d_r1_COMS58_k141_4306_10	K07497	0.099	0.9505	
2022_IncS_CWRU.v17.P_3d_r1_COMS58.sb.117_sub_2022_IncS_CWRU.v17.P_3d_r1_COMS58_k141_4306_11	K06902	0.9054	0.9383	
2022_IncS_CWRU.v17.P_3d_r1_COMS58.sb.117_sub_2022_IncS_CWRU.v17.P_3d_r1_COMS58_k141_4306_12	K06911	0.5785	0.9543	
2022_IncS_CWRU.v17.P_3d_r1_COMS58.sb.117_sub_2022_IncS_CWRU.v17.P_3d_r1_COMS58_k141_4306_13	K23107	0.6516	0.9955	
2022_IncS_CWRU.v17.P_3d_r1_COMS58.sb.117_sub_2022_IncS_CWRU.v17.P_3d_r1_COMS58_k141_4306_14	K06346	0.5943	0.8592	
2022_IncS_CWRU.v17.P_3d_r1_COMS58.sb.117_sub_2022_IncS_CWRU.v17.P_3d_r1_COMS58_k141_4306_15	K01759	0.8785	0.9802	
2022_IncS_CWRU.v17.P_3d_r1_COMS58.sb.117_sub_2022_IncS_CWRU.v17.P_3d_r1_COMS58_k141_4306_16	K02013	0.8634	0.7641	*
2022_IncS_CWRU.v17.P_3d_r1_COMS58.sb.117_sub_2022_IncS_CWRU.v17.P_3d_r1_COMS58_k141_4306_17	K02313	1.0	0.8716	*
2022_IncS_CWRU.v17.P_3d_r1_COMS58.sb.117_sub_2022_IncS_CWRU.v17.P_3d_r1_COMS58_k141_4306_18	K01990	0.2481	0.816	
2022_IncS_CWRU.v17.P_3d_r1_COMS58.sb.117_sub_2022_IncS_CWRU.v17.P_3d_r1_COMS58_k141_281591_1	K25290	0.2103	0.7249	
2022_IncS_CWRU.v17.P_3d_r1_COMS58.sb.117_sub_2022_IncS_CWRU.v17.P_3d_r1_COMS58_k141_281591_2	K07799	0.5307	0.6342	
2022_IncS_CWRU.v17.P_3d_r1_COMS58.sb.117_sub_2022_IncS_CWRU.v17.P_3d_r1_COMS58_k141_281591_3	K18138	0.9796	0.9385	*
2022_IncS_CWRU.v17.P_3d_r1_COMS58.sb.117_sub_2022_IncS_CWRU.v17.P_3d_r1_COMS58_k141_281591_4	K19092	0.3769	0.9649	
2022_IncS_CWRU.v17.P_3d_r1_COMS58.sb.117_sub_2022_IncS_CWRU.v17.P_3d_r1_COMS58_k141_281591_5	K05759	0.445	0.9354	
2022_IncS_CWRU.v17.P_3d_r1_COMS58.sb.117_sub_2022_IncS_CWRU.v17.P_3d_r1_COMS58_k141_281591_6	K00765	0.9987	0.7992	*
2022_IncS_CWRU.v17.P_3d_r1_COMS58.sb.117_sub_2022_IncS_CWRU.v17.P_3d_r1_COMS58_k141_281591_7	K00013	0.6087	0.9371	
2022_IncS_CWRU.v17.P_3d_r1_COMS58.sb.117_sub_2022_IncS_CWRU.v17.P_3d_r1_COMS58_k141_281591_8	K00817	0.9992	0.8401	*
2022_IncS_CWRU.v17.P_3d_r1_COMS58.sb.117_sub_2022_IncS_CWRU.v17.P_3d_r1_COMS58_k141_281591_9	K01693	0.9986	0.7938	*
2022_IncS_CWRU.v17.P_3d_r1_COMS58.sb.117_sub_2022_IncS_CWRU.v17.P_3d_r1_COMS58_k141_281591_10	K02501	1.0	0.7877	*
2022_IncS_CWRU.v17.P_3d_r1_COMS58.sb.117_sub_2022_IncS_CWRU.v17.P_3d_r1_COMS58_k141_281591_11	K02500	0.9996	0.791	*
2022_IncS_CWRU.v17.P_3d_r1_COMS58.sb.117_sub_2022_IncS_CWRU.v17.P_3d_r1_COMS58_k141_281591_12	K01814	0.6238	0.8486	
2022_IncS_CWRU.v17.P_3d_r1_COMS58.sb.117_sub_2022_IncS_CWRU.v17.P_3d_r1_COMS58_k141_281591_13	K12972	0.9931	0.9859	*
2022_IncS_CWRU.v17.P_3d_r1_COMS58.sb.117_sub_2022_IncS_CWRU.v17.P_3d_r1_COMS58_k141_281591_14	K03811	0.9533	0.9704	
2022_IncS_CWRU.v17.P_3d_r1_COMS58.sb.117_sub_2022_IncS_CWRU.v17.P_3d_r1_COMS58_k141_281591_15	K02204	0.3782	0.9298	
2022_IncS_CWRU.v17.P_3d_r1_COMS58.sb.117_sub_2022_IncS_CWRU.v17.P_3d_r1_COMS58_k141_281591_16	K02014	0.7751	0.9106	
2022_IncS_CWRU.v17.P_3d_r1_COMS58.sb.117_sub_2022_IncS_CWRU.v17.P_3d_r1_COMS58_k141_281591_17	K03406	0.9993	0.9545	*
2022_IncS_CWRU.v17.P_3d_r1_COMS58.sb.117_sub_2022_IncS_CWRU.v17.P_3d_r1_COMS58_k141_281591_18	K03809	0.8486	0.9004	
2022_IncS_CWRU.v17.P_3d_r1_COMS58.sb.117_sub_2022_IncS_CWRU.v17.P_3d_r1_COMS58_k141_281591_19	K07267	0.5687	0.9282	
2022_IncS_CWRU.v17.P_3d_r1_COMS58.sb.117_sub_2022_IncS_CWRU.v17.P_3d_r1_COMS58_k141_281819_1	K27605	0.6679	0.9482	
2022_IncS_CWRU.v17.P_3d_r1_COMS58.sb.117_sub_2022_IncS_CWRU.v17.P_3d_r1_COMS58_k141_281819_2	K06075	0.3732	0.9335	
2022_IncS_CWRU.v17.P_3d_r1_COMS58.sb.117_sub_2022_IncS_CWRU.v17.P_3d_r1_COMS58_k141_281819_3	K02014	0.8624	0.9106	
2022_IncS_CWRU.v17.P_3d_r1_COMS58.sb.117_sub_2022_IncS_CWRU.v17.P_3d_r1_COMS58_k141_281819_4	K07114	0.8807	0.9793	
2022_IncS_CWRU.v17.P_3d_r1_COMS58.sb.117_sub_2022_IncS_CWRU.v17.P_3d_r1_COMS58_k141_281819_5	K03270	0.9741	0.8829	*
2022_IncS_CWRU.v17.P_3d_r1_COMS58.sb.117_sub_2022_IncS_CWRU.v17.P_3d_r1_COMS58_k141_281819_6	K25314	0.8915	0.588	*
2022_IncS_CWRU.v17.P_3d_r1_COMS58.sb.117_sub_2022_IncS_CWRU.v17.P_3d_r1_COMS58_k141_281819_7	K06920	1.0	0.777	*
2022_IncS_CWRU.v17.P_3d_r1_COMS58.sb.117_sub_2022_IncS_CWRU.v17.P_3d_r1_COMS58_k141_281819_8	K10026	0.9976	0.8644	*
2022_IncS_CWRU.v17.P_3d_r1_COMS58.sb.117_sub_2022_IncS_CWRU.v17.P_3d_r1_COMS58_k141_281819_9	K07126	0.9874	0.9766	*
2022_IncS_CWRU.v17.P_3d_r1_COMS58.sb.117_sub_2022_IncS_CWRU.v17.P_3d_r1_COMS58_k141_281819_10	K02650	0.8243	0.935	
2022_IncS_CWRU.v17.P_3d_r1_COMS58.sb.117_sub_2022_IncS_CWRU.v17.P_3d_r1_COMS58_k141_281819_11	K02650	0.6926	0.935	
2022_IncS_CWRU.v17.P_3d_r1_COMS58.sb.117_sub_2022_IncS_CWRU.v17.P_3d_r1_COMS58_k141_281819_12	K03634	0.9852	0.979	*
2022_IncS_CWRU.v17.P_3d_r1_COMS58.sb.117_sub_2022_IncS_CWRU.v17.P_3d_r1_COMS58_k141_281819_13	K00074	0.9998	0.811	*
2022_IncS_CWRU.v17.P_3d_r1_COMS58.sb.117_sub_2022_IncS_CWRU.v17.P_3d_r1_COMS58_k141_281819_14	K08372	0.5685	0.9163	
2022_IncS_CWRU.v17.P_3d_r1_COMS58.sb.117_sub_2022_IncS_CWRU.v17.P_3d_r1_COMS58_k141_281819_15	K01689	1.0	0.8389	*
2022_IncS_CWRU.v17.P_3d_r1_COMS58.sb.117_sub_2022_IncS_CWRU.v17.P_3d_r1_COMS58_k141_281819_16	K15633	1.0	0.9132	*
2022_IncS_CWRU.v17.P_3d_r1_COMS58.sb.117_sub_2022_IncS_CWRU.v17.P_3d_r1_COMS58_k141_281819_17	K01915	0.9926	0.9034	*
2022_IncS_CWRU.v17.P_3d_r1_COMS58.sb.117_sub_2022_IncS_CWRU.v17.P_3d_r1_COMS58_k141_281819_18	K00571	0.2256	0.8525	
2022_IncS_CWRU.v17.P_3d_r1_COMS58.sb.117_sub_2022_IncS_CWRU.v17.P_3d_r1_COMS58_k141_281819_19	K01322	0.9713	0.9481	*
2022_IncS_CWRU.v17.P_3d_r1_COMS58.sb.117_sub_2022_IncS_CWRU.v17.P_3d_r1_COMS58_k141_281819_20	K06872	0.9999	0.985	*
2022_IncS_CWRU.v17.P_3d_r1_COMS58.sb.117_sub_2022_IncS_CWRU.v17.P_3d_r1_COMS58_k141_281819_21	K03744	1.0	0.9827	*
2022_IncS_CWRU.v17.P_3d_r1_COMS58.sb.117_sub_2022_IncS_CWRU.v17.P_3d_r1_COMS58_k141_5464_1	K07474	0.2277	0.8652	
2022_IncS_CWRU.v17.P_3d_r1_COMS58.sb.117_sub_2022_IncS_CWRU.v17.P_3d_r1_COMS58_k141_5464_2	K20074	0.3343	0.9518	
2022_IncS_CWRU.v17.P_3d_r1_COMS58.sb.117_sub_2022_IncS_CWRU.v17.P_3d_r1_COMS58_k141_5464_3	K09888	0.3561	0.8969	
2022_IncS_CWRU.v17.P_3d_r1_COMS58.sb.117_sub_2022_IncS_CWRU.v17.P_3d_r1_COMS58_k141_5464_4	K04749	0.8703	0.8547	*
2022_IncS_CWRU.v17.P_3d_r1_COMS58.sb.117_sub_2022_IncS_CWRU.v17.P_3d_r1_COMS58_k141_5464_5	K00344	0.9583	0.9955	
2022_IncS_CWRU.v17.P_3d_r1_COMS58.sb.117_sub_2022_IncS_CWRU.v17.P_3d_r1_COMS58_k141_5464_6	K08677	1.0	0.8826	*
2022_IncS_CWRU.v17.P_3d_r1_COMS58.sb.117_sub_2022_IncS_CWRU.v17.P_3d_r1_COMS58_k141_5464_7	K04749	0.8666	0.8547	*
2022_IncS_CWRU.v17.P_3d_r1_COMS58.sb.117_sub_2022_IncS_CWRU.v17.P_3d_r1_COMS58_k141_5464_8	K04757	0.474	0.9786	
2022_IncS_CWRU.v17.P_3d_r1_COMS58.sb.117_sub_2022_IncS_CWRU.v17.P_3d_r1_COMS58_k141_5464_9	K13640	0.4095	0.906	
2022_IncS_CWRU.v17.P_3d_r1_COMS58.sb.117_sub_2022_IncS_CWRU.v17.P_3d_r1_COMS58_k141_1662591_1	K06142	0.9987	0.9903	*
2022_IncS_CWRU.v17.P_3d_r1_COMS58.sb.117_sub_2022_IncS_CWRU.v17.P_3d_r1_COMS58_k141_1662591_2	K03596	0.9934	0.7826	*
2022_IncS_CWRU.v17.P_3d_r1_COMS58.sb.117_sub_2022_IncS_CWRU.v17.P_3d_r1_COMS58_k141_1662591_3	K08307	0.9804	0.9535	*
2022_IncS_CWRU.v17.P_3d_r1_COMS58.sb.117_sub_2022_IncS_CWRU.v17.P_3d_r1_COMS58_k141_1662591_4	K19033	0.4015	0.8693	
2022_IncS_CWRU.v17.P_3d_r1_COMS58.sb.117_sub_2022_IncS_CWRU.v17.P_3d_r1_COMS58_k141_283889_1	K05764	0.0848	0.803	
2022_IncS_CWRU.v17.P_3d_r1_COMS58.sb.117_sub_2022_IncS_CWRU.v17.P_3d_r1_COMS58_k141_283889_2	K06194	0.3218	0.9644	
2022_IncS_CWRU.v17.P_3d_r1_COMS58.sb.117_sub_2022_IncS_CWRU.v17.P_3d_r1_COMS58_k141_283889_3	K21430	0.9905	0.9975	
2022_IncS_CWRU.v17.P_3d_r1_COMS58.sb.117_sub_2022_IncS_CWRU.v17.P_3d_r1_COMS58_k141_283889_4	K08307	0.3764	0.9535	
2022_IncS_CWRU.v17.P_3d_r1_COMS58.sb.117_sub_2022_IncS_CWRU.v17.P_3d_r1_COMS58_k141_283889_5	K03832	0.8659	0.9754	
2022_IncS_CWRU.v17.P_3d_r1_COMS58.sb.117_sub_2022_IncS_CWRU.v17.P_3d_r1_COMS58_k141_283889_6	K01053	0.4572	0.9684	
2022_IncS_CWRU.v17.P_3d_r1_COMS58.sb.117_sub_2022_IncS_CWRU.v17.P_3d_r1_COMS58_k141_283889_7	K18101	0.5142	0.8855	
2022_IncS_CWRU.v17.P_3d_r1_COMS58.sb.117_sub_2022_IncS_CWRU.v17.P_3d_r1_COMS58_k141_283889_8	K00283	0.9997	0.5926	*
2022_IncS_CWRU.v17.P_3d_r1_COMS58.sb.117_sub_2022_IncS_CWRU.v17.P_3d_r1_COMS58_k141_283889_9	K05571	0.4091	0.9652	
2022_IncS_CWRU.v17.P_3d_r1_COMS58.sb.117_sub_2022_IncS_CWRU.v17.P_3d_r1_COMS58_k141_283889_10	K00282	0.9959	0.8107	*
2022_IncS_CWRU.v17.P_3d_r1_COMS58.sb.117_sub_2022_IncS_CWRU.v17.P_3d_r1_COMS58_k141_283889_11	K02437	0.9999	0.921	*
2022_IncS_CWRU.v17.P_3d_r1_COMS58.sb.117_sub_2022_IncS_CWRU.v17.P_3d_r1_COMS58_k141_283889_12	K03464	0.7282	0.8956	
2022_IncS_CWRU.v17.P_3d_r1_COMS58.sb.117_sub_2022_IncS_CWRU.v17.P_3d_r1_COMS58_k141_283889_13	K19339	0.247	0.9931	
2022_IncS_CWRU.v17.P_3d_r1_COMS58.sb.117_sub_2022_IncS_CWRU.v17.P_3d_r1_COMS58_k141_283889_14	K01173	0.6436	0.9446	
2022_IncS_CWRU.v17.P_3d_r1_COMS58.sb.117_sub_2022_IncS_CWRU.v17.P_3d_r1_COMS58_k141_559550_1	K25158	0.2064	0.8084	
2022_IncS_CWRU.v17.P_3d_r1_COMS58.sb.117_sub_2022_IncS_CWRU.v17.P_3d_r1_COMS58_k141_559550_2	K13671	0.6613	0.9854	
2022_IncS_CWRU.v17.P_3d_r1_COMS58.sb.117_sub_2022_IncS_CWRU.v17.P_3d_r1_COMS58_k141_559550_3	K13669	0.5156	0.9488	
2022_IncS_CWRU.v17.P_3d_r1_COMS58.sb.117_sub_2022_IncS_CWRU.v17.P_3d_r1_COMS58_k141_559550_4	K19397	0.1828	0.9849	
2022_IncS_CWRU.v17.P_3d_r1_COMS58.sb.117_sub_2022_IncS_CWRU.v17.P_3d_r1_COMS58_k141_559550_5	K02651	0.9992	0.9965	*
2022_IncS_CWRU.v17.P_3d_r1_COMS58.sb.117_sub_2022_IncS_CWRU.v17.P_3d_r1_COMS58_k141_559550_6	K02651	0.9992	0.9965	*
2022_IncS_CWRU.v17.P_3d_r1_COMS58.sb.117_sub_2022_IncS_CWRU.v17.P_3d_r1_COMS58_k141_559550_7	K02651	0.9923	0.9965	
2022_IncS_CWRU.v17.P_3d_r1_COMS58.sb.117_sub_2022_IncS_CWRU.v17.P_3d_r1_COMS58_k141_559550_8	K18178	0.6293	0.9298	
2022_IncS_CWRU.v17.P_3d_r1_COMS58.sb.117_sub_2022_IncS_CWRU.v17.P_3d_r1_COMS58_k141_559550_9	K13669	0.9762	0.9488	*
2022_IncS_CWRU.v17.P_3d_r1_COMS58.sb.117_sub_2022_IncS_CWRU.v17.P_3d_r1_COMS58_k141_559550_10	K13669	0.7972	0.9488	
2022_IncS_CWRU.v17.P_3d_r1_COMS58.sb.117_sub_2022_IncS_CWRU.v17.P_3d_r1_COMS58_k141_559550_11	K03704	0.1798	0.9704	
2022_IncS_CWRU.v17.P_3d_r1_COMS58.sb.117_sub_2022_IncS_CWRU.v17.P_3d_r1_COMS58_k141_559550_12	K07052	0.2817	0.9347	
2022_IncS_CWRU.v17.P_3d_r1_COMS58.sb.117_sub_2022_IncS_CWRU.v17.P_3d_r1_COMS58_k141_559550_13	K09005	0.8668	0.955	
2022_IncS_CWRU.v17.P_3d_r1_COMS58.sb.117_sub_2022_IncS_CWRU.v17.P_3d_r1_COMS58_k141_559550_14	K02280	0.9999	0.7926	*
2022_IncS_CWRU.v17.P_3d_r1_COMS58.sb.117_sub_2022_IncS_CWRU.v17.P_3d_r1_COMS58_k141_559550_15	K02279	0.9965	0.9338	*
2022_IncS_CWRU.v17.P_3d_r1_COMS58.sb.117_sub_2022_IncS_CWRU.v17.P_3d_r1_COMS58_k141_559550_16	K07742	0.2547	0.8906	
2022_IncS_CWRU.v17.P_3d_r1_COMS58.sb.117_sub_2022_IncS_CWRU.v17.P_3d_r1_COMS58_k141_559550_17	K03832	0.8855	0.9754	
2022_IncS_CWRU.v17.P_3d_r1_COMS58.sb.117_sub_2022_IncS_CWRU.v17.P_3d_r1_COMS58_k141_559550_18	K12513	0.9998	0.9805	*
2022_IncS_CWRU.v17.P_3d_r1_COMS58.sb.117_sub_2022_IncS_CWRU.v17.P_3d_r1_COMS58_k141_559550_19	K12513	0.993	0.9805	*
2022_IncS_CWRU.v17.P_3d_r1_COMS58.sb.117_sub_2022_IncS_CWRU.v17.P_3d_r1_COMS58_k141_559550_20	K20628	0.3242	0.987	
2022_IncS_CWRU.v17.P_3d_r1_COMS58.sb.117_sub_2022_IncS_CWRU.v17.P_3d_r1_COMS58_k141_559550_21	K03566	0.1432	0.9552	
2022_IncS_CWRU.v17.P_3d_r1_COMS58.sb.117_sub_2022_IncS_CWRU.v17.P_3d_r1_COMS58_k141_559550_22	K02196	0.2536	0.992	
2022_IncS_CWRU.v17.P_3d_r1_COMS58.sb.117_sub_2022_IncS_CWRU.v17.P_3d_r1_COMS58_k141_559550_23	K12511	1.0	0.9249	*
2022_IncS_CWRU.v17.P_3d_r1_COMS58.sb.117_sub_2022_IncS_CWRU.v17.P_3d_r1_COMS58_k141_559550_24	K12510	1.0	0.9684	*
2022_IncS_CWRU.v17.P_3d_r1_COMS58.sb.117_sub_2022_IncS_CWRU.v17.P_3d_r1_COMS58_k141_559550_25	K02283	0.9979	0.9061	*
2022_IncS_CWRU.v17.P_3d_r1_COMS58.sb.117_sub_2022_IncS_CWRU.v17.P_3d_r1_COMS58_k141_559550_26	K03832	0.9458	0.9754	
2022_IncS_CWRU.v17.P_3d_r1_COMS58.sb.117_sub_2022_IncS_CWRU.v17.P_3d_r1_COMS58_k141_559550_27	K02614	0.4768	0.9547	
2022_IncS_CWRU.v17.P_3d_r1_COMS58.sb.117_sub_2022_IncS_CWRU.v17.P_3d_r1_COMS58_k141_559979_1	K02948	0.9996	0.8885	*
2022_IncS_CWRU.v17.P_3d_r1_COMS58.sb.117_sub_2022_IncS_CWRU.v17.P_3d_r1_COMS58_k141_559979_2	K02986	0.9999	0.8626	*
2022_IncS_CWRU.v17.P_3d_r1_COMS58.sb.117_sub_2022_IncS_CWRU.v17.P_3d_r1_COMS58_k141_559979_3	K03040	0.9995	0.9299	*
2022_IncS_CWRU.v17.P_3d_r1_COMS58.sb.117_sub_2022_IncS_CWRU.v17.P_3d_r1_COMS58_k141_559979_4	K02879	0.9998	0.8388	*
2022_IncS_CWRU.v17.P_3d_r1_COMS58.sb.117_sub_2022_IncS_CWRU.v17.P_3d_r1_COMS58_k141_559979_5	K28165	0.5832	0.9345	
2022_IncS_CWRU.v17.P_3d_r1_COMS58.sb.117_sub_2022_IncS_CWRU.v17.P_3d_r1_COMS58_k141_559979_6	K03768	0.3466	0.8377	
2022_IncS_CWRU.v17.P_3d_r1_COMS58.sb.117_sub_2022_IncS_CWRU.v17.P_3d_r1_COMS58_k141_559979_7	K01191	0.4793	0.894	
2022_IncS_CWRU.v17.P_3d_r1_COMS58.sb.117_sub_2022_IncS_CWRU.v17.P_3d_r1_COMS58_k141_1665258_1	K03294	0.4027	0.9586	
2022_IncS_CWRU.v17.P_3d_r1_COMS58.sb.117_sub_2022_IncS_CWRU.v17.P_3d_r1_COMS58_k141_1665258_2	K06076	0.4527	0.9883	
2022_IncS_CWRU.v17.P_3d_r1_COMS58.sb.117_sub_2022_IncS_CWRU.v17.P_3d_r1_COMS58_k141_1665258_3	K04478	0.1692	0.9817	
2022_IncS_CWRU.v17.P_3d_r1_COMS58.sb.117_sub_2022_IncS_CWRU.v17.P_3d_r1_COMS58_k141_287010_1	K03567	0.6274	0.9656	
2022_IncS_CWRU.v17.P_3d_r1_COMS58.sb.117_sub_2022_IncS_CWRU.v17.P_3d_r1_COMS58_k141_287010_2	K12132	0.3887	0.9474	
2022_IncS_CWRU.v17.P_3d_r1_COMS58.sb.117_sub_2022_IncS_CWRU.v17.P_3d_r1_COMS58_k141_287010_3	K11358	0.9992	0.6079	*
2022_IncS_CWRU.v17.P_3d_r1_COMS58.sb.117_sub_2022_IncS_CWRU.v17.P_3d_r1_COMS58_k141_287010_4	K03722	0.9992	0.919	*
2022_IncS_CWRU.v17.P_3d_r1_COMS58.sb.117_sub_2022_IncS_CWRU.v17.P_3d_r1_COMS58_k141_10158_1	K20696	0.151	0.9514	
2022_IncS_CWRU.v17.P_3d_r1_COMS58.sb.117_sub_2022_IncS_CWRU.v17.P_3d_r1_COMS58_k141_10158_2	K01783	1.0	0.6232	*
2022_IncS_CWRU.v17.P_3d_r1_COMS58.sb.117_sub_2022_IncS_CWRU.v17.P_3d_r1_COMS58_k141_10158_3	K27078	0.4292	0.974	
2022_IncS_CWRU.v17.P_3d_r1_COMS58.sb.117_sub_2022_IncS_CWRU.v17.P_3d_r1_COMS58_k141_10158_4	K09667	0.9757	0.9991	
2022_IncS_CWRU.v17.P_3d_r1_COMS58.sb.117_sub_2022_IncS_CWRU.v17.P_3d_r1_COMS58_k141_10158_5	K20276	0.7203	0.9872	
2022_IncS_CWRU.v17.P_3d_r1_COMS58.sb.117_sub_2022_IncS_CWRU.v17.P_3d_r1_COMS58_k141_839188_1	K26232	0.2494	0.9279	
2022_IncS_CWRU.v17.P_3d_r1_COMS58.sb.117_sub_2022_IncS_CWRU.v17.P_3d_r1_COMS58_k141_839188_2	K07091+K11720	0.9988	0.8315	*
2022_IncS_CWRU.v17.P_3d_r1_COMS58.sb.117_sub_2022_IncS_CWRU.v17.P_3d_r1_COMS58_k141_839188_3	K01533	0.9162	0.6634	*
2022_IncS_CWRU.v17.P_3d_r1_COMS58.sb.117_sub_2022_IncS_CWRU.v17.P_3d_r1_COMS58_k141_839188_4	K07213	0.9995	0.9586	*
2022_IncS_CWRU.v17.P_3d_r1_COMS58.sb.117_sub_2022_IncS_CWRU.v17.P_3d_r1_COMS58_k141_839188_5	K06889	0.607	0.9765	
2022_IncS_CWRU.v17.P_3d_r1_COMS58.sb.117_sub_2022_IncS_CWRU.v17.P_3d_r1_COMS58_k141_839188_6	K03781	0.2182	0.9257	
2022_IncS_CWRU.v17.P_3d_r1_COMS58.sb.117_sub_2022_IncS_CWRU.v17.P_3d_r1_COMS58_k141_1668580_1	K08963	1.0	0.8866	*
2022_IncS_CWRU.v17.P_3d_r1_COMS58.sb.117_sub_2022_IncS_CWRU.v17.P_3d_r1_COMS58_k141_1668580_2	K00027	0.9994	0.6978	*
2022_IncS_CWRU.v17.P_3d_r1_COMS58.sb.117_sub_2022_IncS_CWRU.v17.P_3d_r1_COMS58_k141_1668580_3	K18693	0.4648	0.9639	
2022_IncS_CWRU.v17.P_3d_r1_COMS58.sb.117_sub_2022_IncS_CWRU.v17.P_3d_r1_COMS58_k141_1668580_4	K21495	0.2008	0.8969	
2022_IncS_CWRU.v17.P_3d_r1_COMS58.sb.117_sub_2022_IncS_CWRU.v17.P_3d_r1_COMS58_k141_1668580_5	K07098	1.0	0.9545	*
2022_IncS_CWRU.v17.P_3d_r1_COMS58.sb.117_sub_2022_IncS_CWRU.v17.P_3d_r1_COMS58_k141_1668580_6	K02495	0.9854	0.9987	
2022_IncS_CWRU.v17.P_3d_r1_COMS58.sb.117_sub_2022_IncS_CWRU.v17.P_3d_r1_COMS58_k141_1668580_7	K02488	0.2632	0.9947	
2022_IncS_CWRU.v17.P_3d_r1_COMS58.sb.117_sub_2022_IncS_CWRU.v17.P_3d_r1_COMS58_k141_1668580_8	K04565	0.4635	0.9893	
2022_IncS_CWRU.v17.P_3d_r1_COMS58.sb.117_sub_2022_IncS_CWRU.v17.P_3d_r1_COMS58_k141_1668580_9	K11785	0.9999	0.8116	*
2022_IncS_CWRU.v17.P_3d_r1_COMS58.sb.117_sub_2022_IncS_CWRU.v17.P_3d_r1_COMS58_k141_1668580_10	K03926	0.9967	0.9182	*
2022_IncS_CWRU.v17.P_3d_r1_COMS58.sb.117_sub_2022_IncS_CWRU.v17.P_3d_r1_COMS58_k141_1943638_1	K01739	0.2385	0.7323	
2022_IncS_CWRU.v17.P_3d_r1_COMS58.sb.117_sub_2022_IncS_CWRU.v17.P_3d_r1_COMS58_k141_1943638_2	K07019	0.9979	0.9084	*
2022_IncS_CWRU.v17.P_3d_r1_COMS58.sb.117_sub_2022_IncS_CWRU.v17.P_3d_r1_COMS58_k141_1943638_3	K23284	0.2914	0.9091	
2022_IncS_CWRU.v17.P_3d_r1_COMS58.sb.117_sub_2022_IncS_CWRU.v17.P_3d_r1_COMS58_k141_1943638_4	K01183	1.0	0.9748	*
2022_IncS_CWRU.v17.P_3d_r1_COMS58.sb.117_sub_2022_IncS_CWRU.v17.P_3d_r1_COMS58_k141_1943638_5	K18675	0.9765	0.669	*
2022_IncS_CWRU.v17.P_3d_r1_COMS58.sb.117_sub_2022_IncS_CWRU.v17.P_3d_r1_COMS58_k141_1943638_6	K01840	0.7264	0.7894	
2022_IncS_CWRU.v17.P_3d_r1_COMS58.sb.117_sub_2022_IncS_CWRU.v17.P_3d_r1_COMS58_k141_1943638_7	K08218	0.9795	0.9569	*
2022_IncS_CWRU.v17.P_3d_r1_COMS58.sb.117_sub_2022_IncS_CWRU.v17.P_3d_r1_COMS58_k141_1943638_8	K03892	0.5165	0.964	
2022_IncS_CWRU.v17.P_3d_r1_COMS58.sb.117_sub_2022_IncS_CWRU.v17.P_3d_r1_COMS58_k141_290840_1	K11897	0.6153	0.838	
2022_IncS_CWRU.v17.P_3d_r1_COMS58.sb.117_sub_2022_IncS_CWRU.v17.P_3d_r1_COMS58_k141_290840_2	K00008	0.6373	0.7756	
2022_IncS_CWRU.v17.P_3d_r1_COMS58.sb.117_sub_2022_IncS_CWRU.v17.P_3d_r1_COMS58_k141_290840_3	K00002	0.9923	0.8769	*
2022_IncS_CWRU.v17.P_3d_r1_COMS58.sb.117_sub_2022_IncS_CWRU.v17.P_3d_r1_COMS58_k141_290840_4	K18286	0.9597	0.5985	*
2022_IncS_CWRU.v17.P_3d_r1_COMS58.sb.117_sub_2022_IncS_CWRU.v17.P_3d_r1_COMS58_k141_290840_5	K28144	0.7455	0.8784	
2022_IncS_CWRU.v17.P_3d_r1_COMS58.sb.117_sub_2022_IncS_CWRU.v17.P_3d_r1_COMS58_k141_290840_6	K02217	0.3999	0.8779	
2022_IncS_CWRU.v17.P_3d_r1_COMS58.sb.117_sub_2022_IncS_CWRU.v17.P_3d_r1_COMS58_k141_290840_7	K07741	0.1844	0.9246	
2022_IncS_CWRU.v17.P_3d_r1_COMS58.sb.117_sub_2022_IncS_CWRU.v17.P_3d_r1_COMS58_k141_290840_8	K03294	0.7378	0.9586	
2022_IncS_CWRU.v17.P_3d_r1_COMS58.sb.117_sub_2022_IncS_CWRU.v17.P_3d_r1_COMS58_k141_290840_9	K07727	0.4457	0.925	
2022_IncS_CWRU.v17.P_3d_r1_COMS58.sb.117_sub_2022_IncS_CWRU.v17.P_3d_r1_COMS58_k141_290840_10	K03704	1.0	0.9704	*
2022_IncS_CWRU.v17.P_3d_r1_COMS58.sb.117_sub_2022_IncS_CWRU.v17.P_3d_r1_COMS58_k141_14554_1	K08738	0.3383	0.9655	
2022_IncS_CWRU.v17.P_3d_r1_COMS58.sb.117_sub_2022_IncS_CWRU.v17.P_3d_r1_COMS58_k141_14554_2	K28380	0.6376	0.9914	
2022_IncS_CWRU.v17.P_3d_r1_COMS58.sb.117_sub_2022_IncS_CWRU.v17.P_3d_r1_COMS58_k141_14554_3	K07052	0.3853	0.9347	
2022_IncS_CWRU.v17.P_3d_r1_COMS58.sb.117_sub_2022_IncS_CWRU.v17.P_3d_r1_COMS58_k141_14554_4	K09803	0.1729	0.9726	
2022_IncS_CWRU.v17.P_3d_r1_COMS58.sb.117_sub_2022_IncS_CWRU.v17.P_3d_r1_COMS58_k141_14554_5	K07729	0.2851	0.9744	
2022_IncS_CWRU.v17.P_3d_r1_COMS58.sb.117_sub_2022_IncS_CWRU.v17.P_3d_r1_COMS58_k141_14554_6	K01729	0.5533	0.929	
2022_IncS_CWRU.v17.P_3d_r1_COMS58.sb.117_sub_2022_IncS_CWRU.v17.P_3d_r1_COMS58_k141_14554_7	K01426	0.4656	0.7749	
2022_IncS_CWRU.v17.P_3d_r1_COMS58.sb.117_sub_2022_IncS_CWRU.v17.P_3d_r1_COMS58_k141_14554_8	K29052	0.1947	0.9346	
2022_IncS_CWRU.v17.P_3d_r1_COMS58.sb.117_sub_2022_IncS_CWRU.v17.P_3d_r1_COMS58_k141_14554_9	K03956	0.8734	0.9481	
2022_IncS_CWRU.v17.P_3d_r1_COMS58.sb.117_sub_2022_IncS_CWRU.v17.P_3d_r1_COMS58_k141_14554_10	K16150	0.5401	0.9278	
2022_IncS_CWRU.v17.P_3d_r1_COMS58.sb.117_sub_2022_IncS_CWRU.v17.P_3d_r1_COMS58_k141_14554_11	K11720	0.475	0.9393	
2022_IncS_CWRU.v17.P_3d_r1_COMS58.sb.117_sub_2022_IncS_CWRU.v17.P_3d_r1_COMS58_k141_14554_12	K01192	0.9944	0.9258	*
2022_IncS_CWRU.v17.P_3d_r1_COMS58.sb.117_sub_2022_IncS_CWRU.v17.P_3d_r1_COMS58_k141_14554_13	K02014	0.8508	0.9106	
2022_IncS_CWRU.v17.P_3d_r1_COMS58.sb.117_sub_2022_IncS_CWRU.v17.P_3d_r1_COMS58_k141_14554_14	K15727	0.436	0.9185	
2022_IncS_CWRU.v17.P_3d_r1_COMS58.sb.117_sub_2022_IncS_CWRU.v17.P_3d_r1_COMS58_k141_14554_15	K09001	0.9987	0.8851	*
2022_IncS_CWRU.v17.P_3d_r1_COMS58.sb.117_sub_2022_IncS_CWRU.v17.P_3d_r1_COMS58_k141_14554_16	K03555	0.9999	0.9859	*
2022_IncS_CWRU.v17.P_3d_r1_COMS58.sb.117_sub_2022_IncS_CWRU.v17.P_3d_r1_COMS58_k141_14554_17	K03100	1.0	0.9424	*
2022_IncS_CWRU.v17.P_3d_r1_COMS58.sb.117_sub_2022_IncS_CWRU.v17.P_3d_r1_COMS58_k141_14554_18	K01956	1.0	0.8433	*
2022_IncS_CWRU.v17.P_3d_r1_COMS58.sb.117_sub_2022_IncS_CWRU.v17.P_3d_r1_COMS58_k141_14554_19	K05712	0.1865	0.9708	
2022_IncS_CWRU.v17.P_3d_r1_COMS58.sb.117_sub_2022_IncS_CWRU.v17.P_3d_r1_COMS58_k141_566596_1	K03628	0.4458	0.8123	
2022_IncS_CWRU.v17.P_3d_r1_COMS58.sb.117_sub_2022_IncS_CWRU.v17.P_3d_r1_COMS58_k141_566596_2	K02135	0.2933	0.9564	
2022_IncS_CWRU.v17.P_3d_r1_COMS58.sb.117_sub_2022_IncS_CWRU.v17.P_3d_r1_COMS58_k141_566596_3	K07391	1.0	0.8162	*
2022_IncS_CWRU.v17.P_3d_r1_COMS58.sb.117_sub_2022_IncS_CWRU.v17.P_3d_r1_COMS58_k141_566596_4	K13687	0.9194	0.9909	
2022_IncS_CWRU.v17.P_3d_r1_COMS58.sb.117_sub_2022_IncS_CWRU.v17.P_3d_r1_COMS58_k141_566596_5	K15902	0.5006	0.9313	
2022_IncS_CWRU.v17.P_3d_r1_COMS58.sb.117_sub_2022_IncS_CWRU.v17.P_3d_r1_COMS58_k141_566596_6	K00010	0.9758	0.9901	
2022_IncS_CWRU.v17.P_3d_r1_COMS58.sb.117_sub_2022_IncS_CWRU.v17.P_3d_r1_COMS58_k141_566596_7	K03686	0.9991	0.9256	*
2022_IncS_CWRU.v17.P_3d_r1_COMS58.sb.117_sub_2022_IncS_CWRU.v17.P_3d_r1_COMS58_k141_566596_8	K03687	0.9997	0.9325	*
2022_IncS_CWRU.v17.P_3d_r1_COMS58.sb.117_sub_2022_IncS_CWRU.v17.P_3d_r1_COMS58_k141_566596_9	K03705	0.9994	0.8783	*
2022_IncS_CWRU.v17.P_3d_r1_COMS58.sb.117_sub_2022_IncS_CWRU.v17.P_3d_r1_COMS58_k141_566596_10	K03286	0.3465	0.9832	
2022_IncS_CWRU.v17.P_3d_r1_COMS58.sb.117_sub_2022_IncS_CWRU.v17.P_3d_r1_COMS58_k141_566596_11	K03570	0.3259	0.9164	
2022_IncS_CWRU.v17.P_3d_r1_COMS58.sb.117_sub_2022_IncS_CWRU.v17.P_3d_r1_COMS58_k141_566596_12	K18842	0.3307	0.7999	
2022_IncS_CWRU.v17.P_3d_r1_COMS58.sb.117_sub_2022_IncS_CWRU.v17.P_3d_r1_COMS58_k141_566596_13	K01185	0.9897	0.9235	*
2022_IncS_CWRU.v17.P_3d_r1_COMS58.sb.117_sub_2022_IncS_CWRU.v17.P_3d_r1_COMS58_k141_566596_14	K01626	0.9991	0.7903	*
2022_IncS_CWRU.v17.P_3d_r1_COMS58.sb.117_sub_2022_IncS_CWRU.v17.P_3d_r1_COMS58_k141_566596_15	K01768	0.9779	0.9482	*
2022_IncS_CWRU.v17.P_3d_r1_COMS58.sb.117_sub_2022_IncS_CWRU.v17.P_3d_r1_COMS58_k141_566596_16	K00748	1.0	0.9411	*
2022_IncS_CWRU.v17.P_3d_r1_COMS58.sb.117_sub_2022_IncS_CWRU.v17.P_3d_r1_COMS58_k141_566596_17	K03642	0.9992	0.9421	*
2022_IncS_CWRU.v17.P_3d_r1_COMS58.sb.117_sub_2022_IncS_CWRU.v17.P_3d_r1_COMS58_k141_566596_18	K03098	0.6862	0.9562	
2022_IncS_CWRU.v17.P_3d_r1_COMS58.sb.117_sub_2022_IncS_CWRU.v17.P_3d_r1_COMS58_k141_566596_19	K07345	0.3143	0.9603	
2022_IncS_CWRU.v17.P_3d_r1_COMS58.sb.117_sub_2022_IncS_CWRU.v17.P_3d_r1_COMS58_k141_566596_20	K03077	0.9934	0.8978	*
2022_IncS_CWRU.v17.P_3d_r1_COMS58.sb.117_sub_2022_IncS_CWRU.v17.P_3d_r1_COMS58_k141_1673773_1	K07404	0.6224	0.9787	
2022_IncS_CWRU.v17.P_3d_r1_COMS58.sb.117_sub_2022_IncS_CWRU.v17.P_3d_r1_COMS58_k141_1673773_2	K20628	0.313	0.987	
2022_IncS_CWRU.v17.P_3d_r1_COMS58.sb.117_sub_2022_IncS_CWRU.v17.P_3d_r1_COMS58_k141_1673773_3	K02535	0.9968	0.8437	*
2022_IncS_CWRU.v17.P_3d_r1_COMS58.sb.117_sub_2022_IncS_CWRU.v17.P_3d_r1_COMS58_k141_1673773_4	K03641	0.8422	0.9853	
2022_IncS_CWRU.v17.P_3d_r1_COMS58.sb.117_sub_2022_IncS_CWRU.v17.P_3d_r1_COMS58_k141_1673773_5	K02355	0.9962	0.8023	*
2022_IncS_CWRU.v17.P_3d_r1_COMS58.sb.117_sub_2022_IncS_CWRU.v17.P_3d_r1_COMS58_k141_1673773_6	K00558	0.188	0.8863	
2022_IncS_CWRU.v17.P_3d_r1_COMS58.sb.117_sub_2022_IncS_CWRU.v17.P_3d_r1_COMS58_k141_1673773_7	K07741	0.1763	0.9246	
2022_IncS_CWRU.v17.P_3d_r1_COMS58.sb.117_sub_2022_IncS_CWRU.v17.P_3d_r1_COMS58_k141_1673773_8	K07491	0.9955	0.9251	*
2022_IncS_CWRU.v17.P_3d_r1_COMS58.sb.117_sub_2022_IncS_CWRU.v17.P_3d_r1_COMS58_k141_1673773_9	K07473	0.6073	0.9286	
2022_IncS_CWRU.v17.P_3d_r1_COMS58.sb.117_sub_2022_IncS_CWRU.v17.P_3d_r1_COMS58_k141_1673773_10	K07063	0.4916	0.9354	
2022_IncS_CWRU.v17.P_3d_r1_COMS58.sb.117_sub_2022_IncS_CWRU.v17.P_3d_r1_COMS58_k141_1673773_11	K25606	0.3386	0.923	
2022_IncS_CWRU.v17.P_3d_r1_COMS58.sb.117_sub_2022_IncS_CWRU.v17.P_3d_r1_COMS58_k141_1673773_12	K15115	0.2554	0.7491	
2022_IncS_CWRU.v17.P_3d_r1_COMS58.sb.117_sub_2022_IncS_CWRU.v17.P_3d_r1_COMS58_k141_1673773_13	K01802	0.7408	0.8914	
2022_IncS_CWRU.v17.P_3d_r1_COMS58.sb.117_sub_2022_IncS_CWRU.v17.P_3d_r1_COMS58_k141_1673773_14	K07171	0.991	0.903	*
2022_IncS_CWRU.v17.P_3d_r1_COMS58.sb.117_sub_2022_IncS_CWRU.v17.P_3d_r1_COMS58_k141_1673773_15	K26989	0.5465	0.8756	
2022_IncS_CWRU.v17.P_3d_r1_COMS58.sb.117_sub_2022_IncS_CWRU.v17.P_3d_r1_COMS58_k141_1673773_16	K03600	0.165	0.7901	
2022_IncS_CWRU.v17.P_3d_r1_COMS58.sb.117_sub_2022_IncS_CWRU.v17.P_3d_r1_COMS58_k141_1673773_17	K20276	0.8589	0.9872	
2022_IncS_CWRU.v17.P_3d_r1_COMS58.sb.117_sub_2022_IncS_CWRU.v17.P_3d_r1_COMS58_k141_845095_1	K07484	0.5544	0.9506	
2022_IncS_CWRU.v17.P_3d_r1_COMS58.sb.117_sub_2022_IncS_CWRU.v17.P_3d_r1_COMS58_k141_845095_2	K07216	0.9905	0.9407	*
2022_IncS_CWRU.v17.P_3d_r1_COMS58.sb.117_sub_2022_IncS_CWRU.v17.P_3d_r1_COMS58_k141_845095_3	K07216	0.9991	0.9407	*
2022_IncS_CWRU.v17.P_3d_r1_COMS58.sb.117_sub_2022_IncS_CWRU.v17.P_3d_r1_COMS58_k141_845095_4	K03298	0.2702	0.9925	
2022_IncS_CWRU.v17.P_3d_r1_COMS58.sb.117_sub_2022_IncS_CWRU.v17.P_3d_r1_COMS58_k141_845095_5	K11363	0.8451	0.9351	
2022_IncS_CWRU.v17.P_3d_r1_COMS58.sb.117_sub_2022_IncS_CWRU.v17.P_3d_r1_COMS58_k141_1398398_1	K21619	0.9994	0.7003	*
2022_IncS_CWRU.v17.P_3d_r1_COMS58.sb.117_sub_2022_IncS_CWRU.v17.P_3d_r1_COMS58_k141_1398398_2	K01478	0.8367	0.9913	
2022_IncS_CWRU.v17.P_3d_r1_COMS58.sb.117_sub_2022_IncS_CWRU.v17.P_3d_r1_COMS58_k141_1398398_3	K08191	0.8915	0.9415	
2022_IncS_CWRU.v17.P_3d_r1_COMS58.sb.117_sub_2022_IncS_CWRU.v17.P_3d_r1_COMS58_k141_1398398_4	K07114	0.4053	0.9793	
2022_IncS_CWRU.v17.P_3d_r1_COMS58.sb.117_sub_2022_IncS_CWRU.v17.P_3d_r1_COMS58_k141_1674290_1	K03307	0.9904	0.8934	*
2022_IncS_CWRU.v17.P_3d_r1_COMS58.sb.117_sub_2022_IncS_CWRU.v17.P_3d_r1_COMS58_k141_1674290_2	K01179	0.9449	0.9131	*
2022_IncS_CWRU.v17.P_3d_r1_COMS58.sb.117_sub_2022_IncS_CWRU.v17.P_3d_r1_COMS58_k141_1674290_3	K00702	0.9933	0.9427	*
2022_IncS_CWRU.v17.P_3d_r1_COMS58.sb.117_sub_2022_IncS_CWRU.v17.P_3d_r1_COMS58_k141_1674290_4	K07729	0.424	0.9744	
2022_IncS_CWRU.v17.P_3d_r1_COMS58.sb.117_sub_2022_IncS_CWRU.v17.P_3d_r1_COMS58_k141_1674290_5	K16213	0.9992	0.9052	*
2022_IncS_CWRU.v17.P_3d_r1_COMS58.sb.117_sub_2022_IncS_CWRU.v17.P_3d_r1_COMS58_k141_1674290_6	K16212	0.9988	0.9217	*
2022_IncS_CWRU.v17.P_3d_r1_COMS58.sb.117_sub_2022_IncS_CWRU.v17.P_3d_r1_COMS58_k141_1674290_7	K10804	0.9998	0.9984	*
2022_IncS_CWRU.v17.P_3d_r1_COMS58.sb.117_sub_2022_IncS_CWRU.v17.P_3d_r1_COMS58_k141_1674290_8	K01187	0.9165	0.8886	*
2022_IncS_CWRU.v17.P_3d_r1_COMS58.sb.117_sub_2022_IncS_CWRU.v17.P_3d_r1_COMS58_k141_1674290_9	K07114	0.9729	0.9793	
2022_IncS_CWRU.v17.P_3d_r1_COMS58.sb.117_sub_2022_IncS_CWRU.v17.P_3d_r1_COMS58_k141_1674290_10	K02014	0.9117	0.9106	*
2022_IncS_CWRU.v17.P_3d_r1_COMS58.sb.117_sub_2022_IncS_CWRU.v17.P_3d_r1_COMS58_k141_1675464_1	K07126	0.3812	0.9766	
2022_IncS_CWRU.v17.P_3d_r1_COMS58.sb.117_sub_2022_IncS_CWRU.v17.P_3d_r1_COMS58_k141_1675464_2	K02264	0.1514	0.7815	
2022_IncS_CWRU.v17.P_3d_r1_COMS58.sb.117_sub_2022_IncS_CWRU.v17.P_3d_r1_COMS58_k141_1675464_3	K07497	0.1481	0.9505	
2022_IncS_CWRU.v17.P_3d_r1_COMS58.sb.117_sub_2022_IncS_CWRU.v17.P_3d_r1_COMS58_k141_295637_1	K03666	0.5419	0.9052	
2022_IncS_CWRU.v17.P_3d_r1_COMS58.sb.117_sub_2022_IncS_CWRU.v17.P_3d_r1_COMS58_k141_295637_2	K03665	1.0	0.93	*
2022_IncS_CWRU.v17.P_3d_r1_COMS58.sb.117_sub_2022_IncS_CWRU.v17.P_3d_r1_COMS58_k141_295637_3	K07491	0.9807	0.9251	*
2022_IncS_CWRU.v17.P_3d_r1_COMS58.sb.117_sub_2022_IncS_CWRU.v17.P_3d_r1_COMS58_k141_295637_4	K02437	0.496	0.921	
2022_IncS_CWRU.v17.P_3d_r1_COMS58.sb.117_sub_2022_IncS_CWRU.v17.P_3d_r1_COMS58_k141_1676157_1	K02650	0.221	0.935	
2022_IncS_CWRU.v17.P_3d_r1_COMS58.sb.117_sub_2022_IncS_CWRU.v17.P_3d_r1_COMS58_k141_1676157_2	K02067	0.9816	0.9674	*
2022_IncS_CWRU.v17.P_3d_r1_COMS58.sb.117_sub_2022_IncS_CWRU.v17.P_3d_r1_COMS58_k141_1676157_3	K00566	0.9999	0.7268	*
2022_IncS_CWRU.v17.P_3d_r1_COMS58.sb.117_sub_2022_IncS_CWRU.v17.P_3d_r1_COMS58_k141_1676157_4	K06284	0.6391	0.9169	
2022_IncS_CWRU.v17.P_3d_r1_COMS58.sb.117_sub_2022_IncS_CWRU.v17.P_3d_r1_COMS58_k141_1676157_5	K07065	0.3012	0.8647	
2022_IncS_CWRU.v17.P_3d_r1_COMS58.sb.117_sub_2022_IncS_CWRU.v17.P_3d_r1_COMS58_k141_1676157_6	K21498	0.9998	0.9324	*
2022_IncS_CWRU.v17.P_3d_r1_COMS58.sb.117_sub_2022_IncS_CWRU.v17.P_3d_r1_COMS58_k141_1676157_7	K13599	0.9999	0.8945	*
2022_IncS_CWRU.v17.P_3d_r1_COMS58.sb.117_sub_2022_IncS_CWRU.v17.P_3d_r1_COMS58_k141_1676157_8	K13598	0.997	0.8977	*
2022_IncS_CWRU.v17.P_3d_r1_COMS58.sb.117_sub_2022_IncS_CWRU.v17.P_3d_r1_COMS58_k141_1676157_9	K00814	0.9684	0.8408	*
2022_IncS_CWRU.v17.P_3d_r1_COMS58.sb.117_sub_2022_IncS_CWRU.v17.P_3d_r1_COMS58_k141_1676157_10	K08318	0.531	0.9288	
2022_IncS_CWRU.v17.P_3d_r1_COMS58.sb.117_sub_2022_IncS_CWRU.v17.P_3d_r1_COMS58_k141_1401038_1	K07107	0.3234	0.9066	
2022_IncS_CWRU.v17.P_3d_r1_COMS58.sb.117_sub_2022_IncS_CWRU.v17.P_3d_r1_COMS58_k141_1401038_2	K03593	0.9999	0.9961	*
2022_IncS_CWRU.v17.P_3d_r1_COMS58.sb.117_sub_2022_IncS_CWRU.v17.P_3d_r1_COMS58_k141_1401038_3	K07697	0.3308	0.9386	
2022_IncS_CWRU.v17.P_3d_r1_COMS58.sb.117_sub_2022_IncS_CWRU.v17.P_3d_r1_COMS58_k141_1401038_4	K23243	0.5569	0.9974	
2022_IncS_CWRU.v17.P_3d_r1_COMS58.sb.117_sub_2022_IncS_CWRU.v17.P_3d_r1_COMS58_k141_1401038_5	K12410	0.9988	0.9861	*
2022_IncS_CWRU.v17.P_3d_r1_COMS58.sb.117_sub_2022_IncS_CWRU.v17.P_3d_r1_COMS58_k141_1401038_6	K00332	0.3753	0.8741	
2022_IncS_CWRU.v17.P_3d_r1_COMS58.sb.117_sub_2022_IncS_CWRU.v17.P_3d_r1_COMS58_k141_1401038_7	K00003	0.9895	0.829	*
2022_IncS_CWRU.v17.P_3d_r1_COMS58.sb.117_sub_2022_IncS_CWRU.v17.P_3d_r1_COMS58_k141_1401038_8	K08681	0.9999	0.7677	*
2022_IncS_CWRU.v17.P_3d_r1_COMS58.sb.117_sub_2022_IncS_CWRU.v17.P_3d_r1_COMS58_k141_1401038_9	K03737	0.9985	0.8351	*
2022_IncS_CWRU.v17.P_3d_r1_COMS58.sb.117_sub_2022_IncS_CWRU.v17.P_3d_r1_COMS58_k141_1950965_1	K27627	0.2684	0.9546	
2022_IncS_CWRU.v17.P_3d_r1_COMS58.sb.117_sub_2022_IncS_CWRU.v17.P_3d_r1_COMS58_k141_1950965_2	K00059	0.8197	0.9613	
2022_IncS_CWRU.v17.P_3d_r1_COMS58.sb.117_sub_2022_IncS_CWRU.v17.P_3d_r1_COMS58_k141_1950965_3	K04565	0.8899	0.9893	
2022_IncS_CWRU.v17.P_3d_r1_COMS58.sb.117_sub_2022_IncS_CWRU.v17.P_3d_r1_COMS58_k141_1950965_4	K04078	0.9998	0.8969	*
2022_IncS_CWRU.v17.P_3d_r1_COMS58.sb.117_sub_2022_IncS_CWRU.v17.P_3d_r1_COMS58_k141_1950965_5	K04077	1.0	0.7776	*
2022_IncS_CWRU.v17.P_3d_r1_COMS58.sb.117_sub_2022_IncS_CWRU.v17.P_3d_r1_COMS58_k141_1950965_6	K02014	0.9262	0.9106	*
2022_IncS_CWRU.v17.P_3d_r1_COMS58.sb.117_sub_2022_IncS_CWRU.v17.P_3d_r1_COMS58_k141_1950965_7	K02014	0.9626	0.9106	*
2022_IncS_CWRU.v17.P_3d_r1_COMS58.sb.117_sub_2022_IncS_CWRU.v17.P_3d_r1_COMS58_k141_1950965_8	K03832	0.7866	0.9754	
2022_IncS_CWRU.v17.P_3d_r1_COMS58.sb.117_sub_2022_IncS_CWRU.v17.P_3d_r1_COMS58_k141_1950965_9	K07267	0.3986	0.9282	
2022_IncS_CWRU.v17.P_3d_r1_COMS58.sb.117_sub_2022_IncS_CWRU.v17.P_3d_r1_COMS58_k141_1950965_10	K15907	0.0926	0.9057	
2022_IncS_CWRU.v17.P_3d_r1_COMS58.sb.117_sub_2022_IncS_CWRU.v17.P_3d_r1_COMS58_k141_1950965_11	K15725	0.7714	0.7818	
2022_IncS_CWRU.v17.P_3d_r1_COMS58.sb.117_sub_2022_IncS_CWRU.v17.P_3d_r1_COMS58_k141_1950965_12	K03286	0.4911	0.9832	
2022_IncS_CWRU.v17.P_3d_r1_COMS58.sb.117_sub_2022_IncS_CWRU.v17.P_3d_r1_COMS58_k141_1401714_1	K02864	0.2073	0.813	
2022_IncS_CWRU.v17.P_3d_r1_COMS58.sb.117_sub_2022_IncS_CWRU.v17.P_3d_r1_COMS58_k141_1401714_2	K07649	0.6392	0.863	
2022_IncS_CWRU.v17.P_3d_r1_COMS58.sb.117_sub_2022_IncS_CWRU.v17.P_3d_r1_COMS58_k141_1401714_3	K11906	0.4714	0.9191	
2022_IncS_CWRU.v17.P_3d_r1_COMS58.sb.117_sub_2022_IncS_CWRU.v17.P_3d_r1_COMS58_k141_1401714_4	K13051	0.9742	0.7001	*
2022_IncS_CWRU.v17.P_3d_r1_COMS58.sb.117_sub_2022_IncS_CWRU.v17.P_3d_r1_COMS58_k141_1401714_5	K06287	0.9992	0.8701	*
2022_IncS_CWRU.v17.P_3d_r1_COMS58.sb.117_sub_2022_IncS_CWRU.v17.P_3d_r1_COMS58_k141_1401714_6	K11904	0.1366	0.9685	
2022_IncS_CWRU.v17.P_3d_r1_COMS58.sb.117_sub_2022_IncS_CWRU.v17.P_3d_r1_COMS58_k141_1401714_7	K12132	0.2001	0.9474	
2022_IncS_CWRU.v17.P_3d_r1_COMS58.sb.117_sub_2022_IncS_CWRU.v17.P_3d_r1_COMS58_k141_1401714_8	K09607	0.592	0.9202	
2022_IncS_CWRU.v17.P_3d_r1_COMS58.sb.117_sub_2022_IncS_CWRU.v17.P_3d_r1_COMS58_k141_1401714_9	K13327	0.3082	0.9766	
2022_IncS_CWRU.v17.P_3d_r1_COMS58.sb.117_sub_2022_IncS_CWRU.v17.P_3d_r1_COMS58_k141_1401714_10	K07483	0.3177	0.9439	
2022_IncS_CWRU.v17.P_3d_r1_COMS58.sb.117_sub_2022_IncS_CWRU.v17.P_3d_r1_COMS58_k141_1401714_11	K07305	1.0	0.9425	*
2022_IncS_CWRU.v17.P_3d_r1_COMS58.sb.117_sub_2022_IncS_CWRU.v17.P_3d_r1_COMS58_k141_1401714_12	K09022	1.0	0.9988	*
2022_IncS_CWRU.v17.P_3d_r1_COMS58.sb.117_sub_2022_IncS_CWRU.v17.P_3d_r1_COMS58_k141_1401714_13	K22278	0.9998	0.9747	*
2022_IncS_CWRU.v17.P_3d_r1_COMS58.sb.117_sub_2022_IncS_CWRU.v17.P_3d_r1_COMS58_k141_848983_1	K07171	0.1836	0.903	
2022_IncS_CWRU.v17.P_3d_r1_COMS58.sb.117_sub_2022_IncS_CWRU.v17.P_3d_r1_COMS58_k141_848983_2	K03204	0.285	0.9437	
2022_IncS_CWRU.v17.P_3d_r1_COMS58.sb.117_sub_2022_IncS_CWRU.v17.P_3d_r1_COMS58_k141_848983_3	K21831	0.3074	0.9622	
2022_IncS_CWRU.v17.P_3d_r1_COMS58.sb.117_sub_2022_IncS_CWRU.v17.P_3d_r1_COMS58_k141_848983_4	K13643	0.266	0.9416	
2022_IncS_CWRU.v17.P_3d_r1_COMS58.sb.117_sub_2022_IncS_CWRU.v17.P_3d_r1_COMS58_k141_848983_5	K01768	0.5937	0.9482	
2022_IncS_CWRU.v17.P_3d_r1_COMS58.sb.117_sub_2022_IncS_CWRU.v17.P_3d_r1_COMS58_k141_848983_6	K02952	0.5328	0.9139	
2022_IncS_CWRU.v17.P_3d_r1_COMS58.sb.117_sub_2022_IncS_CWRU.v17.P_3d_r1_COMS58_k141_848983_7	K00528	0.9998	0.9191	*
2022_IncS_CWRU.v17.P_3d_r1_COMS58.sb.117_sub_2022_IncS_CWRU.v17.P_3d_r1_COMS58_k141_848983_8	K00266	0.9997	0.9141	*
2022_IncS_CWRU.v17.P_3d_r1_COMS58.sb.117_sub_2022_IncS_CWRU.v17.P_3d_r1_COMS58_k141_848983_9	K06186	0.3537	0.9843	
2022_IncS_CWRU.v17.P_3d_r1_COMS58.sb.117_sub_2022_IncS_CWRU.v17.P_3d_r1_COMS58_k141_848983_10	K07714	0.6583	0.5927	*
2022_IncS_CWRU.v17.P_3d_r1_COMS58.sb.117_sub_2022_IncS_CWRU.v17.P_3d_r1_COMS58_k141_848983_11	K02484	0.6771	0.9091	
2022_IncS_CWRU.v17.P_3d_r1_COMS58.sb.117_sub_2022_IncS_CWRU.v17.P_3d_r1_COMS58_k141_848983_12	K03088	0.9611	0.9501	*
2022_IncS_CWRU.v17.P_3d_r1_COMS58.sb.117_sub_2022_IncS_CWRU.v17.P_3d_r1_COMS58_k141_848983_13	K03597	0.8881	0.993	
2022_IncS_CWRU.v17.P_3d_r1_COMS58.sb.117_sub_2022_IncS_CWRU.v17.P_3d_r1_COMS58_k141_848983_14	K06006	0.9998	0.9943	*
2022_IncS_CWRU.v17.P_3d_r1_COMS58.sb.117_sub_2022_IncS_CWRU.v17.P_3d_r1_COMS58_k141_848983_15	K02406	0.9967	0.8594	*
2022_IncS_CWRU.v17.P_3d_r1_COMS58.sb.117_sub_2022_IncS_CWRU.v17.P_3d_r1_COMS58_k141_848983_16	K02066	0.9992	0.9053	*
2022_IncS_CWRU.v17.P_3d_r1_COMS58.sb.117_sub_2022_IncS_CWRU.v17.P_3d_r1_COMS58_k141_848983_17	K02065	0.9992	0.7816	*
2022_IncS_CWRU.v17.P_3d_r1_COMS58.sb.117_sub_2022_IncS_CWRU.v17.P_3d_r1_COMS58_k141_848983_18	K19165	0.4514	0.7549	
2022_IncS_CWRU.v17.P_3d_r1_COMS58.sb.117_sub_2022_IncS_CWRU.v17.P_3d_r1_COMS58_k141_848983_19	K00252	0.6617	0.8066	
2022_IncS_CWRU.v17.P_3d_r1_COMS58.sb.117_sub_2022_IncS_CWRU.v17.P_3d_r1_COMS58_k141_848983_20	K01465	0.8072	0.9225	
2022_IncS_CWRU.v17.P_3d_r1_COMS58.sb.117_sub_2022_IncS_CWRU.v17.P_3d_r1_COMS58_k141_571720_1	K00558	0.1645	0.8863	
2022_IncS_CWRU.v17.P_3d_r1_COMS58.sb.117_sub_2022_IncS_CWRU.v17.P_3d_r1_COMS58_k141_571720_2	K11443	0.4233	0.8594	
2022_IncS_CWRU.v17.P_3d_r1_COMS58.sb.117_sub_2022_IncS_CWRU.v17.P_3d_r1_COMS58_k141_571720_3	K05337	0.5391	0.9486	
2022_IncS_CWRU.v17.P_3d_r1_COMS58.sb.117_sub_2022_IncS_CWRU.v17.P_3d_r1_COMS58_k141_571720_4	K21498	0.1083	0.9324	
2022_IncS_CWRU.v17.P_3d_r1_COMS58.sb.117_sub_2022_IncS_CWRU.v17.P_3d_r1_COMS58_k141_571720_5	K11530	0.93	0.9954	
2022_IncS_CWRU.v17.P_3d_r1_COMS58.sb.117_sub_2022_IncS_CWRU.v17.P_3d_r1_COMS58_k141_571720_6	K13694	0.6168	0.8356	
2022_IncS_CWRU.v17.P_3d_r1_COMS58.sb.117_sub_2022_IncS_CWRU.v17.P_3d_r1_COMS58_k141_571720_7	K10563	0.9964	0.8271	*
2022_IncS_CWRU.v17.P_3d_r1_COMS58.sb.117_sub_2022_IncS_CWRU.v17.P_3d_r1_COMS58_k141_571720_8	K02967	0.9138	0.8056	*
2022_IncS_CWRU.v17.P_3d_r1_COMS58.sb.117_sub_2022_IncS_CWRU.v17.P_3d_r1_COMS58_k141_1403758_1	K02503	0.9995	0.9614	*
2022_IncS_CWRU.v17.P_3d_r1_COMS58.sb.117_sub_2022_IncS_CWRU.v17.P_3d_r1_COMS58_k141_1403758_2	K06197	0.5191	0.9369	
2022_IncS_CWRU.v17.P_3d_r1_COMS58.sb.117_sub_2022_IncS_CWRU.v17.P_3d_r1_COMS58_k141_1403758_3	K06001	0.9992	0.9046	*
2022_IncS_CWRU.v17.P_3d_r1_COMS58.sb.117_sub_2022_IncS_CWRU.v17.P_3d_r1_COMS58_k141_1403758_4	K27078	0.5978	0.974	
2022_IncS_CWRU.v17.P_3d_r1_COMS58.sb.117_sub_2022_IncS_CWRU.v17.P_3d_r1_COMS58_k141_1403758_5	K12132	0.9302	0.9474	
2022_IncS_CWRU.v17.P_3d_r1_COMS58.sb.117_sub_2022_IncS_CWRU.v17.P_3d_r1_COMS58_k141_1403758_6	K21687	0.5055	0.971	
2022_IncS_CWRU.v17.P_3d_r1_COMS58.sb.117_sub_2022_IncS_CWRU.v17.P_3d_r1_COMS58_k141_1403758_7	K03646	0.8246	0.9977	
2022_IncS_CWRU.v17.P_3d_r1_COMS58.sb.117_sub_2022_IncS_CWRU.v17.P_3d_r1_COMS58_k141_1403758_8	K02444	0.3993	0.8347	
2022_IncS_CWRU.v17.P_3d_r1_COMS58.sb.117_sub_2022_IncS_CWRU.v17.P_3d_r1_COMS58_k141_851160_1	K01792	0.4486	0.8425	
2022_IncS_CWRU.v17.P_3d_r1_COMS58.sb.117_sub_2022_IncS_CWRU.v17.P_3d_r1_COMS58_k141_851160_2	K07106	1.0	0.731	*
2022_IncS_CWRU.v17.P_3d_r1_COMS58.sb.117_sub_2022_IncS_CWRU.v17.P_3d_r1_COMS58_k141_851160_3	K15229	0.307	0.9045	
2022_IncS_CWRU.v17.P_3d_r1_COMS58.sb.117_sub_2022_IncS_CWRU.v17.P_3d_r1_COMS58_k141_851160_4	K00790	1.0	0.6733	*
2022_IncS_CWRU.v17.P_3d_r1_COMS58.sb.117_sub_2022_IncS_CWRU.v17.P_3d_r1_COMS58_k141_851160_5	K18831	0.9392	0.9354	*
2022_IncS_CWRU.v17.P_3d_r1_COMS58.sb.117_sub_2022_IncS_CWRU.v17.P_3d_r1_COMS58_k141_851160_6	K19166	0.9978	0.9163	*
2022_IncS_CWRU.v17.P_3d_r1_COMS58.sb.117_sub_2022_IncS_CWRU.v17.P_3d_r1_COMS58_k141_851160_7	K00962	1.0	0.4997	*
2022_IncS_CWRU.v17.P_3d_r1_COMS58.sb.117_sub_2022_IncS_CWRU.v17.P_3d_r1_COMS58_k141_851160_8	K02956	0.9996	0.9264	*
2022_IncS_CWRU.v17.P_3d_r1_COMS58.sb.117_sub_2022_IncS_CWRU.v17.P_3d_r1_COMS58_k141_851160_9	K07491	0.4772	0.9251	
2022_IncS_CWRU.v17.P_3d_r1_COMS58.sb.117_sub_2022_IncS_CWRU.v17.P_3d_r1_COMS58_k141_851160_10	K11145	0.3185	0.844	
2022_IncS_CWRU.v17.P_3d_r1_COMS58.sb.117_sub_2022_IncS_CWRU.v17.P_3d_r1_COMS58_k141_851160_11	K03832	0.9916	0.9754	*
2022_IncS_CWRU.v17.P_3d_r1_COMS58.sb.117_sub_2022_IncS_CWRU.v17.P_3d_r1_COMS58_k141_851160_12	K07114	0.4288	0.9793	
2022_IncS_CWRU.v17.P_3d_r1_COMS58.sb.117_sub_2022_IncS_CWRU.v17.P_3d_r1_COMS58_k141_851160_13	K07497	0.2583	0.9505	
2022_IncS_CWRU.v17.P_3d_r1_COMS58.sb.117_sub_2022_IncS_CWRU.v17.P_3d_r1_COMS58_k141_851160_14	K02406	0.9665	0.8594	*
2022_IncS_CWRU.v17.P_3d_r1_COMS58.sb.117_sub_2022_IncS_CWRU.v17.P_3d_r1_COMS58_k141_851160_15	K02396	0.9843	0.9204	*
2022_IncS_CWRU.v17.P_3d_r1_COMS58.sb.117_sub_2022_IncS_CWRU.v17.P_3d_r1_COMS58_k141_851160_16	K02399	0.9062	0.9727	
2022_IncS_CWRU.v17.P_3d_r1_COMS58.sb.117_sub_2022_IncS_CWRU.v17.P_3d_r1_COMS58_k141_851160_17	K02398	0.9976	0.9519	*
2022_IncS_CWRU.v17.P_3d_r1_COMS58.sb.117_sub_2022_IncS_CWRU.v17.P_3d_r1_COMS58_k141_851160_18	K02395	0.6419	0.9043	
2022_IncS_CWRU.v17.P_3d_r1_COMS58.sb.117_sub_2022_IncS_CWRU.v17.P_3d_r1_COMS58_k141_851160_19	K02394	1.0	0.6592	*
2022_IncS_CWRU.v17.P_3d_r1_COMS58.sb.117_sub_2022_IncS_CWRU.v17.P_3d_r1_COMS58_k141_851160_20	K02393	0.9999	0.959	*
2022_IncS_CWRU.v17.P_3d_r1_COMS58.sb.117_sub_2022_IncS_CWRU.v17.P_3d_r1_COMS58_k141_851160_21	K02386	0.956	0.9427	*
2022_IncS_CWRU.v17.P_3d_r1_COMS58.sb.117_sub_2022_IncS_CWRU.v17.P_3d_r1_COMS58_k141_851160_22	K02392	0.9913	0.7701	*
2022_IncS_CWRU.v17.P_3d_r1_COMS58.sb.117_sub_2022_IncS_CWRU.v17.P_3d_r1_COMS58_k141_851160_23	K02391	0.9898	0.8097	*
2022_IncS_CWRU.v17.P_3d_r1_COMS58.sb.117_sub_2022_IncS_CWRU.v17.P_3d_r1_COMS58_k141_851160_24	K03409	0.713	0.9011	
2022_IncS_CWRU.v17.P_3d_r1_COMS58.sb.117_sub_2022_IncS_CWRU.v17.P_3d_r1_COMS58_k141_851160_25	K03413	0.9979	0.9386	*
2022_IncS_CWRU.v17.P_3d_r1_COMS58.sb.117_sub_2022_IncS_CWRU.v17.P_3d_r1_COMS58_k141_851160_26	K13489	0.1712	0.7676	
2022_IncS_CWRU.v17.P_3d_r1_COMS58.sb.117_sub_2022_IncS_CWRU.v17.P_3d_r1_COMS58_k141_851160_27	K02417	0.7037	0.8528	
2022_IncS_CWRU.v17.P_3d_r1_COMS58.sb.117_sub_2022_IncS_CWRU.v17.P_3d_r1_COMS58_k141_851160_28	K02416	0.9982	0.8924	*
2022_IncS_CWRU.v17.P_3d_r1_COMS58.sb.117_sub_2022_IncS_CWRU.v17.P_3d_r1_COMS58_k141_851160_29	K02405	1.0	0.8885	*
2022_IncS_CWRU.v17.P_3d_r1_COMS58.sb.117_sub_2022_IncS_CWRU.v17.P_3d_r1_COMS58_k141_851160_30	K02400	0.9997	0.7593	*
2022_IncS_CWRU.v17.P_3d_r1_COMS58.sb.117_sub_2022_IncS_CWRU.v17.P_3d_r1_COMS58_k141_851160_31	K02401	0.9921	0.7654	*
2022_IncS_CWRU.v17.P_3d_r1_COMS58.sb.117_sub_2022_IncS_CWRU.v17.P_3d_r1_COMS58_k141_851160_32	K02421	1.0	0.8676	*
2022_IncS_CWRU.v17.P_3d_r1_COMS58.sb.117_sub_2022_IncS_CWRU.v17.P_3d_r1_COMS58_k141_851160_33	K02420	0.9849	0.941	*
2022_IncS_CWRU.v17.P_3d_r1_COMS58.sb.117_sub_2022_IncS_CWRU.v17.P_3d_r1_COMS58_k141_851160_34	K02419	0.9992	0.9254	*
2022_IncS_CWRU.v17.P_3d_r1_COMS58.sb.117_sub_2022_IncS_CWRU.v17.P_3d_r1_COMS58_k141_851160_35	K02418	0.5593	0.9553	
2022_IncS_CWRU.v17.P_3d_r1_COMS58.sb.117_sub_2022_IncS_CWRU.v17.P_3d_r1_COMS58_k141_851160_36	K02417	0.7636	0.8528	
2022_IncS_CWRU.v17.P_3d_r1_COMS58.sb.117_sub_2022_IncS_CWRU.v17.P_3d_r1_COMS58_k141_851160_37	K03709	0.5258	0.8746	
2022_IncS_CWRU.v17.P_3d_r1_COMS58.sb.117_sub_2022_IncS_CWRU.v17.P_3d_r1_COMS58_k141_1129848_1	K07726	0.3578	0.8994	
2022_IncS_CWRU.v17.P_3d_r1_COMS58.sb.117_sub_2022_IncS_CWRU.v17.P_3d_r1_COMS58_k141_1129848_2	K00188	0.3928	0.8555	
2022_IncS_CWRU.v17.P_3d_r1_COMS58.sb.117_sub_2022_IncS_CWRU.v17.P_3d_r1_COMS58_k141_1129848_3	K02264	0.3172	0.7815	
2022_IncS_CWRU.v17.P_3d_r1_COMS58.sb.117_sub_2022_IncS_CWRU.v17.P_3d_r1_COMS58_k141_1129848_4	K09667	0.7164	0.9991	
2022_IncS_CWRU.v17.P_3d_r1_COMS58.sb.117_sub_2022_IncS_CWRU.v17.P_3d_r1_COMS58_k141_1129848_5	K06890	0.6352	0.9878	
2022_IncS_CWRU.v17.P_3d_r1_COMS58.sb.117_sub_2022_IncS_CWRU.v17.P_3d_r1_COMS58_k141_1129848_6	K10947	0.9383	0.9706	
2022_IncS_CWRU.v17.P_3d_r1_COMS58.sb.117_sub_2022_IncS_CWRU.v17.P_3d_r1_COMS58_k141_1129848_7	K00773	0.9995	0.7358	*
2022_IncS_CWRU.v17.P_3d_r1_COMS58.sb.117_sub_2022_IncS_CWRU.v17.P_3d_r1_COMS58_k141_1129848_8	K00950	0.8598	0.8849	
2022_IncS_CWRU.v17.P_3d_r1_COMS58.sb.117_sub_2022_IncS_CWRU.v17.P_3d_r1_COMS58_k141_1129848_9	K06886	0.1939	0.929	
2022_IncS_CWRU.v17.P_3d_r1_COMS58.sb.117_sub_2022_IncS_CWRU.v17.P_3d_r1_COMS58_k141_1129848_10	K00010	0.6235	0.9901	
2022_IncS_CWRU.v17.P_3d_r1_COMS58.sb.117_sub_2022_IncS_CWRU.v17.P_3d_r1_COMS58_k141_1954623_1	K01607	0.2909	0.9801	
2022_IncS_CWRU.v17.P_3d_r1_COMS58.sb.117_sub_2022_IncS_CWRU.v17.P_3d_r1_COMS58_k141_1954623_2	K13669	0.3795	0.9488	
2022_IncS_CWRU.v17.P_3d_r1_COMS58.sb.117_sub_2022_IncS_CWRU.v17.P_3d_r1_COMS58_k141_1954623_3	K02992	0.9999	0.8785	*
2022_IncS_CWRU.v17.P_3d_r1_COMS58.sb.117_sub_2022_IncS_CWRU.v17.P_3d_r1_COMS58_k141_1954623_4	K02950	0.9996	0.6712	*
2022_IncS_CWRU.v17.P_3d_r1_COMS58.sb.117_sub_2022_IncS_CWRU.v17.P_3d_r1_COMS58_k141_1954623_5	K03503	0.4396	0.9443	
2022_IncS_CWRU.v17.P_3d_r1_COMS58.sb.117_sub_2022_IncS_CWRU.v17.P_3d_r1_COMS58_k141_1954623_6	K02237	0.178	0.9807	
2022_IncS_CWRU.v17.P_3d_r1_COMS58.sb.117_sub_2022_IncS_CWRU.v17.P_3d_r1_COMS58_k141_1954623_7	K08316	0.9997	0.9407	*
2022_IncS_CWRU.v17.P_3d_r1_COMS58.sb.117_sub_2022_IncS_CWRU.v17.P_3d_r1_COMS58_k141_1954623_8	K02804	0.2589	0.7629	
2022_IncS_CWRU.v17.P_3d_r1_COMS58.sb.117_sub_2022_IncS_CWRU.v17.P_3d_r1_COMS58_k141_1954623_9	K07056	1.0	0.7073	*
2022_IncS_CWRU.v17.P_3d_r1_COMS58.sb.117_sub_2022_IncS_CWRU.v17.P_3d_r1_COMS58_k141_1954623_10	K03797	0.9999	0.9948	*
2022_IncS_CWRU.v17.P_3d_r1_COMS58.sb.117_sub_2022_IncS_CWRU.v17.P_3d_r1_COMS58_k141_1954623_11	K19075	0.2706	0.6935	
2022_IncS_CWRU.v17.P_3d_r1_COMS58.sb.117_sub_2022_IncS_CWRU.v17.P_3d_r1_COMS58_k141_1954623_12	K01611	0.1141	0.8748	
2022_IncS_CWRU.v17.P_3d_r1_COMS58.sb.117_sub_2022_IncS_CWRU.v17.P_3d_r1_COMS58_k141_1954623_13	K03972	0.995	0.9979	
2022_IncS_CWRU.v17.P_3d_r1_COMS58.sb.117_sub_2022_IncS_CWRU.v17.P_3d_r1_COMS58_k141_1954623_14	K25142	0.2579	0.6658	
2022_IncS_CWRU.v17.P_3d_r1_COMS58.sb.117_sub_2022_IncS_CWRU.v17.P_3d_r1_COMS58_k141_1954623_15	K09919	0.5802	0.9816	
2022_IncS_CWRU.v17.P_3d_r1_COMS58.sb.117_sub_2022_IncS_CWRU.v17.P_3d_r1_COMS58_k141_1954623_16	K07704	0.3419	0.7451	
2022_IncS_CWRU.v17.P_3d_r1_COMS58.sb.117_sub_2022_IncS_CWRU.v17.P_3d_r1_COMS58_k141_1954623_17	K22010	0.7886	0.8629	
2022_IncS_CWRU.v17.P_3d_r1_COMS58.sb.117_sub_2022_IncS_CWRU.v17.P_3d_r1_COMS58_k141_1954623_18	K12622	0.3098	0.8496	
2022_IncS_CWRU.v17.P_3d_r1_COMS58.sb.117_sub_2022_IncS_CWRU.v17.P_3d_r1_COMS58_k141_1954623_19	K07114	0.9967	0.9793	*
2022_IncS_CWRU.v17.P_3d_r1_COMS58.sb.117_sub_2022_IncS_CWRU.v17.P_3d_r1_COMS58_k141_1954623_20	K06298	0.3136	0.9695	
2022_IncS_CWRU.v17.P_3d_r1_COMS58.sb.117_sub_2022_IncS_CWRU.v17.P_3d_r1_COMS58_k141_1406232_1	K06168	0.8408	0.8175	*
2022_IncS_CWRU.v17.P_3d_r1_COMS58.sb.117_sub_2022_IncS_CWRU.v17.P_3d_r1_COMS58_k141_1406232_2	K03408	0.3364	0.8664	
2022_IncS_CWRU.v17.P_3d_r1_COMS58.sb.117_sub_2022_IncS_CWRU.v17.P_3d_r1_COMS58_k141_1406232_3	K17506	0.5779	0.8409	
2022_IncS_CWRU.v17.P_3d_r1_COMS58.sb.117_sub_2022_IncS_CWRU.v17.P_3d_r1_COMS58_k141_1406232_4	K02078	0.4871	0.9563	
2022_IncS_CWRU.v17.P_3d_r1_COMS58.sb.117_sub_2022_IncS_CWRU.v17.P_3d_r1_COMS58_k141_1406232_5	K01586	1.0	0.8564	*
2022_IncS_CWRU.v17.P_3d_r1_COMS58.sb.117_sub_2022_IncS_CWRU.v17.P_3d_r1_COMS58_k141_1406232_6	K18478	0.992	0.7472	*
2022_IncS_CWRU.v17.P_3d_r1_COMS58.sb.117_sub_2022_IncS_CWRU.v17.P_3d_r1_COMS58_k141_1406232_7	K05970	0.4488	0.9591	
2022_IncS_CWRU.v17.P_3d_r1_COMS58.sb.117_sub_2022_IncS_CWRU.v17.P_3d_r1_COMS58_k141_1406232_8	K01055	0.9624	0.9652	
2022_IncS_CWRU.v17.P_3d_r1_COMS58.sb.117_sub_2022_IncS_CWRU.v17.P_3d_r1_COMS58_k141_1406232_9	K03661	0.6028	0.9899	
2022_IncS_CWRU.v17.P_3d_r1_COMS58.sb.117_sub_2022_IncS_CWRU.v17.P_3d_r1_COMS58_k141_1406232_10	K05807	0.222	0.9847	
2022_IncS_CWRU.v17.P_3d_r1_COMS58.sb.117_sub_2022_IncS_CWRU.v17.P_3d_r1_COMS58_k141_1406232_11	K02431	1.0	0.8911	*
2022_IncS_CWRU.v17.P_3d_r1_COMS58.sb.117_sub_2022_IncS_CWRU.v17.P_3d_r1_COMS58_k141_1406232_12	K02915	0.3382	0.8703	
2022_IncS_CWRU.v17.P_3d_r1_COMS58.sb.117_sub_2022_IncS_CWRU.v17.P_3d_r1_COMS58_k141_1406232_13	K07005	0.9954	0.9243	*
2022_IncS_CWRU.v17.P_3d_r1_COMS58.sb.117_sub_2022_IncS_CWRU.v17.P_3d_r1_COMS58_k141_1406232_14	K07052	0.983	0.9347	*
2022_IncS_CWRU.v17.P_3d_r1_COMS58.sb.117_sub_2022_IncS_CWRU.v17.P_3d_r1_COMS58_k141_1406232_15	K01962	0.9999	0.9002	*
2022_IncS_CWRU.v17.P_3d_r1_COMS58.sb.117_sub_2022_IncS_CWRU.v17.P_3d_r1_COMS58_k141_576302_1	K07275	0.288	0.9669	
2022_IncS_CWRU.v17.P_3d_r1_COMS58.sb.117_sub_2022_IncS_CWRU.v17.P_3d_r1_COMS58_k141_576302_2	K07746	0.9407	0.9777	
2022_IncS_CWRU.v17.P_3d_r1_COMS58.sb.117_sub_2022_IncS_CWRU.v17.P_3d_r1_COMS58_k141_576302_3	K12574	1.0	0.8515	*
2022_IncS_CWRU.v17.P_3d_r1_COMS58.sb.117_sub_2022_IncS_CWRU.v17.P_3d_r1_COMS58_k141_576302_4	K07216	0.9971	0.9407	*
2022_IncS_CWRU.v17.P_3d_r1_COMS58.sb.117_sub_2022_IncS_CWRU.v17.P_3d_r1_COMS58_k141_576302_5	K00674	0.9988	0.9113	*
2022_IncS_CWRU.v17.P_3d_r1_COMS58.sb.117_sub_2022_IncS_CWRU.v17.P_3d_r1_COMS58_k141_576302_6	K07497	0.096	0.9505	
2022_IncS_CWRU.v17.P_3d_r1_COMS58.sb.117_sub_2022_IncS_CWRU.v17.P_3d_r1_COMS58_k141_576302_7	K12132	0.4253	0.9474	
2022_IncS_CWRU.v17.P_3d_r1_COMS58.sb.117_sub_2022_IncS_CWRU.v17.P_3d_r1_COMS58_k141_576302_8	K03607	0.1178	0.9225	
2022_IncS_CWRU.v17.P_3d_r1_COMS58.sb.117_sub_2022_IncS_CWRU.v17.P_3d_r1_COMS58_k141_576302_9	K28275	0.9688	0.8125	*
2022_IncS_CWRU.v17.P_3d_r1_COMS58.sb.117_sub_2022_IncS_CWRU.v17.P_3d_r1_COMS58_k141_576302_10	K05825	0.9943	0.9061	*
2022_IncS_CWRU.v17.P_3d_r1_COMS58.sb.117_sub_2022_IncS_CWRU.v17.P_3d_r1_COMS58_k141_576302_11	K04517	0.9316	0.8984	*
2022_IncS_CWRU.v17.P_3d_r1_COMS58.sb.117_sub_2022_IncS_CWRU.v17.P_3d_r1_COMS58_k141_576302_12	K06996	0.0955	0.9517	
2022_IncS_CWRU.v17.P_3d_r1_COMS58.sb.117_sub_2022_IncS_CWRU.v17.P_3d_r1_COMS58_k141_576302_13	K03856	0.9976	0.7009	*
2022_IncS_CWRU.v17.P_3d_r1_COMS58.sb.117_sub_2022_IncS_CWRU.v17.P_3d_r1_COMS58_k141_576302_14	K04093	0.4383	0.9077	
2022_IncS_CWRU.v17.P_3d_r1_COMS58.sb.117_sub_2022_IncS_CWRU.v17.P_3d_r1_COMS58_k141_576302_15	K01695	1.0	0.8208	*
2022_IncS_CWRU.v17.P_3d_r1_COMS58.sb.117_sub_2022_IncS_CWRU.v17.P_3d_r1_COMS58_k141_576302_16	K01696	0.9989	0.8832	*
2022_IncS_CWRU.v17.P_3d_r1_COMS58.sb.117_sub_2022_IncS_CWRU.v17.P_3d_r1_COMS58_k141_576302_17	K01173	0.8712	0.9446	
2022_IncS_CWRU.v17.P_3d_r1_COMS58.sb.117_sub_2022_IncS_CWRU.v17.P_3d_r1_COMS58_k141_576302_18	K11068	0.9982	0.9626	*
2022_IncS_CWRU.v17.P_3d_r1_COMS58.sb.117_sub_2022_IncS_CWRU.v17.P_3d_r1_COMS58_k141_576302_19	K02888	0.9971	0.8585	*
2022_IncS_CWRU.v17.P_3d_r1_COMS58.sb.117_sub_2022_IncS_CWRU.v17.P_3d_r1_COMS58_k141_576302_20	K02899	0.9989	0.9058	*
2022_IncS_CWRU.v17.P_3d_r1_COMS58.sb.117_sub_2022_IncS_CWRU.v17.P_3d_r1_COMS58_k141_576302_21	K02351	0.8805	0.9313	
2022_IncS_CWRU.v17.P_3d_r1_COMS58.sb.117_sub_2022_IncS_CWRU.v17.P_3d_r1_COMS58_k141_576302_22	K16348	0.8958	0.8343	*
2022_IncS_CWRU.v17.P_3d_r1_COMS58.sb.117_sub_2022_IncS_CWRU.v17.P_3d_r1_COMS58_k141_576302_23	K02470	0.9997	0.8996	*
2022_IncS_CWRU.v17.P_3d_r1_COMS58.sb.117_sub_2022_IncS_CWRU.v17.P_3d_r1_COMS58_k141_576302_24	K14325	0.0431	0.8962	
2022_IncS_CWRU.v17.P_3d_r1_COMS58.sb.117_sub_2022_IncS_CWRU.v17.P_3d_r1_COMS58_k141_576302_25	K18774	0.193	0.8646	
2022_IncS_CWRU.v17.P_3d_r1_COMS58.sb.117_sub_2022_IncS_CWRU.v17.P_3d_r1_COMS58_k141_576302_26	K21495	0.2831	0.8969	
2022_IncS_CWRU.v17.P_3d_r1_COMS58.sb.117_sub_2022_IncS_CWRU.v17.P_3d_r1_COMS58_k141_576302_27	K05337	0.2662	0.9486	
2022_IncS_CWRU.v17.P_3d_r1_COMS58.sb.117_sub_2022_IncS_CWRU.v17.P_3d_r1_COMS58_k141_576302_28	K02398	0.437	0.9519	
2022_IncS_CWRU.v17.P_3d_r1_COMS58.sb.117_sub_2022_IncS_CWRU.v17.P_3d_r1_COMS58_k141_576302_29	K07746	0.228	0.9777	
2022_IncS_CWRU.v17.P_3d_r1_COMS58.sb.117_sub_2022_IncS_CWRU.v17.P_3d_r1_COMS58_k141_576302_30	K07461	0.1429	0.9541	
2022_IncS_CWRU.v17.P_3d_r1_COMS58.sb.117_sub_2022_IncS_CWRU.v17.P_3d_r1_COMS58_k141_576302_31	K18162	0.2905	0.9897	
2022_IncS_CWRU.v17.P_3d_r1_COMS58.sb.117_sub_2022_IncS_CWRU.v17.P_3d_r1_COMS58_k141_576302_32	K07058	0.992	0.9669	*
2022_IncS_CWRU.v17.P_3d_r1_COMS58.sb.117_sub_2022_IncS_CWRU.v17.P_3d_r1_COMS58_k141_576302_33	K18979	0.9998	0.9422	*
2022_IncS_CWRU.v17.P_3d_r1_COMS58.sb.117_sub_2022_IncS_CWRU.v17.P_3d_r1_COMS58_k141_576302_34	K07122	0.9109	0.8846	*
2022_IncS_CWRU.v17.P_3d_r1_COMS58.sb.117_sub_2022_IncS_CWRU.v17.P_3d_r1_COMS58_k141_576302_35	K01006	0.9999	0.8399	*
2022_IncS_CWRU.v17.P_3d_r1_COMS58.sb.117_sub_2022_IncS_CWRU.v17.P_3d_r1_COMS58_k141_852756_1	K08982	0.879	0.9848	
2022_IncS_CWRU.v17.P_3d_r1_COMS58.sb.117_sub_2022_IncS_CWRU.v17.P_3d_r1_COMS58_k141_852756_2	K26933	0.9261	0.9631	
2022_IncS_CWRU.v17.P_3d_r1_COMS58.sb.117_sub_2022_IncS_CWRU.v17.P_3d_r1_COMS58_k141_852756_3	K20276	0.8182	0.9872	
2022_IncS_CWRU.v17.P_3d_r1_COMS58.sb.117_sub_2022_IncS_CWRU.v17.P_3d_r1_COMS58_k141_852756_4	K25010	0.9447	0.9202	*
2022_IncS_CWRU.v17.P_3d_r1_COMS58.sb.117_sub_2022_IncS_CWRU.v17.P_3d_r1_COMS58_k141_852756_5	K02014	0.9312	0.9106	*
2022_IncS_CWRU.v17.P_3d_r1_COMS58.sb.117_sub_2022_IncS_CWRU.v17.P_3d_r1_COMS58_k141_852756_6	K13963	0.1981	0.7263	
2022_IncS_CWRU.v17.P_3d_r1_COMS58.sb.117_sub_2022_IncS_CWRU.v17.P_3d_r1_COMS58_k141_852756_7	K19353	0.909	0.9882	
2022_IncS_CWRU.v17.P_3d_r1_COMS58.sb.117_sub_2022_IncS_CWRU.v17.P_3d_r1_COMS58_k141_852756_8	K21449	0.6728	0.9892	
2022_IncS_CWRU.v17.P_3d_r1_COMS58.sb.117_sub_2022_IncS_CWRU.v17.P_3d_r1_COMS58_k141_852756_9	K02568	0.2734	0.9572	
2022_IncS_CWRU.v17.P_3d_r1_COMS58.sb.117_sub_2022_IncS_CWRU.v17.P_3d_r1_COMS58_k141_852756_10	K01724	0.9949	0.9312	*
2022_IncS_CWRU.v17.P_3d_r1_COMS58.sb.117_sub_2022_IncS_CWRU.v17.P_3d_r1_COMS58_k141_852756_11	K02536	0.6361	0.9873	
2022_IncS_CWRU.v17.P_3d_r1_COMS58.sb.117_sub_2022_IncS_CWRU.v17.P_3d_r1_COMS58_k141_852756_12	K07006	0.3309	0.9275	
2022_IncS_CWRU.v17.P_3d_r1_COMS58.sb.117_sub_2022_IncS_CWRU.v17.P_3d_r1_COMS58_k141_852756_13	K06122	0.2798	0.6503	
2022_IncS_CWRU.v17.P_3d_r1_COMS58.sb.117_sub_2022_IncS_CWRU.v17.P_3d_r1_COMS58_k141_852756_14	K19342	0.3486	0.9366	
2022_IncS_CWRU.v17.P_3d_r1_COMS58.sb.117_sub_2022_IncS_CWRU.v17.P_3d_r1_COMS58_k141_852756_15	K07263	0.9392	0.9787	
2022_IncS_CWRU.v17.P_3d_r1_COMS58.sb.117_sub_2022_IncS_CWRU.v17.P_3d_r1_COMS58_k141_852756_16	K07263	0.9225	0.9787	
2022_IncS_CWRU.v17.P_3d_r1_COMS58.sb.117_sub_2022_IncS_CWRU.v17.P_3d_r1_COMS58_k141_852756_17	K00859	0.7816	0.9312	
2022_IncS_CWRU.v17.P_3d_r1_COMS58.sb.117_sub_2022_IncS_CWRU.v17.P_3d_r1_COMS58_k141_1956509_1	K06147	0.4945	0.8608	
2022_IncS_CWRU.v17.P_3d_r1_COMS58.sb.117_sub_2022_IncS_CWRU.v17.P_3d_r1_COMS58_k141_1956509_2	K02422	0.9986	0.9143	*
2022_IncS_CWRU.v17.P_3d_r1_COMS58.sb.117_sub_2022_IncS_CWRU.v17.P_3d_r1_COMS58_k141_1956509_3	K02407	0.9095	0.9248	
2022_IncS_CWRU.v17.P_3d_r1_COMS58.sb.117_sub_2022_IncS_CWRU.v17.P_3d_r1_COMS58_k141_1956509_4	K02406	0.9987	0.8594	*
2022_IncS_CWRU.v17.P_3d_r1_COMS58.sb.117_sub_2022_IncS_CWRU.v17.P_3d_r1_COMS58_k141_1956509_5	K02385	0.9913	0.9451	*
2022_IncS_CWRU.v17.P_3d_r1_COMS58.sb.117_sub_2022_IncS_CWRU.v17.P_3d_r1_COMS58_k141_1956509_6	K02556	0.9998	0.9036	*
2022_IncS_CWRU.v17.P_3d_r1_COMS58.sb.117_sub_2022_IncS_CWRU.v17.P_3d_r1_COMS58_k141_1956509_7	K02557	0.9992	0.9834	*
2022_IncS_CWRU.v17.P_3d_r1_COMS58.sb.117_sub_2022_IncS_CWRU.v17.P_3d_r1_COMS58_k141_1956509_8	K07005	0.2032	0.9243	
2022_IncS_CWRU.v17.P_3d_r1_COMS58.sb.117_sub_2022_IncS_CWRU.v17.P_3d_r1_COMS58_k141_1956509_9	K21084	0.9473	0.9956	
2022_IncS_CWRU.v17.P_3d_r1_COMS58.sb.117_sub_2022_IncS_CWRU.v17.P_3d_r1_COMS58_k141_1956509_10	K07457	0.9935	0.7884	*
2022_IncS_CWRU.v17.P_3d_r1_COMS58.sb.117_sub_2022_IncS_CWRU.v17.P_3d_r1_COMS58_k141_1956509_11	K13643	0.4741	0.9416	
2022_IncS_CWRU.v17.P_3d_r1_COMS58.sb.117_sub_2022_IncS_CWRU.v17.P_3d_r1_COMS58_k141_1956509_12	K01438	0.9318	0.7802	*
2022_IncS_CWRU.v17.P_3d_r1_COMS58.sb.117_sub_2022_IncS_CWRU.v17.P_3d_r1_COMS58_k141_1956509_13	K07018	0.9299	0.8017	*
2022_IncS_CWRU.v17.P_3d_r1_COMS58.sb.117_sub_2022_IncS_CWRU.v17.P_3d_r1_COMS58_k141_1956509_14	K11529	0.3263	0.753	
2022_IncS_CWRU.v17.P_3d_r1_COMS58.sb.117_sub_2022_IncS_CWRU.v17.P_3d_r1_COMS58_k141_1684313_1	K01659	0.9715	0.7572	*
2022_IncS_CWRU.v17.P_3d_r1_COMS58.sb.117_sub_2022_IncS_CWRU.v17.P_3d_r1_COMS58_k141_1684313_2	K02664	0.2261	0.9506	
2022_IncS_CWRU.v17.P_3d_r1_COMS58.sb.117_sub_2022_IncS_CWRU.v17.P_3d_r1_COMS58_k141_1684313_3	K02459	0.5793	0.932	
2022_IncS_CWRU.v17.P_3d_r1_COMS58.sb.117_sub_2022_IncS_CWRU.v17.P_3d_r1_COMS58_k141_1684313_4	K03704	1.0	0.9704	*
2022_IncS_CWRU.v17.P_3d_r1_COMS58.sb.117_sub_2022_IncS_CWRU.v17.P_3d_r1_COMS58_k141_1684313_5	K01515	0.9463	0.914	*
2022_IncS_CWRU.v17.P_3d_r1_COMS58.sb.117_sub_2022_IncS_CWRU.v17.P_3d_r1_COMS58_k141_1684313_6	K22136	0.9994	0.8692	*
2022_IncS_CWRU.v17.P_3d_r1_COMS58.sb.117_sub_2022_IncS_CWRU.v17.P_3d_r1_COMS58_k141_1684313_7	K07473	0.6374	0.9286	
2022_IncS_CWRU.v17.P_3d_r1_COMS58.sb.117_sub_2022_IncS_CWRU.v17.P_3d_r1_COMS58_k141_1684313_8	K07729	0.5201	0.9744	
2022_IncS_CWRU.v17.P_3d_r1_COMS58.sb.117_sub_2022_IncS_CWRU.v17.P_3d_r1_COMS58_k141_1684313_9	K01259	0.4626	0.9731	
2022_IncS_CWRU.v17.P_3d_r1_COMS58.sb.117_sub_2022_IncS_CWRU.v17.P_3d_r1_COMS58_k141_1684313_10	K03932	0.652	0.9853	
2022_IncS_CWRU.v17.P_3d_r1_COMS58.sb.117_sub_2022_IncS_CWRU.v17.P_3d_r1_COMS58_k141_1684313_11	K02109	0.9997	0.965	*
2022_IncS_CWRU.v17.P_3d_r1_COMS58.sb.117_sub_2022_IncS_CWRU.v17.P_3d_r1_COMS58_k141_1684313_12	K02109	0.5987	0.965	
2022_IncS_CWRU.v17.P_3d_r1_COMS58.sb.117_sub_2022_IncS_CWRU.v17.P_3d_r1_COMS58_k141_1684313_13	K02113	0.9962	0.7968	*
2022_IncS_CWRU.v17.P_3d_r1_COMS58.sb.117_sub_2022_IncS_CWRU.v17.P_3d_r1_COMS58_k141_1684313_14	K27094	0.8551	0.7603	*
2022_IncS_CWRU.v17.P_3d_r1_COMS58.sb.117_sub_2022_IncS_CWRU.v17.P_3d_r1_COMS58_k141_1958034_1	K07491	0.9911	0.9251	*
2022_IncS_CWRU.v17.P_3d_r1_COMS58.sb.117_sub_2022_IncS_CWRU.v17.P_3d_r1_COMS58_k141_1958034_2	K06217	1.0	0.9554	*
2022_IncS_CWRU.v17.P_3d_r1_COMS58.sb.117_sub_2022_IncS_CWRU.v17.P_3d_r1_COMS58_k141_1958034_3	K17247	0.2014	0.9887	
2022_IncS_CWRU.v17.P_3d_r1_COMS58.sb.117_sub_2022_IncS_CWRU.v17.P_3d_r1_COMS58_k141_1958034_4	K02968	0.9883	0.9219	*
2022_IncS_CWRU.v17.P_3d_r1_COMS58.sb.117_sub_2022_IncS_CWRU.v17.P_3d_r1_COMS58_k141_1958034_5	K06079	0.3053	0.9941	
2022_IncS_CWRU.v17.P_3d_r1_COMS58.sb.117_sub_2022_IncS_CWRU.v17.P_3d_r1_COMS58_k141_1958034_6	K15303	0.3689	0.9378	
2022_IncS_CWRU.v17.P_3d_r1_COMS58.sb.117_sub_2022_IncS_CWRU.v17.P_3d_r1_COMS58_k141_1958034_7	K03625	0.989	0.9235	*
2022_IncS_CWRU.v17.P_3d_r1_COMS58.sb.117_sub_2022_IncS_CWRU.v17.P_3d_r1_COMS58_k141_1958034_8	K00794	0.2553	0.8895	
2022_IncS_CWRU.v17.P_3d_r1_COMS58.sb.117_sub_2022_IncS_CWRU.v17.P_3d_r1_COMS58_k141_1958034_9	K21449	0.3012	0.9892	
2022_IncS_CWRU.v17.P_3d_r1_COMS58.sb.117_sub_2022_IncS_CWRU.v17.P_3d_r1_COMS58_k141_1958034_10	K07339	0.9466	0.9979	
2022_IncS_CWRU.v17.P_3d_r1_COMS58.sb.117_sub_2022_IncS_CWRU.v17.P_3d_r1_COMS58_k141_1958034_11	K18843	0.9999	0.9913	*
2022_IncS_CWRU.v17.P_3d_r1_COMS58.sb.117_sub_2022_IncS_CWRU.v17.P_3d_r1_COMS58_k141_1958034_12	K03955	0.689	0.9735	
2022_IncS_CWRU.v17.P_3d_r1_COMS58.sb.117_sub_2022_IncS_CWRU.v17.P_3d_r1_COMS58_k141_1958034_13	K01627	1.0	0.86	*
2022_IncS_CWRU.v17.P_3d_r1_COMS58.sb.117_sub_2022_IncS_CWRU.v17.P_3d_r1_COMS58_k141_1958034_14	K07397	0.9846	0.9721	*
2022_IncS_CWRU.v17.P_3d_r1_COMS58.sb.117_sub_2022_IncS_CWRU.v17.P_3d_r1_COMS58_k141_1958034_15	K12132	0.9998	0.9474	*
2022_IncS_CWRU.v17.P_3d_r1_COMS58.sb.117_sub_2022_IncS_CWRU.v17.P_3d_r1_COMS58_k141_1958034_16	K12340	0.6028	0.7782	
2022_IncS_CWRU.v17.P_3d_r1_COMS58.sb.117_sub_2022_IncS_CWRU.v17.P_3d_r1_COMS58_k141_1958034_17	K02409	0.6724	0.9469	
2022_IncS_CWRU.v17.P_3d_r1_COMS58.sb.117_sub_2022_IncS_CWRU.v17.P_3d_r1_COMS58_k141_1958034_18	K28144	0.1743	0.8784	
2022_IncS_CWRU.v17.P_3d_r1_COMS58.sb.117_sub_2022_IncS_CWRU.v17.P_3d_r1_COMS58_k141_1958034_19	K28143	0.2081	0.8511	
2022_IncS_CWRU.v17.P_3d_r1_COMS58.sb.117_sub_2022_IncS_CWRU.v17.P_3d_r1_COMS58_k141_1958034_20	K01951	0.5505	0.9574	
2022_IncS_CWRU.v17.P_3d_r1_COMS58.sb.117_sub_2022_IncS_CWRU.v17.P_3d_r1_COMS58_k141_578549_1	K08482	0.8034	0.9707	
2022_IncS_CWRU.v17.P_3d_r1_COMS58.sb.117_sub_2022_IncS_CWRU.v17.P_3d_r1_COMS58_k141_578549_2	K00990	0.9996	0.9256	*
2022_IncS_CWRU.v17.P_3d_r1_COMS58.sb.117_sub_2022_IncS_CWRU.v17.P_3d_r1_COMS58_k141_578549_3	K06218	0.9985	0.9677	*
2022_IncS_CWRU.v17.P_3d_r1_COMS58.sb.117_sub_2022_IncS_CWRU.v17.P_3d_r1_COMS58_k141_578549_4	K18918	0.9767	0.914	*
2022_IncS_CWRU.v17.P_3d_r1_COMS58.sb.117_sub_2022_IncS_CWRU.v17.P_3d_r1_COMS58_k141_578549_5	K18829	0.8849	0.8689	*
2022_IncS_CWRU.v17.P_3d_r1_COMS58.sb.117_sub_2022_IncS_CWRU.v17.P_3d_r1_COMS58_k141_855330_1	K08483	0.3461	0.6419	
2022_IncS_CWRU.v17.P_3d_r1_COMS58.sb.117_sub_2022_IncS_CWRU.v17.P_3d_r1_COMS58_k141_855330_2	K08641	0.2366	0.9151	
2022_IncS_CWRU.v17.P_3d_r1_COMS58.sb.117_sub_2022_IncS_CWRU.v17.P_3d_r1_COMS58_k141_855330_3	K09955	0.9824	0.9378	*
2022_IncS_CWRU.v17.P_3d_r1_COMS58.sb.117_sub_2022_IncS_CWRU.v17.P_3d_r1_COMS58_k141_855330_4	K07407	0.9926	0.8812	*
2022_IncS_CWRU.v17.P_3d_r1_COMS58.sb.117_sub_2022_IncS_CWRU.v17.P_3d_r1_COMS58_k141_855330_5	K02429	1.0	0.9433	*
2022_IncS_CWRU.v17.P_3d_r1_COMS58.sb.117_sub_2022_IncS_CWRU.v17.P_3d_r1_COMS58_k141_855330_6	K00008	0.752	0.7756	
2022_IncS_CWRU.v17.P_3d_r1_COMS58.sb.117_sub_2022_IncS_CWRU.v17.P_3d_r1_COMS58_k141_855330_7	K00002	0.9969	0.8769	*
2022_IncS_CWRU.v17.P_3d_r1_COMS58.sb.117_sub_2022_IncS_CWRU.v17.P_3d_r1_COMS58_k141_855330_8	K01811	0.9987	0.8052	*
2022_IncS_CWRU.v17.P_3d_r1_COMS58.sb.117_sub_2022_IncS_CWRU.v17.P_3d_r1_COMS58_k141_855330_9	K07126	0.4839	0.9766	
2022_IncS_CWRU.v17.P_3d_r1_COMS58.sb.117_sub_2022_IncS_CWRU.v17.P_3d_r1_COMS58_k141_855330_10	K02014	0.9877	0.9106	*
2022_IncS_CWRU.v17.P_3d_r1_COMS58.sb.117_sub_2022_IncS_CWRU.v17.P_3d_r1_COMS58_k141_855330_11	K00327	0.5882	0.8882	
2022_IncS_CWRU.v17.P_3d_r1_COMS58.sb.117_sub_2022_IncS_CWRU.v17.P_3d_r1_COMS58_k141_855330_12	K04085	0.7891	0.974	
2022_IncS_CWRU.v17.P_3d_r1_COMS58.sb.117_sub_2022_IncS_CWRU.v17.P_3d_r1_COMS58_k141_855330_13	K11253	0.3084	0.9082	
2022_IncS_CWRU.v17.P_3d_r1_COMS58.sb.117_sub_2022_IncS_CWRU.v17.P_3d_r1_COMS58_k141_855330_14	K07746	0.5936	0.9777	
2022_IncS_CWRU.v17.P_3d_r1_COMS58.sb.117_sub_2022_IncS_CWRU.v17.P_3d_r1_COMS58_k141_855330_15	K07497	0.678	0.9505	
2022_IncS_CWRU.v17.P_3d_r1_COMS58.sb.117_sub_2022_IncS_CWRU.v17.P_3d_r1_COMS58_k141_855330_16	K24530	0.6538	0.883	
2022_IncS_CWRU.v17.P_3d_r1_COMS58.sb.117_sub_2022_IncS_CWRU.v17.P_3d_r1_COMS58_k141_305294_1	K04771	0.3464	0.941	
2022_IncS_CWRU.v17.P_3d_r1_COMS58.sb.117_sub_2022_IncS_CWRU.v17.P_3d_r1_COMS58_k141_305294_2	K17713	0.3712	0.9924	
2022_IncS_CWRU.v17.P_3d_r1_COMS58.sb.117_sub_2022_IncS_CWRU.v17.P_3d_r1_COMS58_k141_1134566_1	K01937	0.8209	0.8279	
2022_IncS_CWRU.v17.P_3d_r1_COMS58.sb.117_sub_2022_IncS_CWRU.v17.P_3d_r1_COMS58_k141_1134566_2	K07722	1.0	0.8333	*
2022_IncS_CWRU.v17.P_3d_r1_COMS58.sb.117_sub_2022_IncS_CWRU.v17.P_3d_r1_COMS58_k141_1134566_3	K02014	0.9506	0.9106	*
2022_IncS_CWRU.v17.P_3d_r1_COMS58.sb.117_sub_2022_IncS_CWRU.v17.P_3d_r1_COMS58_k141_1134566_4	K07029	1.0	0.9998	*
2022_IncS_CWRU.v17.P_3d_r1_COMS58.sb.117_sub_2022_IncS_CWRU.v17.P_3d_r1_COMS58_k141_1134566_5	K00772	0.9986	0.8041	*
2022_IncS_CWRU.v17.P_3d_r1_COMS58.sb.117_sub_2022_IncS_CWRU.v17.P_3d_r1_COMS58_k141_1134566_6	K00847	0.5124	0.8157	
2022_IncS_CWRU.v17.P_3d_r1_COMS58.sb.117_sub_2022_IncS_CWRU.v17.P_3d_r1_COMS58_k141_1134566_7	K14340	0.4213	0.9932	
2022_IncS_CWRU.v17.P_3d_r1_COMS58.sb.117_sub_2022_IncS_CWRU.v17.P_3d_r1_COMS58_k141_1409929_1	K02338	0.6576	0.8701	
2022_IncS_CWRU.v17.P_3d_r1_COMS58.sb.117_sub_2022_IncS_CWRU.v17.P_3d_r1_COMS58_k141_1409929_2	K15580	0.1314	0.8001	
2022_IncS_CWRU.v17.P_3d_r1_COMS58.sb.117_sub_2022_IncS_CWRU.v17.P_3d_r1_COMS58_k141_1409929_3	K03496	0.9999	0.9601	*
2022_IncS_CWRU.v17.P_3d_r1_COMS58.sb.117_sub_2022_IncS_CWRU.v17.P_3d_r1_COMS58_k141_1409929_4	K03497	0.9997	0.911	*
2022_IncS_CWRU.v17.P_3d_r1_COMS58.sb.117_sub_2022_IncS_CWRU.v17.P_3d_r1_COMS58_k141_1409929_5	K23054	0.6042	0.8088	
2022_IncS_CWRU.v17.P_3d_r1_COMS58.sb.117_sub_2022_IncS_CWRU.v17.P_3d_r1_COMS58_k141_1409929_6	K03564	0.9999	0.9531	*
2022_IncS_CWRU.v17.P_3d_r1_COMS58.sb.117_sub_2022_IncS_CWRU.v17.P_3d_r1_COMS58_k141_1409929_7	K07263	0.3425	0.9787	
2022_IncS_CWRU.v17.P_3d_r1_COMS58.sb.117_sub_2022_IncS_CWRU.v17.P_3d_r1_COMS58_k141_1409929_8	K00657	0.9943	0.9548	*
2022_IncS_CWRU.v17.P_3d_r1_COMS58.sb.117_sub_2022_IncS_CWRU.v17.P_3d_r1_COMS58_k141_1409929_9	K04094	0.9999	0.7869	*
2022_IncS_CWRU.v17.P_3d_r1_COMS58.sb.117_sub_2022_IncS_CWRU.v17.P_3d_r1_COMS58_k141_1409929_10	K07027	0.7809	0.9289	
2022_IncS_CWRU.v17.P_3d_r1_COMS58.sb.117_sub_2022_IncS_CWRU.v17.P_3d_r1_COMS58_k141_1409929_11	K06889	0.6616	0.9765	
2022_IncS_CWRU.v17.P_3d_r1_COMS58.sb.117_sub_2022_IncS_CWRU.v17.P_3d_r1_COMS58_k141_1409929_12	K07010	0.7267	0.7042	*
2022_IncS_CWRU.v17.P_3d_r1_COMS58.sb.117_sub_2022_IncS_CWRU.v17.P_3d_r1_COMS58_k141_1409929_13	K00655	0.9977	0.9285	*
2022_IncS_CWRU.v17.P_3d_r1_COMS58.sb.117_sub_2022_IncS_CWRU.v17.P_3d_r1_COMS58_k141_1409929_14	K11754	0.9999	0.8534	*
2022_IncS_CWRU.v17.P_3d_r1_COMS58.sb.117_sub_2022_IncS_CWRU.v17.P_3d_r1_COMS58_k141_1409929_15	K07182	0.1328	0.9148	
2022_IncS_CWRU.v17.P_3d_r1_COMS58.sb.117_sub_2022_IncS_CWRU.v17.P_3d_r1_COMS58_k141_1409929_16	K02338	0.9772	0.8701	*
2022_IncS_CWRU.v17.P_3d_r1_COMS58.sb.117_sub_2022_IncS_CWRU.v17.P_3d_r1_COMS58_k141_1411794_1	K08301	0.4254	0.8538	
2022_IncS_CWRU.v17.P_3d_r1_COMS58.sb.117_sub_2022_IncS_CWRU.v17.P_3d_r1_COMS58_k141_1411794_2	K01657	0.9994	0.8106	*
2022_IncS_CWRU.v17.P_3d_r1_COMS58.sb.117_sub_2022_IncS_CWRU.v17.P_3d_r1_COMS58_k141_1411794_3	K23563	0.8544	0.9637	
2022_IncS_CWRU.v17.P_3d_r1_COMS58.sb.117_sub_2022_IncS_CWRU.v17.P_3d_r1_COMS58_k141_1411794_4	K07377	0.0989	0.9921	
2022_IncS_CWRU.v17.P_3d_r1_COMS58.sb.117_sub_2022_IncS_CWRU.v17.P_3d_r1_COMS58_k141_1411794_5	K01658	0.7846	0.7304	*
2022_IncS_CWRU.v17.P_3d_r1_COMS58.sb.117_sub_2022_IncS_CWRU.v17.P_3d_r1_COMS58_k141_1411794_6	K07733	0.1673	0.9689	
2022_IncS_CWRU.v17.P_3d_r1_COMS58.sb.117_sub_2022_IncS_CWRU.v17.P_3d_r1_COMS58_k141_31741_1	K02452	0.2833	0.9041	
2022_IncS_CWRU.v17.P_3d_r1_COMS58.sb.117_sub_2022_IncS_CWRU.v17.P_3d_r1_COMS58_k141_31741_2	K01420	0.2003	0.8318	
2022_IncS_CWRU.v17.P_3d_r1_COMS58.sb.117_sub_2022_IncS_CWRU.v17.P_3d_r1_COMS58_k141_31741_3	K06950	0.5037	0.9563	
2022_IncS_CWRU.v17.P_3d_r1_COMS58.sb.117_sub_2022_IncS_CWRU.v17.P_3d_r1_COMS58_k141_31741_4	K07497	0.3351	0.9505	
2022_IncS_CWRU.v17.P_3d_r1_COMS58.sb.117_sub_2022_IncS_CWRU.v17.P_3d_r1_COMS58_k141_31741_5	K18828	0.9865	0.8898	*
2022_IncS_CWRU.v17.P_3d_r1_COMS58.sb.117_sub_2022_IncS_CWRU.v17.P_3d_r1_COMS58_k141_31741_6	K18829	0.8627	0.8689	
2022_IncS_CWRU.v17.P_3d_r1_COMS58.sb.117_sub_2022_IncS_CWRU.v17.P_3d_r1_COMS58_k141_31741_7	K01897	0.4235	0.8502	
2022_IncS_CWRU.v17.P_3d_r1_COMS58.sb.117_sub_2022_IncS_CWRU.v17.P_3d_r1_COMS58_k141_31741_8	K03135	0.125	0.8245	
2022_IncS_CWRU.v17.P_3d_r1_COMS58.sb.117_sub_2022_IncS_CWRU.v17.P_3d_r1_COMS58_k141_31741_9	K25677	0.3119	0.5992	
2022_IncS_CWRU.v17.P_3d_r1_COMS58.sb.117_sub_2022_IncS_CWRU.v17.P_3d_r1_COMS58_k141_31741_10	K09458	0.9968	0.8234	*
2022_IncS_CWRU.v17.P_3d_r1_COMS58.sb.117_sub_2022_IncS_CWRU.v17.P_3d_r1_COMS58_k141_308315_1	K02469	0.9996	0.6322	*
2022_IncS_CWRU.v17.P_3d_r1_COMS58.sb.117_sub_2022_IncS_CWRU.v17.P_3d_r1_COMS58_k141_308315_2	K06875	0.4161	0.8646	
2022_IncS_CWRU.v17.P_3d_r1_COMS58.sb.117_sub_2022_IncS_CWRU.v17.P_3d_r1_COMS58_k141_308315_3	K07921	0.419	0.6208	
2022_IncS_CWRU.v17.P_3d_r1_COMS58.sb.117_sub_2022_IncS_CWRU.v17.P_3d_r1_COMS58_k141_1138881_1	K14986	0.2528	0.9574	
2022_IncS_CWRU.v17.P_3d_r1_COMS58.sb.117_sub_2022_IncS_CWRU.v17.P_3d_r1_COMS58_k141_1138881_2	K07646	0.9974	0.9519	*
2022_IncS_CWRU.v17.P_3d_r1_COMS58.sb.117_sub_2022_IncS_CWRU.v17.P_3d_r1_COMS58_k141_1138881_3	K03017	0.8956	0.8547	*
2022_IncS_CWRU.v17.P_3d_r1_COMS58.sb.117_sub_2022_IncS_CWRU.v17.P_3d_r1_COMS58_k141_1138881_4	K05522	0.3919	0.8654	
2022_IncS_CWRU.v17.P_3d_r1_COMS58.sb.117_sub_2022_IncS_CWRU.v17.P_3d_r1_COMS58_k141_1138881_5	K01512	0.2485	0.9368	
2022_IncS_CWRU.v17.P_3d_r1_COMS58.sb.117_sub_2022_IncS_CWRU.v17.P_3d_r1_COMS58_k141_1138881_6	K06133	0.5169	0.8992	
2022_IncS_CWRU.v17.P_3d_r1_COMS58.sb.117_sub_2022_IncS_CWRU.v17.P_3d_r1_COMS58_k141_1138881_7	K15725	0.9279	0.7818	*
2022_IncS_CWRU.v17.P_3d_r1_COMS58.sb.117_sub_2022_IncS_CWRU.v17.P_3d_r1_COMS58_k141_1138881_8	K07798	0.8673	0.8604	*
2022_IncS_CWRU.v17.P_3d_r1_COMS58.sb.117_sub_2022_IncS_CWRU.v17.P_3d_r1_COMS58_k141_1138881_9	K07787	0.9492	0.8009	*
2022_IncS_CWRU.v17.P_3d_r1_COMS58.sb.117_sub_2022_IncS_CWRU.v17.P_3d_r1_COMS58_k141_1138881_10	K07636	0.9066	0.9476	
2022_IncS_CWRU.v17.P_3d_r1_COMS58.sb.117_sub_2022_IncS_CWRU.v17.P_3d_r1_COMS58_k141_1138881_11	K07657	0.4661	0.7642	
2022_IncS_CWRU.v17.P_3d_r1_COMS58.sb.117_sub_2022_IncS_CWRU.v17.P_3d_r1_COMS58_k141_1138881_12	K11089	0.554	0.9771	
2022_IncS_CWRU.v17.P_3d_r1_COMS58.sb.117_sub_2022_IncS_CWRU.v17.P_3d_r1_COMS58_k141_1138881_13	K02914	0.4038	0.9626	
2022_IncS_CWRU.v17.P_3d_r1_COMS58.sb.117_sub_2022_IncS_CWRU.v17.P_3d_r1_COMS58_k141_1138881_14	K07090	0.9408	0.9739	
2022_IncS_CWRU.v17.P_3d_r1_COMS58.sb.117_sub_2022_IncS_CWRU.v17.P_3d_r1_COMS58_k141_1138881_15	K01463	0.987	0.9678	*
2022_IncS_CWRU.v17.P_3d_r1_COMS58.sb.117_sub_2022_IncS_CWRU.v17.P_3d_r1_COMS58_k141_1138881_16	K05889	0.4352	0.8967	
2022_IncS_CWRU.v17.P_3d_r1_COMS58.sb.117_sub_2022_IncS_CWRU.v17.P_3d_r1_COMS58_k141_1138881_17	K24042	0.9997	0.6721	*
2022_IncS_CWRU.v17.P_3d_r1_COMS58.sb.117_sub_2022_IncS_CWRU.v17.P_3d_r1_COMS58_k141_1138881_18	K03602	0.9996	0.9616	*
2022_IncS_CWRU.v17.P_3d_r1_COMS58.sb.117_sub_2022_IncS_CWRU.v17.P_3d_r1_COMS58_k141_1138881_19	K07506	0.4882	0.9804	
2022_IncS_CWRU.v17.P_3d_r1_COMS58.sb.117_sub_2022_IncS_CWRU.v17.P_3d_r1_COMS58_k141_1138881_20	K07079	0.7537	0.8409	
2022_IncS_CWRU.v17.P_3d_r1_COMS58.sb.117_sub_2022_IncS_CWRU.v17.P_3d_r1_COMS58_k141_1138881_21	K02536	1.0	0.9873	*
2022_IncS_CWRU.v17.P_3d_r1_COMS58.sb.117_sub_2022_IncS_CWRU.v17.P_3d_r1_COMS58_k141_1138881_22	K02517	0.9809	0.8975	*
2022_IncS_CWRU.v17.P_3d_r1_COMS58.sb.117_sub_2022_IncS_CWRU.v17.P_3d_r1_COMS58_k141_1138881_23	K20523	0.9573	0.9531	*
2022_IncS_CWRU.v17.P_3d_r1_COMS58.sb.117_sub_2022_IncS_CWRU.v17.P_3d_r1_COMS58_k141_1138881_24	K03530	0.5127	0.828	
2022_IncS_CWRU.v17.P_3d_r1_COMS58.sb.117_sub_2022_IncS_CWRU.v17.P_3d_r1_COMS58_k141_1138881_25	K23518	0.3318	0.9607	
2022_IncS_CWRU.v17.P_3d_r1_COMS58.sb.117_sub_2022_IncS_CWRU.v17.P_3d_r1_COMS58_k141_1690613_1	K01895	0.9935	0.8024	*
2022_IncS_CWRU.v17.P_3d_r1_COMS58.sb.117_sub_2022_IncS_CWRU.v17.P_3d_r1_COMS58_k141_1690613_2	K02408	0.141	0.914	
2022_IncS_CWRU.v17.P_3d_r1_COMS58.sb.117_sub_2022_IncS_CWRU.v17.P_3d_r1_COMS58_k141_1690613_3	K09803	0.9976	0.9726	*
2022_IncS_CWRU.v17.P_3d_r1_COMS58.sb.117_sub_2022_IncS_CWRU.v17.P_3d_r1_COMS58_k141_1690613_4	K03785	0.7617	0.8062	
2022_IncS_CWRU.v17.P_3d_r1_COMS58.sb.117_sub_2022_IncS_CWRU.v17.P_3d_r1_COMS58_k141_1690613_5	K01784	0.9974	0.957	*
2022_IncS_CWRU.v17.P_3d_r1_COMS58.sb.117_sub_2022_IncS_CWRU.v17.P_3d_r1_COMS58_k141_1690613_6	K03832	0.9991	0.9754	*
2022_IncS_CWRU.v17.P_3d_r1_COMS58.sb.117_sub_2022_IncS_CWRU.v17.P_3d_r1_COMS58_k141_1690613_7	K00505	0.4691	0.8946	
2022_IncS_CWRU.v17.P_3d_r1_COMS58.sb.117_sub_2022_IncS_CWRU.v17.P_3d_r1_COMS58_k141_860109_1	K01992	0.1957	0.9181	
2022_IncS_CWRU.v17.P_3d_r1_COMS58.sb.117_sub_2022_IncS_CWRU.v17.P_3d_r1_COMS58_k141_860109_2	K02275	0.4112	0.9697	
2022_IncS_CWRU.v17.P_3d_r1_COMS58.sb.117_sub_2022_IncS_CWRU.v17.P_3d_r1_COMS58_k141_860109_3	K02881	0.1905	0.8096	
2022_IncS_CWRU.v17.P_3d_r1_COMS58.sb.117_sub_2022_IncS_CWRU.v17.P_3d_r1_COMS58_k141_860109_4	K00344	0.9997	0.9955	*
2022_IncS_CWRU.v17.P_3d_r1_COMS58.sb.117_sub_2022_IncS_CWRU.v17.P_3d_r1_COMS58_k141_860109_5	K01620	0.9909	0.8083	*
2022_IncS_CWRU.v17.P_3d_r1_COMS58.sb.117_sub_2022_IncS_CWRU.v17.P_3d_r1_COMS58_k141_860109_6	K13669	0.4984	0.9488	
2022_IncS_CWRU.v17.P_3d_r1_COMS58.sb.117_sub_2022_IncS_CWRU.v17.P_3d_r1_COMS58_k141_860109_7	K16713	0.4972	0.9995	
2022_IncS_CWRU.v17.P_3d_r1_COMS58.sb.117_sub_2022_IncS_CWRU.v17.P_3d_r1_COMS58_k141_860109_8	K20542	0.6789	0.918	
2022_IncS_CWRU.v17.P_3d_r1_COMS58.sb.117_sub_2022_IncS_CWRU.v17.P_3d_r1_COMS58_k141_860109_9	K06867	0.5162	0.9848	
2022_IncS_CWRU.v17.P_3d_r1_COMS58.sb.117_sub_2022_IncS_CWRU.v17.P_3d_r1_COMS58_k141_860109_10	K23886	0.997	0.9628	*
2022_IncS_CWRU.v17.P_3d_r1_COMS58.sb.117_sub_2022_IncS_CWRU.v17.P_3d_r1_COMS58_k141_860109_11	K03701	1.0	0.9995	*
2022_IncS_CWRU.v17.P_3d_r1_COMS58.sb.117_sub_2022_IncS_CWRU.v17.P_3d_r1_COMS58_k141_860109_12	K07052	0.9917	0.9347	*
2022_IncS_CWRU.v17.P_3d_r1_COMS58.sb.117_sub_2022_IncS_CWRU.v17.P_3d_r1_COMS58_k141_860109_13	K03703	0.9687	0.8811	*
2022_IncS_CWRU.v17.P_3d_r1_COMS58.sb.117_sub_2022_IncS_CWRU.v17.P_3d_r1_COMS58_k141_860109_14	K13687	0.9718	0.9909	
2022_IncS_CWRU.v17.P_3d_r1_COMS58.sb.117_sub_2022_IncS_CWRU.v17.P_3d_r1_COMS58_k141_860109_15	K06218	0.9214	0.9677	
2022_IncS_CWRU.v17.P_3d_r1_COMS58.sb.117_sub_2022_IncS_CWRU.v17.P_3d_r1_COMS58_k141_860109_16	K23775	0.4913	0.9729	
2022_IncS_CWRU.v17.P_3d_r1_COMS58.sb.117_sub_2022_IncS_CWRU.v17.P_3d_r1_COMS58_k141_860109_17	K07025	0.7925	0.8331	
2022_IncS_CWRU.v17.P_3d_r1_COMS58.sb.117_sub_2022_IncS_CWRU.v17.P_3d_r1_COMS58_k141_860109_18	K01628	0.9998	0.8578	*
2022_IncS_CWRU.v17.P_3d_r1_COMS58.sb.117_sub_2022_IncS_CWRU.v17.P_3d_r1_COMS58_k141_860109_19	K02013	0.9959	0.7641	*
2022_IncS_CWRU.v17.P_3d_r1_COMS58.sb.117_sub_2022_IncS_CWRU.v17.P_3d_r1_COMS58_k141_860109_20	K07062	0.9744	0.9038	*
2022_IncS_CWRU.v17.P_3d_r1_COMS58.sb.117_sub_2022_IncS_CWRU.v17.P_3d_r1_COMS58_k141_860109_21	K21495	0.9986	0.8969	*
2022_IncS_CWRU.v17.P_3d_r1_COMS58.sb.117_sub_2022_IncS_CWRU.v17.P_3d_r1_COMS58_k141_860109_22	K01886	1.0	0.7842	*
2022_IncS_CWRU.v17.P_3d_r1_COMS58.sb.117_sub_2022_IncS_CWRU.v17.P_3d_r1_COMS58_k141_860109_23	K01885	0.9567	0.8136	*
2022_IncS_CWRU.v17.P_3d_r1_COMS58.sb.117_sub_2022_IncS_CWRU.v17.P_3d_r1_COMS58_k141_860512_1	K03741	0.2313	0.9253	
2022_IncS_CWRU.v17.P_3d_r1_COMS58.sb.117_sub_2022_IncS_CWRU.v17.P_3d_r1_COMS58_k141_860512_2	K18828	0.3868	0.8898	
2022_IncS_CWRU.v17.P_3d_r1_COMS58.sb.117_sub_2022_IncS_CWRU.v17.P_3d_r1_COMS58_k141_860512_3	K10914	0.2302	0.88	
2022_IncS_CWRU.v17.P_3d_r1_COMS58.sb.117_sub_2022_IncS_CWRU.v17.P_3d_r1_COMS58_k141_860512_4	K00986	0.9998	0.944	*
2022_IncS_CWRU.v17.P_3d_r1_COMS58.sb.117_sub_2022_IncS_CWRU.v17.P_3d_r1_COMS58_k141_860512_5	K03182	0.9996	0.8985	*
2022_IncS_CWRU.v17.P_3d_r1_COMS58.sb.117_sub_2022_IncS_CWRU.v17.P_3d_r1_COMS58_k141_860512_6	K03088	0.2854	0.9501	
2022_IncS_CWRU.v17.P_3d_r1_COMS58.sb.117_sub_2022_IncS_CWRU.v17.P_3d_r1_COMS58_k141_860512_7	K00721	0.1809	0.9904	
2022_IncS_CWRU.v17.P_3d_r1_COMS58.sb.117_sub_2022_IncS_CWRU.v17.P_3d_r1_COMS58_k141_860512_8	K21929	0.1962	0.959	
2022_IncS_CWRU.v17.P_3d_r1_COMS58.sb.117_sub_2022_IncS_CWRU.v17.P_3d_r1_COMS58_k141_860512_9	K07483	0.3936	0.9439	
2022_IncS_CWRU.v17.P_3d_r1_COMS58.sb.117_sub_2022_IncS_CWRU.v17.P_3d_r1_COMS58_k141_860512_10	K03589	0.9805	0.8787	*
2022_IncS_CWRU.v17.P_3d_r1_COMS58.sb.117_sub_2022_IncS_CWRU.v17.P_3d_r1_COMS58_k141_860512_11	K03590	0.9964	0.8552	*
2022_IncS_CWRU.v17.P_3d_r1_COMS58.sb.117_sub_2022_IncS_CWRU.v17.P_3d_r1_COMS58_k141_860512_12	K03531	0.9992	0.8896	*
2022_IncS_CWRU.v17.P_3d_r1_COMS58.sb.117_sub_2022_IncS_CWRU.v17.P_3d_r1_COMS58_k141_860512_13	K05364	0.8202	0.8586	
2022_IncS_CWRU.v17.P_3d_r1_COMS58.sb.117_sub_2022_IncS_CWRU.v17.P_3d_r1_COMS58_k141_860512_14	K04771	0.6735	0.941	
2022_IncS_CWRU.v17.P_3d_r1_COMS58.sb.117_sub_2022_IncS_CWRU.v17.P_3d_r1_COMS58_k141_860512_15	K01662	0.9993	0.9041	*
2022_IncS_CWRU.v17.P_3d_r1_COMS58.sb.117_sub_2022_IncS_CWRU.v17.P_3d_r1_COMS58_k141_860512_16	K08738	0.6664	0.9655	
2022_IncS_CWRU.v17.P_3d_r1_COMS58.sb.117_sub_2022_IncS_CWRU.v17.P_3d_r1_COMS58_k141_860512_17	K01924	0.9997	0.8035	*
2022_IncS_CWRU.v17.P_3d_r1_COMS58.sb.117_sub_2022_IncS_CWRU.v17.P_3d_r1_COMS58_k141_860512_18	K22642	0.3964	0.9767	
2022_IncS_CWRU.v17.P_3d_r1_COMS58.sb.117_sub_2022_IncS_CWRU.v17.P_3d_r1_COMS58_k141_1415443_1	K01950	0.9981	0.8853	*
2022_IncS_CWRU.v17.P_3d_r1_COMS58.sb.117_sub_2022_IncS_CWRU.v17.P_3d_r1_COMS58_k141_1415443_2	K03805	0.4436	0.912	
2022_IncS_CWRU.v17.P_3d_r1_COMS58.sb.117_sub_2022_IncS_CWRU.v17.P_3d_r1_COMS58_k141_1415443_3	K03407	0.3645	0.9458	
2022_IncS_CWRU.v17.P_3d_r1_COMS58.sb.117_sub_2022_IncS_CWRU.v17.P_3d_r1_COMS58_k141_1415443_4	K07497	0.643	0.9505	
2022_IncS_CWRU.v17.P_3d_r1_COMS58.sb.117_sub_2022_IncS_CWRU.v17.P_3d_r1_COMS58_k141_1415443_5	K03558	0.9999	0.9759	*
2022_IncS_CWRU.v17.P_3d_r1_COMS58.sb.117_sub_2022_IncS_CWRU.v17.P_3d_r1_COMS58_k141_1691262_1	K08278	0.2971	0.9828	
2022_IncS_CWRU.v17.P_3d_r1_COMS58.sb.117_sub_2022_IncS_CWRU.v17.P_3d_r1_COMS58_k141_1691262_2	K27888	0.0886	0.9547	
2022_IncS_CWRU.v17.P_3d_r1_COMS58.sb.117_sub_2022_IncS_CWRU.v17.P_3d_r1_COMS58_k141_1691262_3	K00730	0.6142	0.9656	
2022_IncS_CWRU.v17.P_3d_r1_COMS58.sb.117_sub_2022_IncS_CWRU.v17.P_3d_r1_COMS58_k141_1691262_4	K07114	0.4684	0.9793	
2022_IncS_CWRU.v17.P_3d_r1_COMS58.sb.117_sub_2022_IncS_CWRU.v17.P_3d_r1_COMS58_k141_1691262_5	K26384	0.3099	0.9553	
2022_IncS_CWRU.v17.P_3d_r1_COMS58.sb.117_sub_2022_IncS_CWRU.v17.P_3d_r1_COMS58_k141_1691262_6	K02398	0.9473	0.9519	
2022_IncS_CWRU.v17.P_3d_r1_COMS58.sb.117_sub_2022_IncS_CWRU.v17.P_3d_r1_COMS58_k141_860907_1	K03088	0.9998	0.9501	*
2022_IncS_CWRU.v17.P_3d_r1_COMS58.sb.117_sub_2022_IncS_CWRU.v17.P_3d_r1_COMS58_k141_860907_2	K03597	0.8154	0.993	
2022_IncS_CWRU.v17.P_3d_r1_COMS58.sb.117_sub_2022_IncS_CWRU.v17.P_3d_r1_COMS58_k141_860907_3	K08972	1.0	0.9682	*
2022_IncS_CWRU.v17.P_3d_r1_COMS58.sb.117_sub_2022_IncS_CWRU.v17.P_3d_r1_COMS58_k141_860907_4	K03298	0.7637	0.9925	
2022_IncS_CWRU.v17.P_3d_r1_COMS58.sb.117_sub_2022_IncS_CWRU.v17.P_3d_r1_COMS58_k141_860907_5	K15372	0.5411	0.8556	
2022_IncS_CWRU.v17.P_3d_r1_COMS58.sb.117_sub_2022_IncS_CWRU.v17.P_3d_r1_COMS58_k141_587784_1	K11893	0.5645	0.8171	
2022_IncS_CWRU.v17.P_3d_r1_COMS58.sb.117_sub_2022_IncS_CWRU.v17.P_3d_r1_COMS58_k141_587784_2	K20532	0.178	0.8615	
2022_IncS_CWRU.v17.P_3d_r1_COMS58.sb.117_sub_2022_IncS_CWRU.v17.P_3d_r1_COMS58_k141_587784_3	K07462	0.9999	0.8241	*
2022_IncS_CWRU.v17.P_3d_r1_COMS58.sb.117_sub_2022_IncS_CWRU.v17.P_3d_r1_COMS58_k141_587784_4	K21893	0.827	0.8769	
2022_IncS_CWRU.v17.P_3d_r1_COMS58.sb.117_sub_2022_IncS_CWRU.v17.P_3d_r1_COMS58_k141_587784_5	K12260	0.2451	0.8909	
2022_IncS_CWRU.v17.P_3d_r1_COMS58.sb.117_sub_2022_IncS_CWRU.v17.P_3d_r1_COMS58_k141_587784_6	K04516	0.6493	0.8084	
2022_IncS_CWRU.v17.P_3d_r1_COMS58.sb.117_sub_2022_IncS_CWRU.v17.P_3d_r1_COMS58_k141_1967123_1	K03704	0.5233	0.9704	
2022_IncS_CWRU.v17.P_3d_r1_COMS58.sb.117_sub_2022_IncS_CWRU.v17.P_3d_r1_COMS58_k141_1967123_2	K02996	0.9136	0.8236	*
2022_IncS_CWRU.v17.P_3d_r1_COMS58.sb.117_sub_2022_IncS_CWRU.v17.P_3d_r1_COMS58_k141_1967123_3	K02871	0.9999	0.8658	*
2022_IncS_CWRU.v17.P_3d_r1_COMS58.sb.117_sub_2022_IncS_CWRU.v17.P_3d_r1_COMS58_k141_1967123_4	K04487	0.998	0.8827	*
2022_IncS_CWRU.v17.P_3d_r1_COMS58.sb.117_sub_2022_IncS_CWRU.v17.P_3d_r1_COMS58_k141_1967123_5	K00247	0.186	0.8757	
2022_IncS_CWRU.v17.P_3d_r1_COMS58.sb.117_sub_2022_IncS_CWRU.v17.P_3d_r1_COMS58_k141_1967123_6	K09940	0.2772	0.9921	
2022_IncS_CWRU.v17.P_3d_r1_COMS58.sb.117_sub_2022_IncS_CWRU.v17.P_3d_r1_COMS58_k141_1967123_7	K02014	0.9906	0.9106	*
2022_IncS_CWRU.v17.P_3d_r1_COMS58.sb.117_sub_2022_IncS_CWRU.v17.P_3d_r1_COMS58_k141_1967123_8	K07346	0.9663	0.9137	*
2022_IncS_CWRU.v17.P_3d_r1_COMS58.sb.117_sub_2022_IncS_CWRU.v17.P_3d_r1_COMS58_k141_1967123_9	K11473	0.9991	0.91	*
2022_IncS_CWRU.v17.P_3d_r1_COMS58.sb.117_sub_2022_IncS_CWRU.v17.P_3d_r1_COMS58_k141_315207_1	K21495	0.1089	0.8969	
2022_IncS_CWRU.v17.P_3d_r1_COMS58.sb.117_sub_2022_IncS_CWRU.v17.P_3d_r1_COMS58_k141_315207_2	K21498	0.9858	0.9324	*
2022_IncS_CWRU.v17.P_3d_r1_COMS58.sb.117_sub_2022_IncS_CWRU.v17.P_3d_r1_COMS58_k141_315207_3	K07334	0.9989	0.9204	*
2022_IncS_CWRU.v17.P_3d_r1_COMS58.sb.117_sub_2022_IncS_CWRU.v17.P_3d_r1_COMS58_k141_315207_4	K01301	0.9933	0.7412	*
2022_IncS_CWRU.v17.P_3d_r1_COMS58.sb.117_sub_2022_IncS_CWRU.v17.P_3d_r1_COMS58_k141_315207_5	K03282	0.9971	0.9582	*
2022_IncS_CWRU.v17.P_3d_r1_COMS58.sb.117_sub_2022_IncS_CWRU.v17.P_3d_r1_COMS58_k141_315207_6	K02342	0.1156	0.899	
2022_IncS_CWRU.v17.P_3d_r1_COMS58.sb.117_sub_2022_IncS_CWRU.v17.P_3d_r1_COMS58_k141_315207_7	K29019	0.1767	0.9771	
2022_IncS_CWRU.v17.P_3d_r1_COMS58.sb.117_sub_2022_IncS_CWRU.v17.P_3d_r1_COMS58_k141_315207_8	K12513	0.7526	0.9805	
2022_IncS_CWRU.v17.P_3d_r1_COMS58.sb.117_sub_2022_IncS_CWRU.v17.P_3d_r1_COMS58_k141_39157_1	K00033	0.3952	0.9373	
2022_IncS_CWRU.v17.P_3d_r1_COMS58.sb.117_sub_2022_IncS_CWRU.v17.P_3d_r1_COMS58_k141_39157_2	K06201	0.9999	0.7988	*
2022_IncS_CWRU.v17.P_3d_r1_COMS58.sb.117_sub_2022_IncS_CWRU.v17.P_3d_r1_COMS58_k141_39157_3	K01443	0.9988	0.8554	*
2022_IncS_CWRU.v17.P_3d_r1_COMS58.sb.117_sub_2022_IncS_CWRU.v17.P_3d_r1_COMS58_k141_39157_4	K12373	0.9436	0.9355	*
2022_IncS_CWRU.v17.P_3d_r1_COMS58.sb.117_sub_2022_IncS_CWRU.v17.P_3d_r1_COMS58_k141_39157_5	K06609	0.6006	0.9239	
2022_IncS_CWRU.v17.P_3d_r1_COMS58.sb.117_sub_2022_IncS_CWRU.v17.P_3d_r1_COMS58_k141_39157_6	K12687	0.4579	0.9739	
2022_IncS_CWRU.v17.P_3d_r1_COMS58.sb.117_sub_2022_IncS_CWRU.v17.P_3d_r1_COMS58_k141_39157_7	K07114	0.8434	0.9793	
2022_IncS_CWRU.v17.P_3d_r1_COMS58.sb.117_sub_2022_IncS_CWRU.v17.P_3d_r1_COMS58_k141_39157_8	K08309	0.9873	0.9688	*
2022_IncS_CWRU.v17.P_3d_r1_COMS58.sb.117_sub_2022_IncS_CWRU.v17.P_3d_r1_COMS58_k141_316196_1	K02128	0.3595	0.9497	
2022_IncS_CWRU.v17.P_3d_r1_COMS58.sb.117_sub_2022_IncS_CWRU.v17.P_3d_r1_COMS58_k141_316196_2	K07259	0.9995	0.8275	*
2022_IncS_CWRU.v17.P_3d_r1_COMS58.sb.117_sub_2022_IncS_CWRU.v17.P_3d_r1_COMS58_k141_316196_3	K02078	0.7694	0.9563	
2022_IncS_CWRU.v17.P_3d_r1_COMS58.sb.117_sub_2022_IncS_CWRU.v17.P_3d_r1_COMS58_k141_316196_4	K00796	0.9987	0.9163	*
2022_IncS_CWRU.v17.P_3d_r1_COMS58.sb.117_sub_2022_IncS_CWRU.v17.P_3d_r1_COMS58_k141_866242_1	K00764	0.261	0.8803	
2022_IncS_CWRU.v17.P_3d_r1_COMS58.sb.117_sub_2022_IncS_CWRU.v17.P_3d_r1_COMS58_k141_866242_2	K14475	0.3502	0.9747	
2022_IncS_CWRU.v17.P_3d_r1_COMS58.sb.117_sub_2022_IncS_CWRU.v17.P_3d_r1_COMS58_k141_866242_3	K01173	0.541	0.9446	
2022_IncS_CWRU.v17.P_3d_r1_COMS58.sb.117_sub_2022_IncS_CWRU.v17.P_3d_r1_COMS58_k141_866242_4	K03642	0.7366	0.9421	
2022_IncS_CWRU.v17.P_3d_r1_COMS58.sb.117_sub_2022_IncS_CWRU.v17.P_3d_r1_COMS58_k141_866242_5	K03745	0.6241	0.9448	
2022_IncS_CWRU.v17.P_3d_r1_COMS58.sb.117_sub_2022_IncS_CWRU.v17.P_3d_r1_COMS58_k141_866242_6	K00412	0.2276	0.9195	
2022_IncS_CWRU.v17.P_3d_r1_COMS58.sb.117_sub_2022_IncS_CWRU.v17.P_3d_r1_COMS58_k141_866242_7	K18740	0.1514	0.8389	
2022_IncS_CWRU.v17.P_3d_r1_COMS58.sb.117_sub_2022_IncS_CWRU.v17.P_3d_r1_COMS58_k141_866242_8	K04517	0.8027	0.8984	
2022_IncS_CWRU.v17.P_3d_r1_COMS58.sb.117_sub_2022_IncS_CWRU.v17.P_3d_r1_COMS58_k141_866242_9	K06937	0.8805	0.907	
2022_IncS_CWRU.v17.P_3d_r1_COMS58.sb.117_sub_2022_IncS_CWRU.v17.P_3d_r1_COMS58_k141_866242_10	K06079	0.5558	0.9941	
2022_IncS_CWRU.v17.P_3d_r1_COMS58.sb.117_sub_2022_IncS_CWRU.v17.P_3d_r1_COMS58_k141_866242_11	K07045	0.1542	0.9374	
2022_IncS_CWRU.v17.P_3d_r1_COMS58.sb.117_sub_2022_IncS_CWRU.v17.P_3d_r1_COMS58_k141_866242_12	K01684	0.3177	0.9001	
2022_IncS_CWRU.v17.P_3d_r1_COMS58.sb.117_sub_2022_IncS_CWRU.v17.P_3d_r1_COMS58_k141_866242_13	K04065	0.4198	0.9844	
2022_IncS_CWRU.v17.P_3d_r1_COMS58.sb.117_sub_2022_IncS_CWRU.v17.P_3d_r1_COMS58_k141_866242_14	K02573	0.5745	0.8957	
2022_IncS_CWRU.v17.P_3d_r1_COMS58.sb.117_sub_2022_IncS_CWRU.v17.P_3d_r1_COMS58_k141_866242_15	K06898	0.9999	0.6659	*
2022_IncS_CWRU.v17.P_3d_r1_COMS58.sb.117_sub_2022_IncS_CWRU.v17.P_3d_r1_COMS58_k141_866242_16	K09712	0.6362	0.9926	
2022_IncS_CWRU.v17.P_3d_r1_COMS58.sb.117_sub_2022_IncS_CWRU.v17.P_3d_r1_COMS58_k141_866242_17	K09121	1.0	0.7787	*
2022_IncS_CWRU.v17.P_3d_r1_COMS58.sb.117_sub_2022_IncS_CWRU.v17.P_3d_r1_COMS58_k141_866242_18	K06864	0.9997	0.8229	*
2022_IncS_CWRU.v17.P_3d_r1_COMS58.sb.117_sub_2022_IncS_CWRU.v17.P_3d_r1_COMS58_k141_866242_19	K02081	0.9345	0.89	*
2022_IncS_CWRU.v17.P_3d_r1_COMS58.sb.117_sub_2022_IncS_CWRU.v17.P_3d_r1_COMS58_k141_591678_1	K01489	0.2376	0.8883	
2022_IncS_CWRU.v17.P_3d_r1_COMS58.sb.117_sub_2022_IncS_CWRU.v17.P_3d_r1_COMS58_k141_591678_2	K07003	0.9986	0.9496	*
2022_IncS_CWRU.v17.P_3d_r1_COMS58.sb.117_sub_2022_IncS_CWRU.v17.P_3d_r1_COMS58_k141_591678_3	K00564	0.5986	0.8802	
2022_IncS_CWRU.v17.P_3d_r1_COMS58.sb.117_sub_2022_IncS_CWRU.v17.P_3d_r1_COMS58_k141_1146832_1	K00010	0.125	0.9901	
2022_IncS_CWRU.v17.P_3d_r1_COMS58.sb.117_sub_2022_IncS_CWRU.v17.P_3d_r1_COMS58_k141_1146832_2	K03689	0.38	0.9366	
2022_IncS_CWRU.v17.P_3d_r1_COMS58.sb.117_sub_2022_IncS_CWRU.v17.P_3d_r1_COMS58_k141_1146832_3	K20265	0.3274	0.9665	
2022_IncS_CWRU.v17.P_3d_r1_COMS58.sb.117_sub_2022_IncS_CWRU.v17.P_3d_r1_COMS58_k141_1146832_4	K02529	0.725	0.7283	
2022_IncS_CWRU.v17.P_3d_r1_COMS58.sb.117_sub_2022_IncS_CWRU.v17.P_3d_r1_COMS58_k141_1146832_5	K22044	0.2923	0.9518	
2022_IncS_CWRU.v17.P_3d_r1_COMS58.sb.117_sub_2022_IncS_CWRU.v17.P_3d_r1_COMS58_k141_1146832_6	K02389	0.3631	0.9337	
2022_IncS_CWRU.v17.P_3d_r1_COMS58.sb.117_sub_2022_IncS_CWRU.v17.P_3d_r1_COMS58_k141_1146832_7	K05810	0.9967	0.7943	*
2022_IncS_CWRU.v17.P_3d_r1_COMS58.sb.117_sub_2022_IncS_CWRU.v17.P_3d_r1_COMS58_k141_1146832_8	K07483	0.1442	0.9439	
2022_IncS_CWRU.v17.P_3d_r1_COMS58.sb.117_sub_2022_IncS_CWRU.v17.P_3d_r1_COMS58_k141_1698565_1	K07733	0.1579	0.9689	
2022_IncS_CWRU.v17.P_3d_r1_COMS58.sb.117_sub_2022_IncS_CWRU.v17.P_3d_r1_COMS58_k141_1698565_2	K07075	0.8746	0.9688	
2022_IncS_CWRU.v17.P_3d_r1_COMS58.sb.117_sub_2022_IncS_CWRU.v17.P_3d_r1_COMS58_k141_1698565_3	K03743	0.2666	0.9544	
2022_IncS_CWRU.v17.P_3d_r1_COMS58.sb.117_sub_2022_IncS_CWRU.v17.P_3d_r1_COMS58_k141_1698565_4	K07154	0.3338	0.8511	
2022_IncS_CWRU.v17.P_3d_r1_COMS58.sb.117_sub_2022_IncS_CWRU.v17.P_3d_r1_COMS58_k141_1698565_5	K06351	0.6034	0.8968	
2022_IncS_CWRU.v17.P_3d_r1_COMS58.sb.117_sub_2022_IncS_CWRU.v17.P_3d_r1_COMS58_k141_1698565_6	K09117	0.2256	0.9645	
2022_IncS_CWRU.v17.P_3d_r1_COMS58.sb.117_sub_2022_IncS_CWRU.v17.P_3d_r1_COMS58_k141_1698565_7	K02342	0.3034	0.899	
2022_IncS_CWRU.v17.P_3d_r1_COMS58.sb.117_sub_2022_IncS_CWRU.v17.P_3d_r1_COMS58_k141_1698565_8	K09961	0.3913	0.941	
2022_IncS_CWRU.v17.P_3d_r1_COMS58.sb.117_sub_2022_IncS_CWRU.v17.P_3d_r1_COMS58_k141_1698565_9	K03710	0.2426	0.7074	
2022_IncS_CWRU.v17.P_3d_r1_COMS58.sb.117_sub_2022_IncS_CWRU.v17.P_3d_r1_COMS58_k141_1698565_10	K02616	0.5394	0.9183	
2022_IncS_CWRU.v17.P_3d_r1_COMS58.sb.117_sub_2022_IncS_CWRU.v17.P_3d_r1_COMS58_k141_1698565_11	K07316	0.3431	0.908	
2022_IncS_CWRU.v17.P_3d_r1_COMS58.sb.117_sub_2022_IncS_CWRU.v17.P_3d_r1_COMS58_k141_1698565_12	K07345	0.9302	0.9603	
2022_IncS_CWRU.v17.P_3d_r1_COMS58.sb.117_sub_2022_IncS_CWRU.v17.P_3d_r1_COMS58_k141_869581_1	K02417	0.1271	0.8528	
2022_IncS_CWRU.v17.P_3d_r1_COMS58.sb.117_sub_2022_IncS_CWRU.v17.P_3d_r1_COMS58_k141_869581_2	K22558	0.2183	0.6111	
2022_IncS_CWRU.v17.P_3d_r1_COMS58.sb.117_sub_2022_IncS_CWRU.v17.P_3d_r1_COMS58_k141_869581_3	K05808	0.3489	0.9392	
2022_IncS_CWRU.v17.P_3d_r1_COMS58.sb.117_sub_2022_IncS_CWRU.v17.P_3d_r1_COMS58_k141_869581_4	K02760	0.2017	0.9262	
2022_IncS_CWRU.v17.P_3d_r1_COMS58.sb.117_sub_2022_IncS_CWRU.v17.P_3d_r1_COMS58_k141_869581_5	K06412	0.9222	0.9188	*
2022_IncS_CWRU.v17.P_3d_r1_COMS58.sb.117_sub_2022_IncS_CWRU.v17.P_3d_r1_COMS58_k141_869581_6	K11936	0.9784	0.9892	
2022_IncS_CWRU.v17.P_3d_r1_COMS58.sb.117_sub_2022_IncS_CWRU.v17.P_3d_r1_COMS58_k141_320304_1	K07810	0.6788	0.9896	
2022_IncS_CWRU.v17.P_3d_r1_COMS58.sb.117_sub_2022_IncS_CWRU.v17.P_3d_r1_COMS58_k141_320304_2	K18831	0.9999	0.9354	*
2022_IncS_CWRU.v17.P_3d_r1_COMS58.sb.117_sub_2022_IncS_CWRU.v17.P_3d_r1_COMS58_k141_320304_3	K19166	0.9992	0.9163	*
2022_IncS_CWRU.v17.P_3d_r1_COMS58.sb.117_sub_2022_IncS_CWRU.v17.P_3d_r1_COMS58_k141_320304_4	K24963	0.5116	0.8424	
2022_IncS_CWRU.v17.P_3d_r1_COMS58.sb.117_sub_2022_IncS_CWRU.v17.P_3d_r1_COMS58_k141_320304_5	K01639	0.0885	0.6399	
2022_IncS_CWRU.v17.P_3d_r1_COMS58.sb.117_sub_2022_IncS_CWRU.v17.P_3d_r1_COMS58_k141_44781_1	K00788	0.5584	0.7403	
2022_IncS_CWRU.v17.P_3d_r1_COMS58.sb.117_sub_2022_IncS_CWRU.v17.P_3d_r1_COMS58_k141_44781_2	K01507	0.3897	0.9108	
2022_IncS_CWRU.v17.P_3d_r1_COMS58.sb.117_sub_2022_IncS_CWRU.v17.P_3d_r1_COMS58_k141_44781_3	K01372	0.3123	0.8694	
2022_IncS_CWRU.v17.P_3d_r1_COMS58.sb.117_sub_2022_IncS_CWRU.v17.P_3d_r1_COMS58_k141_44781_4	K01046	0.4103	0.9817	
2022_IncS_CWRU.v17.P_3d_r1_COMS58.sb.117_sub_2022_IncS_CWRU.v17.P_3d_r1_COMS58_k141_44781_5	K02556	0.5824	0.9036	
2022_IncS_CWRU.v17.P_3d_r1_COMS58.sb.117_sub_2022_IncS_CWRU.v17.P_3d_r1_COMS58_k141_44781_6	K01961	0.97	0.8332	*
2022_IncS_CWRU.v17.P_3d_r1_COMS58.sb.117_sub_2022_IncS_CWRU.v17.P_3d_r1_COMS58_k141_1149798_1	K28046	0.3543	0.7221	
2022_IncS_CWRU.v17.P_3d_r1_COMS58.sb.117_sub_2022_IncS_CWRU.v17.P_3d_r1_COMS58_k141_1149798_2	K18828	0.8713	0.8898	
2022_IncS_CWRU.v17.P_3d_r1_COMS58.sb.117_sub_2022_IncS_CWRU.v17.P_3d_r1_COMS58_k141_1149798_3	K28280	0.9579	0.9348	*
2022_IncS_CWRU.v17.P_3d_r1_COMS58.sb.117_sub_2022_IncS_CWRU.v17.P_3d_r1_COMS58_k141_1149798_4	K03644	0.9998	0.9932	*
2022_IncS_CWRU.v17.P_3d_r1_COMS58.sb.117_sub_2022_IncS_CWRU.v17.P_3d_r1_COMS58_k141_1149798_5	K07063	0.9997	0.9354	*
2022_IncS_CWRU.v17.P_3d_r1_COMS58.sb.117_sub_2022_IncS_CWRU.v17.P_3d_r1_COMS58_k141_1149798_6	K07746	0.2397	0.9777	
2022_IncS_CWRU.v17.P_3d_r1_COMS58.sb.117_sub_2022_IncS_CWRU.v17.P_3d_r1_COMS58_k141_1149798_7	K02838	0.9999	0.8138	*
2022_IncS_CWRU.v17.P_3d_r1_COMS58.sb.117_sub_2022_IncS_CWRU.v17.P_3d_r1_COMS58_k141_1149798_8	K00605	0.9994	0.8482	*
2022_IncS_CWRU.v17.P_3d_r1_COMS58.sb.117_sub_2022_IncS_CWRU.v17.P_3d_r1_COMS58_k141_1149798_9	K07746	0.4479	0.9777	
2022_IncS_CWRU.v17.P_3d_r1_COMS58.sb.117_sub_2022_IncS_CWRU.v17.P_3d_r1_COMS58_k141_1149798_10	K19092	0.9828	0.9649	*
2022_IncS_CWRU.v17.P_3d_r1_COMS58.sb.117_sub_2022_IncS_CWRU.v17.P_3d_r1_COMS58_k141_1149798_11	K20461	0.3677	0.8262	
2022_IncS_CWRU.v17.P_3d_r1_COMS58.sb.117_sub_2022_IncS_CWRU.v17.P_3d_r1_COMS58_k141_1149798_12	K02435	0.3914	0.9041	
2022_IncS_CWRU.v17.P_3d_r1_COMS58.sb.117_sub_2022_IncS_CWRU.v17.P_3d_r1_COMS58_k141_1149798_13	K00992	0.8517	0.8158	*
2022_IncS_CWRU.v17.P_3d_r1_COMS58.sb.117_sub_2022_IncS_CWRU.v17.P_3d_r1_COMS58_k141_1149798_14	K06958	0.6155	0.9707	
2022_IncS_CWRU.v17.P_3d_r1_COMS58.sb.117_sub_2022_IncS_CWRU.v17.P_3d_r1_COMS58_k141_871081_1	K07497	0.1859	0.9505	
2022_IncS_CWRU.v17.P_3d_r1_COMS58.sb.117_sub_2022_IncS_CWRU.v17.P_3d_r1_COMS58_k141_871081_2	K04758	0.7559	0.9092	
2022_IncS_CWRU.v17.P_3d_r1_COMS58.sb.117_sub_2022_IncS_CWRU.v17.P_3d_r1_COMS58_k141_871081_3	K24866	0.4932	0.7642	
2022_IncS_CWRU.v17.P_3d_r1_COMS58.sb.117_sub_2022_IncS_CWRU.v17.P_3d_r1_COMS58_k141_871081_4	K28162	0.5057	0.9304	
2022_IncS_CWRU.v17.P_3d_r1_COMS58.sb.117_sub_2022_IncS_CWRU.v17.P_3d_r1_COMS58_k141_871081_5	K01046	0.7042	0.9817	
2022_IncS_CWRU.v17.P_3d_r1_COMS58.sb.117_sub_2022_IncS_CWRU.v17.P_3d_r1_COMS58_k141_871081_6	K01256	0.8697	0.9485	
2022_IncS_CWRU.v17.P_3d_r1_COMS58.sb.117_sub_2022_IncS_CWRU.v17.P_3d_r1_COMS58_k141_871081_7	K03772	0.8407	0.7769	*
2022_IncS_CWRU.v17.P_3d_r1_COMS58.sb.117_sub_2022_IncS_CWRU.v17.P_3d_r1_COMS58_k141_871081_8	K08178	0.6076	0.8475	
2022_IncS_CWRU.v17.P_3d_r1_COMS58.sb.117_sub_2022_IncS_CWRU.v17.P_3d_r1_COMS58_k141_871081_9	K20542	0.2281	0.918	
2022_IncS_CWRU.v17.P_3d_r1_COMS58.sb.117_sub_2022_IncS_CWRU.v17.P_3d_r1_COMS58_k141_871081_10	K01462	0.6782	0.9185	
2022_IncS_CWRU.v17.P_3d_r1_COMS58.sb.117_sub_2022_IncS_CWRU.v17.P_3d_r1_COMS58_k141_871081_11	K01197	0.6219	0.9279	
2022_IncS_CWRU.v17.P_3d_r1_COMS58.sb.117_sub_2022_IncS_CWRU.v17.P_3d_r1_COMS58_k141_871081_12	K07171	0.9972	0.903	*
2022_IncS_CWRU.v17.P_3d_r1_COMS58.sb.117_sub_2022_IncS_CWRU.v17.P_3d_r1_COMS58_k141_871081_13	K21495	0.5451	0.8969	
2022_IncS_CWRU.v17.P_3d_r1_COMS58.sb.117_sub_2022_IncS_CWRU.v17.P_3d_r1_COMS58_k141_871081_14	K00625	0.9936	0.8179	*
2022_IncS_CWRU.v17.P_3d_r1_COMS58.sb.117_sub_2022_IncS_CWRU.v17.P_3d_r1_COMS58_k141_871081_15	K21084	0.9138	0.9956	
2022_IncS_CWRU.v17.P_3d_r1_COMS58.sb.117_sub_2022_IncS_CWRU.v17.P_3d_r1_COMS58_k141_871081_16	K05349	0.9383	0.8301	*
2022_IncS_CWRU.v17.P_3d_r1_COMS58.sb.117_sub_2022_IncS_CWRU.v17.P_3d_r1_COMS58_k141_1151340_1	K10028	0.4014	0.8679	
2022_IncS_CWRU.v17.P_3d_r1_COMS58.sb.117_sub_2022_IncS_CWRU.v17.P_3d_r1_COMS58_k141_1151340_2	K01733	1.0	0.8662	*
2022_IncS_CWRU.v17.P_3d_r1_COMS58.sb.117_sub_2022_IncS_CWRU.v17.P_3d_r1_COMS58_k141_1151340_3	K09815	0.383	0.861	
2022_IncS_CWRU.v17.P_3d_r1_COMS58.sb.117_sub_2022_IncS_CWRU.v17.P_3d_r1_COMS58_k141_1151340_4	K07117	0.9889	0.928	*
2022_IncS_CWRU.v17.P_3d_r1_COMS58.sb.117_sub_2022_IncS_CWRU.v17.P_3d_r1_COMS58_k141_1151340_5	K02343	0.9962	0.9647	*
2022_IncS_CWRU.v17.P_3d_r1_COMS58.sb.117_sub_2022_IncS_CWRU.v17.P_3d_r1_COMS58_k141_1151340_6	K09747	0.9999	0.957	*
2022_IncS_CWRU.v17.P_3d_r1_COMS58.sb.117_sub_2022_IncS_CWRU.v17.P_3d_r1_COMS58_k141_1151340_7	K06187	1.0	0.8239	*
2022_IncS_CWRU.v17.P_3d_r1_COMS58.sb.117_sub_2022_IncS_CWRU.v17.P_3d_r1_COMS58_k141_1151340_8	K02049	0.9964	0.749	*
2022_IncS_CWRU.v17.P_3d_r1_COMS58.sb.117_sub_2022_IncS_CWRU.v17.P_3d_r1_COMS58_k141_1151340_9	K02050	0.9989	0.7227	*
2022_IncS_CWRU.v17.P_3d_r1_COMS58.sb.117_sub_2022_IncS_CWRU.v17.P_3d_r1_COMS58_k141_873008_1	K22187	0.682	0.7473	
2022_IncS_CWRU.v17.P_3d_r1_COMS58.sb.117_sub_2022_IncS_CWRU.v17.P_3d_r1_COMS58_k141_873008_2	K03569	1.0	0.6635	*
2022_IncS_CWRU.v17.P_3d_r1_COMS58.sb.117_sub_2022_IncS_CWRU.v17.P_3d_r1_COMS58_k141_873008_3	K02030	0.7415	0.871	
2022_IncS_CWRU.v17.P_3d_r1_COMS58.sb.117_sub_2022_IncS_CWRU.v17.P_3d_r1_COMS58_k141_873008_4	K19158	0.2803	0.9123	
2022_IncS_CWRU.v17.P_3d_r1_COMS58.sb.117_sub_2022_IncS_CWRU.v17.P_3d_r1_COMS58_k141_873008_5	K09803	0.9965	0.9726	*
2022_IncS_CWRU.v17.P_3d_r1_COMS58.sb.117_sub_2022_IncS_CWRU.v17.P_3d_r1_COMS58_k141_873008_6	K03570	0.9999	0.9164	*
2022_IncS_CWRU.v17.P_3d_r1_COMS58.sb.117_sub_2022_IncS_CWRU.v17.P_3d_r1_COMS58_k141_873008_7	K19302	0.2258	0.9909	
2022_IncS_CWRU.v17.P_3d_r1_COMS58.sb.117_sub_2022_IncS_CWRU.v17.P_3d_r1_COMS58_k141_873008_8	K05515	0.734	0.6909	*
2022_IncS_CWRU.v17.P_3d_r1_COMS58.sb.117_sub_2022_IncS_CWRU.v17.P_3d_r1_COMS58_k141_873008_9	K05837	0.9986	0.9583	*
2022_IncS_CWRU.v17.P_3d_r1_COMS58.sb.117_sub_2022_IncS_CWRU.v17.P_3d_r1_COMS58_k141_873008_10	K08300	0.6845	0.8339	
2022_IncS_CWRU.v17.P_3d_r1_COMS58.sb.117_sub_2022_IncS_CWRU.v17.P_3d_r1_COMS58_k141_873008_11	K19686	0.788	0.9228	
2022_IncS_CWRU.v17.P_3d_r1_COMS58.sb.117_sub_2022_IncS_CWRU.v17.P_3d_r1_COMS58_k141_873008_12	K07172	0.3019	0.8573	
2022_IncS_CWRU.v17.P_3d_r1_COMS58.sb.117_sub_2022_IncS_CWRU.v17.P_3d_r1_COMS58_k141_873008_13	K15977	0.3945	0.992	
2022_IncS_CWRU.v17.P_3d_r1_COMS58.sb.117_sub_2022_IncS_CWRU.v17.P_3d_r1_COMS58_k141_873008_14	K13625	0.3069	0.7303	
2022_IncS_CWRU.v17.P_3d_r1_COMS58.sb.117_sub_2022_IncS_CWRU.v17.P_3d_r1_COMS58_k141_873008_15	K01173	0.7193	0.9446	
2022_IncS_CWRU.v17.P_3d_r1_COMS58.sb.117_sub_2022_IncS_CWRU.v17.P_3d_r1_COMS58_k141_873008_16	K06218	0.9946	0.9677	*
2022_IncS_CWRU.v17.P_3d_r1_COMS58.sb.117_sub_2022_IncS_CWRU.v17.P_3d_r1_COMS58_k141_873008_17	K06284	0.6093	0.9169	
2022_IncS_CWRU.v17.P_3d_r1_COMS58.sb.117_sub_2022_IncS_CWRU.v17.P_3d_r1_COMS58_k141_873008_18	K07473	0.1676	0.9286	
2022_IncS_CWRU.v17.P_3d_r1_COMS58.sb.117_sub_2022_IncS_CWRU.v17.P_3d_r1_COMS58_k141_873008_19	K09748	0.9767	0.91	*
2022_IncS_CWRU.v17.P_3d_r1_COMS58.sb.117_sub_2022_IncS_CWRU.v17.P_3d_r1_COMS58_k141_873008_20	K02253	0.4135	0.846	
2022_IncS_CWRU.v17.P_3d_r1_COMS58.sb.117_sub_2022_IncS_CWRU.v17.P_3d_r1_COMS58_k141_324538_1	K03446	0.986	0.9853	*
2022_IncS_CWRU.v17.P_3d_r1_COMS58.sb.117_sub_2022_IncS_CWRU.v17.P_3d_r1_COMS58_k141_324538_2	K03301	0.3354	0.9078	
2022_IncS_CWRU.v17.P_3d_r1_COMS58.sb.117_sub_2022_IncS_CWRU.v17.P_3d_r1_COMS58_k141_324538_3	K01866	0.9998	0.8384	*
2022_IncS_CWRU.v17.P_3d_r1_COMS58.sb.117_sub_2022_IncS_CWRU.v17.P_3d_r1_COMS58_k141_324538_4	K15555	0.2088	0.5295	
2022_IncS_CWRU.v17.P_3d_r1_COMS58.sb.117_sub_2022_IncS_CWRU.v17.P_3d_r1_COMS58_k141_324538_5	K02437	0.1913	0.921	
2022_IncS_CWRU.v17.P_3d_r1_COMS58.sb.117_sub_2022_IncS_CWRU.v17.P_3d_r1_COMS58_k141_324538_6	K01209	0.9307	0.9412	
2022_IncS_CWRU.v17.P_3d_r1_COMS58.sb.117_sub_2022_IncS_CWRU.v17.P_3d_r1_COMS58_k141_324538_7	K00820	0.9997	0.89	*
2022_IncS_CWRU.v17.P_3d_r1_COMS58.sb.117_sub_2022_IncS_CWRU.v17.P_3d_r1_COMS58_k141_324538_8	K03892	0.4697	0.964	
2022_IncS_CWRU.v17.P_3d_r1_COMS58.sb.117_sub_2022_IncS_CWRU.v17.P_3d_r1_COMS58_k141_598173_1	K21449	0.9727	0.9892	
2022_IncS_CWRU.v17.P_3d_r1_COMS58.sb.117_sub_2022_IncS_CWRU.v17.P_3d_r1_COMS58_k141_598173_2	K03262	0.1288	0.6968	
2022_IncS_CWRU.v17.P_3d_r1_COMS58.sb.117_sub_2022_IncS_CWRU.v17.P_3d_r1_COMS58_k141_598173_3	K01510	0.2654	0.9219	
2022_IncS_CWRU.v17.P_3d_r1_COMS58.sb.117_sub_2022_IncS_CWRU.v17.P_3d_r1_COMS58_k141_598173_4	K01488	0.7906	0.8738	
2022_IncS_CWRU.v17.P_3d_r1_COMS58.sb.117_sub_2022_IncS_CWRU.v17.P_3d_r1_COMS58_k141_598173_5	K19236	0.9434	0.9554	
2022_IncS_CWRU.v17.P_3d_r1_COMS58.sb.117_sub_2022_IncS_CWRU.v17.P_3d_r1_COMS58_k141_598173_6	K07113	0.2791	0.9671	
2022_IncS_CWRU.v17.P_3d_r1_COMS58.sb.117_sub_2022_IncS_CWRU.v17.P_3d_r1_COMS58_k141_598173_7	K17081	0.619	0.9566	
2022_IncS_CWRU.v17.P_3d_r1_COMS58.sb.117_sub_2022_IncS_CWRU.v17.P_3d_r1_COMS58_k141_598173_8	K01186	0.19	0.9615	
2022_IncS_CWRU.v17.P_3d_r1_COMS58.sb.117_sub_2022_IncS_CWRU.v17.P_3d_r1_COMS58_k141_598173_9	K02035	0.6947	0.8709	
2022_IncS_CWRU.v17.P_3d_r1_COMS58.sb.117_sub_2022_IncS_CWRU.v17.P_3d_r1_COMS58_k141_598173_10	K07709	0.9643	0.9318	*
2022_IncS_CWRU.v17.P_3d_r1_COMS58.sb.117_sub_2022_IncS_CWRU.v17.P_3d_r1_COMS58_k141_598173_11	K07714	0.523	0.5927	
2022_IncS_CWRU.v17.P_3d_r1_COMS58.sb.117_sub_2022_IncS_CWRU.v17.P_3d_r1_COMS58_k141_598173_12	K01802	0.1589	0.8914	
2022_IncS_CWRU.v17.P_3d_r1_COMS58.sb.117_sub_2022_IncS_CWRU.v17.P_3d_r1_COMS58_k141_598173_13	K21449	0.636	0.9892	
2022_IncS_CWRU.v17.P_3d_r1_COMS58.sb.117_sub_2022_IncS_CWRU.v17.P_3d_r1_COMS58_k141_873821_1	K11752	0.0594	0.8336	
2022_IncS_CWRU.v17.P_3d_r1_COMS58.sb.117_sub_2022_IncS_CWRU.v17.P_3d_r1_COMS58_k141_873821_2	K03929	0.7916	0.8935	
2022_IncS_CWRU.v17.P_3d_r1_COMS58.sb.117_sub_2022_IncS_CWRU.v17.P_3d_r1_COMS58_k141_873821_3	K02014	0.9772	0.9106	*
2022_IncS_CWRU.v17.P_3d_r1_COMS58.sb.117_sub_2022_IncS_CWRU.v17.P_3d_r1_COMS58_k141_873821_4	K01785	0.4718	0.9566	
2022_IncS_CWRU.v17.P_3d_r1_COMS58.sb.117_sub_2022_IncS_CWRU.v17.P_3d_r1_COMS58_k141_873821_5	K04063	0.9998	0.9478	*
2022_IncS_CWRU.v17.P_3d_r1_COMS58.sb.117_sub_2022_IncS_CWRU.v17.P_3d_r1_COMS58_k141_873821_6	K08278	0.1322	0.9828	
2022_IncS_CWRU.v17.P_3d_r1_COMS58.sb.117_sub_2022_IncS_CWRU.v17.P_3d_r1_COMS58_k141_873958_1	K03699	0.9985	0.9764	*
2022_IncS_CWRU.v17.P_3d_r1_COMS58.sb.117_sub_2022_IncS_CWRU.v17.P_3d_r1_COMS58_k141_873958_2	K06926	0.9682	0.9911	
2022_IncS_CWRU.v17.P_3d_r1_COMS58.sb.117_sub_2022_IncS_CWRU.v17.P_3d_r1_COMS58_k141_873958_3	K05592	0.9003	0.9783	
2022_IncS_CWRU.v17.P_3d_r1_COMS58.sb.117_sub_2022_IncS_CWRU.v17.P_3d_r1_COMS58_k141_873958_4	K01593	0.9997	0.7764	*
2022_IncS_CWRU.v17.P_3d_r1_COMS58.sb.117_sub_2022_IncS_CWRU.v17.P_3d_r1_COMS58_k141_873958_5	K03574	0.9984	0.9602	*
2022_IncS_CWRU.v17.P_3d_r1_COMS58.sb.117_sub_2022_IncS_CWRU.v17.P_3d_r1_COMS58_k141_873958_6	K03322	0.9222	0.9939	
2022_IncS_CWRU.v17.P_3d_r1_COMS58.sb.117_sub_2022_IncS_CWRU.v17.P_3d_r1_COMS58_k141_873958_7	K03530	0.1911	0.828	
2022_IncS_CWRU.v17.P_3d_r1_COMS58.sb.117_sub_2022_IncS_CWRU.v17.P_3d_r1_COMS58_k141_873958_8	K00459	0.2635	0.8869	
2022_IncS_CWRU.v17.P_3d_r1_COMS58.sb.117_sub_2022_IncS_CWRU.v17.P_3d_r1_COMS58_k141_873958_9	K05770	0.3928	0.9783	
2022_IncS_CWRU.v17.P_3d_r1_COMS58.sb.117_sub_2022_IncS_CWRU.v17.P_3d_r1_COMS58_k141_873958_10	K06213	0.3258	0.9799	
2022_IncS_CWRU.v17.P_3d_r1_COMS58.sb.117_sub_2022_IncS_CWRU.v17.P_3d_r1_COMS58_k141_873958_11	K06867	0.9979	0.9848	*
2022_IncS_CWRU.v17.P_3d_r1_COMS58.sb.117_sub_2022_IncS_CWRU.v17.P_3d_r1_COMS58_k141_873958_12	K12132	0.6609	0.9474	
2022_IncS_CWRU.v17.P_3d_r1_COMS58.sb.117_sub_2022_IncS_CWRU.v17.P_3d_r1_COMS58_k141_873958_13	K04757	0.4588	0.9786	
2022_IncS_CWRU.v17.P_3d_r1_COMS58.sb.117_sub_2022_IncS_CWRU.v17.P_3d_r1_COMS58_k141_873958_14	K04749	0.8523	0.8547	
2022_IncS_CWRU.v17.P_3d_r1_COMS58.sb.117_sub_2022_IncS_CWRU.v17.P_3d_r1_COMS58_k141_873958_15	K08677	1.0	0.8826	*
2022_IncS_CWRU.v17.P_3d_r1_COMS58.sb.117_sub_2022_IncS_CWRU.v17.P_3d_r1_COMS58_k141_873958_16	K04749	0.6903	0.8547	
2022_IncS_CWRU.v17.P_3d_r1_COMS58.sb.117_sub_2022_IncS_CWRU.v17.P_3d_r1_COMS58_k141_873958_17	K04757	0.9986	0.9786	*
2022_IncS_CWRU.v17.P_3d_r1_COMS58.sb.117_sub_2022_IncS_CWRU.v17.P_3d_r1_COMS58_k141_873958_18	K08884	0.1509	0.8469	
2022_IncS_CWRU.v17.P_3d_r1_COMS58.sb.117_sub_2022_IncS_CWRU.v17.P_3d_r1_COMS58_k141_874886_1	K07216	0.4446	0.9407	
2022_IncS_CWRU.v17.P_3d_r1_COMS58.sb.117_sub_2022_IncS_CWRU.v17.P_3d_r1_COMS58_k141_874886_2	K06282	0.9976	0.6703	*
2022_IncS_CWRU.v17.P_3d_r1_COMS58.sb.117_sub_2022_IncS_CWRU.v17.P_3d_r1_COMS58_k141_874886_3	K18843	0.9998	0.9913	*
2022_IncS_CWRU.v17.P_3d_r1_COMS58.sb.117_sub_2022_IncS_CWRU.v17.P_3d_r1_COMS58_k141_874886_4	K07339	0.2184	0.9979	
2022_IncS_CWRU.v17.P_3d_r1_COMS58.sb.117_sub_2022_IncS_CWRU.v17.P_3d_r1_COMS58_k141_874886_5	K19169	0.6849	0.9553	
2022_IncS_CWRU.v17.P_3d_r1_COMS58.sb.117_sub_2022_IncS_CWRU.v17.P_3d_r1_COMS58_k141_874886_6	K01424	0.3605	0.9109	
2022_IncS_CWRU.v17.P_3d_r1_COMS58.sb.117_sub_2022_IncS_CWRU.v17.P_3d_r1_COMS58_k141_1153898_1	K07001	0.9813	0.983	
2022_IncS_CWRU.v17.P_3d_r1_COMS58.sb.117_sub_2022_IncS_CWRU.v17.P_3d_r1_COMS58_k141_1153898_2	K16179	0.7983	0.9519	
2022_IncS_CWRU.v17.P_3d_r1_COMS58.sb.117_sub_2022_IncS_CWRU.v17.P_3d_r1_COMS58_k141_1153898_3	K23483	0.2762	0.8342	
2022_IncS_CWRU.v17.P_3d_r1_COMS58.sb.117_sub_2022_IncS_CWRU.v17.P_3d_r1_COMS58_k141_1153898_4	K00336	0.6458	0.8564	
2022_IncS_CWRU.v17.P_3d_r1_COMS58.sb.117_sub_2022_IncS_CWRU.v17.P_3d_r1_COMS58_k141_600217_1	K06891	0.4222	0.9225	
2022_IncS_CWRU.v17.P_3d_r1_COMS58.sb.117_sub_2022_IncS_CWRU.v17.P_3d_r1_COMS58_k141_600217_2	K04075	1.0	0.8858	*
2022_IncS_CWRU.v17.P_3d_r1_COMS58.sb.117_sub_2022_IncS_CWRU.v17.P_3d_r1_COMS58_k141_600217_3	K03798	0.9979	0.9286	*
2022_IncS_CWRU.v17.P_3d_r1_COMS58.sb.117_sub_2022_IncS_CWRU.v17.P_3d_r1_COMS58_k141_600217_4	K05375	0.6867	0.9668	
2022_IncS_CWRU.v17.P_3d_r1_COMS58.sb.117_sub_2022_IncS_CWRU.v17.P_3d_r1_COMS58_k141_600217_5	K12976	0.2167	0.9846	
2022_IncS_CWRU.v17.P_3d_r1_COMS58.sb.117_sub_2022_IncS_CWRU.v17.P_3d_r1_COMS58_k141_600217_6	K06867	0.1218	0.9848	
2022_IncS_CWRU.v17.P_3d_r1_COMS58.sb.117_sub_2022_IncS_CWRU.v17.P_3d_r1_COMS58_k141_327148_1	K22736	1.0	0.9842	*
2022_IncS_CWRU.v17.P_3d_r1_COMS58.sb.117_sub_2022_IncS_CWRU.v17.P_3d_r1_COMS58_k141_327148_2	K07497	0.423	0.9505	
2022_IncS_CWRU.v17.P_3d_r1_COMS58.sb.117_sub_2022_IncS_CWRU.v17.P_3d_r1_COMS58_k141_327148_3	K08372	0.311	0.9163	
2022_IncS_CWRU.v17.P_3d_r1_COMS58.sb.117_sub_2022_IncS_CWRU.v17.P_3d_r1_COMS58_k141_327148_4	K07588	0.2307	0.914	
2022_IncS_CWRU.v17.P_3d_r1_COMS58.sb.117_sub_2022_IncS_CWRU.v17.P_3d_r1_COMS58_k141_1433330_1	K14349	0.2813	0.8379	
2022_IncS_CWRU.v17.P_3d_r1_COMS58.sb.117_sub_2022_IncS_CWRU.v17.P_3d_r1_COMS58_k141_1433330_2	K03932	0.9439	0.9853	
2022_IncS_CWRU.v17.P_3d_r1_COMS58.sb.117_sub_2022_IncS_CWRU.v17.P_3d_r1_COMS58_k141_1433330_3	K02109	0.9996	0.965	*
2022_IncS_CWRU.v17.P_3d_r1_COMS58.sb.117_sub_2022_IncS_CWRU.v17.P_3d_r1_COMS58_k141_1433330_4	K02109	0.9994	0.965	*
2022_IncS_CWRU.v17.P_3d_r1_COMS58.sb.117_sub_2022_IncS_CWRU.v17.P_3d_r1_COMS58_k141_1433330_5	K02113	0.9992	0.7968	*
2022_IncS_CWRU.v17.P_3d_r1_COMS58.sb.117_sub_2022_IncS_CWRU.v17.P_3d_r1_COMS58_k141_1433330_6	K27094	0.9892	0.7603	*
2022_IncS_CWRU.v17.P_3d_r1_COMS58.sb.117_sub_2022_IncS_CWRU.v17.P_3d_r1_COMS58_k141_603387_1	K11235	0.2168	0.9068	
2022_IncS_CWRU.v17.P_3d_r1_COMS58.sb.117_sub_2022_IncS_CWRU.v17.P_3d_r1_COMS58_k141_603387_2	K20074	0.9963	0.9518	*
2022_IncS_CWRU.v17.P_3d_r1_COMS58.sb.117_sub_2022_IncS_CWRU.v17.P_3d_r1_COMS58_k141_603387_3	K17713	0.6568	0.9924	
2022_IncS_CWRU.v17.P_3d_r1_COMS58.sb.117_sub_2022_IncS_CWRU.v17.P_3d_r1_COMS58_k141_1158698_1	K01358	0.378	0.9207	
2022_IncS_CWRU.v17.P_3d_r1_COMS58.sb.117_sub_2022_IncS_CWRU.v17.P_3d_r1_COMS58_k141_1158698_2	K01129	0.9868	0.8233	*
2022_IncS_CWRU.v17.P_3d_r1_COMS58.sb.117_sub_2022_IncS_CWRU.v17.P_3d_r1_COMS58_k141_1158698_3	K07497	0.1003	0.9505	
2022_IncS_CWRU.v17.P_3d_r1_COMS58.sb.117_sub_2022_IncS_CWRU.v17.P_3d_r1_COMS58_k141_1158698_4	K09548	0.185	0.8793	
2022_IncS_CWRU.v17.P_3d_r1_COMS58.sb.117_sub_2022_IncS_CWRU.v17.P_3d_r1_COMS58_k141_1158698_5	K12957	0.9949	0.9045	*
2022_IncS_CWRU.v17.P_3d_r1_COMS58.sb.117_sub_2022_IncS_CWRU.v17.P_3d_r1_COMS58_k141_1158698_6	K25183	0.4956	0.8065	
2022_IncS_CWRU.v17.P_3d_r1_COMS58.sb.117_sub_2022_IncS_CWRU.v17.P_3d_r1_COMS58_k141_1158698_7	K12132	0.3503	0.9474	
2022_IncS_CWRU.v17.P_3d_r1_COMS58.sb.117_sub_2022_IncS_CWRU.v17.P_3d_r1_COMS58_k141_1158698_8	K05807	0.6015	0.9847	
2022_IncS_CWRU.v17.P_3d_r1_COMS58.sb.117_sub_2022_IncS_CWRU.v17.P_3d_r1_COMS58_k141_1158698_9	K02563	1.0	0.9347	*
2022_IncS_CWRU.v17.P_3d_r1_COMS58.sb.117_sub_2022_IncS_CWRU.v17.P_3d_r1_COMS58_k141_1158698_10	K03588	0.9593	0.8582	*
2022_IncS_CWRU.v17.P_3d_r1_COMS58.sb.117_sub_2022_IncS_CWRU.v17.P_3d_r1_COMS58_k141_1158698_11	K01925	1.0	0.8423	*
2022_IncS_CWRU.v17.P_3d_r1_COMS58.sb.117_sub_2022_IncS_CWRU.v17.P_3d_r1_COMS58_k141_1158698_12	K01000	0.9997	0.8525	*
2022_IncS_CWRU.v17.P_3d_r1_COMS58.sb.117_sub_2022_IncS_CWRU.v17.P_3d_r1_COMS58_k141_1158698_13	K01929	1.0	0.62	*
2022_IncS_CWRU.v17.P_3d_r1_COMS58.sb.117_sub_2022_IncS_CWRU.v17.P_3d_r1_COMS58_k141_1158698_14	K01928	0.9965	0.8759	*
2022_IncS_CWRU.v17.P_3d_r1_COMS58.sb.117_sub_2022_IncS_CWRU.v17.P_3d_r1_COMS58_k141_1158698_15	K07038	0.3496	0.9845	
2022_IncS_CWRU.v17.P_3d_r1_COMS58.sb.117_sub_2022_IncS_CWRU.v17.P_3d_r1_COMS58_k141_1158698_16	K07401	0.4824	0.93	
2022_IncS_CWRU.v17.P_3d_r1_COMS58.sb.117_sub_2022_IncS_CWRU.v17.P_3d_r1_COMS58_k141_1158698_17	K01907	0.1118	0.8976	
2022_IncS_CWRU.v17.P_3d_r1_COMS58.sb.117_sub_2022_IncS_CWRU.v17.P_3d_r1_COMS58_k141_1158698_18	K04488	0.2956	0.8737	
2022_IncS_CWRU.v17.P_3d_r1_COMS58.sb.117_sub_2022_IncS_CWRU.v17.P_3d_r1_COMS58_k141_1158698_19	K00166	0.115	0.8027	
2022_IncS_CWRU.v17.P_3d_r1_COMS58.sb.117_sub_2022_IncS_CWRU.v17.P_3d_r1_COMS58_k141_1984485_1	K00341	0.9887	0.8923	*
2022_IncS_CWRU.v17.P_3d_r1_COMS58.sb.117_sub_2022_IncS_CWRU.v17.P_3d_r1_COMS58_k141_1984485_2	K00340	0.9736	0.8739	*
2022_IncS_CWRU.v17.P_3d_r1_COMS58.sb.117_sub_2022_IncS_CWRU.v17.P_3d_r1_COMS58_k141_1984485_3	K00339	0.996	0.9488	*
2022_IncS_CWRU.v17.P_3d_r1_COMS58.sb.117_sub_2022_IncS_CWRU.v17.P_3d_r1_COMS58_k141_1984485_4	K05952	0.3095	0.996	
2022_IncS_CWRU.v17.P_3d_r1_COMS58.sb.117_sub_2022_IncS_CWRU.v17.P_3d_r1_COMS58_k141_1984485_5	K02259	0.271	0.9771	
2022_IncS_CWRU.v17.P_3d_r1_COMS58.sb.117_sub_2022_IncS_CWRU.v17.P_3d_r1_COMS58_k141_332001_1	K06940	0.9535	0.9476	*
2022_IncS_CWRU.v17.P_3d_r1_COMS58.sb.117_sub_2022_IncS_CWRU.v17.P_3d_r1_COMS58_k141_332001_2	K04750	0.5507	0.9584	
2022_IncS_CWRU.v17.P_3d_r1_COMS58.sb.117_sub_2022_IncS_CWRU.v17.P_3d_r1_COMS58_k141_332001_3	K03704	0.0566	0.9704	
2022_IncS_CWRU.v17.P_3d_r1_COMS58.sb.117_sub_2022_IncS_CWRU.v17.P_3d_r1_COMS58_k141_332001_4	K00655	0.3096	0.9285	
2022_IncS_CWRU.v17.P_3d_r1_COMS58.sb.117_sub_2022_IncS_CWRU.v17.P_3d_r1_COMS58_k141_332001_5	K22310	0.9711	0.9249	*
2022_IncS_CWRU.v17.P_3d_r1_COMS58.sb.117_sub_2022_IncS_CWRU.v17.P_3d_r1_COMS58_k141_332001_6	K03466	0.9984	0.9791	*
2022_IncS_CWRU.v17.P_3d_r1_COMS58.sb.117_sub_2022_IncS_CWRU.v17.P_3d_r1_COMS58_k141_332001_7	K09796	0.2593	0.9827	
2022_IncS_CWRU.v17.P_3d_r1_COMS58.sb.117_sub_2022_IncS_CWRU.v17.P_3d_r1_COMS58_k141_332001_8	K06153	0.9874	0.8993	*
2022_IncS_CWRU.v17.P_3d_r1_COMS58.sb.117_sub_2022_IncS_CWRU.v17.P_3d_r1_COMS58_k141_332001_9	K01754	0.9996	0.8263	*
2022_IncS_CWRU.v17.P_3d_r1_COMS58.sb.117_sub_2022_IncS_CWRU.v17.P_3d_r1_COMS58_k141_332001_10	K13041	0.4576	0.8144	
2022_IncS_CWRU.v17.P_3d_r1_COMS58.sb.117_sub_2022_IncS_CWRU.v17.P_3d_r1_COMS58_k141_1160156_1	K02341	0.8154	0.8459	
2022_IncS_CWRU.v17.P_3d_r1_COMS58.sb.117_sub_2022_IncS_CWRU.v17.P_3d_r1_COMS58_k141_1160156_2	K03643	0.9704	0.9589	*
2022_IncS_CWRU.v17.P_3d_r1_COMS58.sb.117_sub_2022_IncS_CWRU.v17.P_3d_r1_COMS58_k141_1160156_3	K01892	0.7615	0.6882	*
2022_IncS_CWRU.v17.P_3d_r1_COMS58.sb.117_sub_2022_IncS_CWRU.v17.P_3d_r1_COMS58_k141_1160156_4	K08978	0.9999	0.9775	*
2022_IncS_CWRU.v17.P_3d_r1_COMS58.sb.117_sub_2022_IncS_CWRU.v17.P_3d_r1_COMS58_k141_1160156_5	K07727	0.9958	0.925	*
2022_IncS_CWRU.v17.P_3d_r1_COMS58.sb.117_sub_2022_IncS_CWRU.v17.P_3d_r1_COMS58_k141_1160156_6	K28165	0.2863	0.9345	
2022_IncS_CWRU.v17.P_3d_r1_COMS58.sb.117_sub_2022_IncS_CWRU.v17.P_3d_r1_COMS58_k141_1160156_7	K06299	0.1384	0.86	
2022_IncS_CWRU.v17.P_3d_r1_COMS58.sb.117_sub_2022_IncS_CWRU.v17.P_3d_r1_COMS58_k141_1160156_8	K03624	0.8279	0.8781	
2022_IncS_CWRU.v17.P_3d_r1_COMS58.sb.117_sub_2022_IncS_CWRU.v17.P_3d_r1_COMS58_k141_1160156_9	K27681	0.9893	0.9396	*
2022_IncS_CWRU.v17.P_3d_r1_COMS58.sb.117_sub_2022_IncS_CWRU.v17.P_3d_r1_COMS58_k141_1160156_10	K03671	0.6008	0.9801	
2022_IncS_CWRU.v17.P_3d_r1_COMS58.sb.117_sub_2022_IncS_CWRU.v17.P_3d_r1_COMS58_k141_1160156_11	K19092	0.3689	0.9649	
2022_IncS_CWRU.v17.P_3d_r1_COMS58.sb.117_sub_2022_IncS_CWRU.v17.P_3d_r1_COMS58_k141_1160156_12	K03116	0.9996	0.9527	*
2022_IncS_CWRU.v17.P_3d_r1_COMS58.sb.117_sub_2022_IncS_CWRU.v17.P_3d_r1_COMS58_k141_1160156_13	K07114	0.8021	0.9793	
2022_IncS_CWRU.v17.P_3d_r1_COMS58.sb.117_sub_2022_IncS_CWRU.v17.P_3d_r1_COMS58_k141_332151_1	K04655	0.9998	0.6796	*
2022_IncS_CWRU.v17.P_3d_r1_COMS58.sb.117_sub_2022_IncS_CWRU.v17.P_3d_r1_COMS58_k141_332151_2	K00432	0.1848	0.8426	
2022_IncS_CWRU.v17.P_3d_r1_COMS58.sb.117_sub_2022_IncS_CWRU.v17.P_3d_r1_COMS58_k141_332151_3	K04654	0.9999	0.7404	*
2022_IncS_CWRU.v17.P_3d_r1_COMS58.sb.117_sub_2022_IncS_CWRU.v17.P_3d_r1_COMS58_k141_332151_4	K04653	0.9965	0.9354	*
2022_IncS_CWRU.v17.P_3d_r1_COMS58.sb.117_sub_2022_IncS_CWRU.v17.P_3d_r1_COMS58_k141_332151_5	K04652	0.9999	0.8458	*
2022_IncS_CWRU.v17.P_3d_r1_COMS58.sb.117_sub_2022_IncS_CWRU.v17.P_3d_r1_COMS58_k141_332151_6	K04651	1.0	0.9328	*
2022_IncS_CWRU.v17.P_3d_r1_COMS58.sb.117_sub_2022_IncS_CWRU.v17.P_3d_r1_COMS58_k141_332151_7	K10907	0.9802	0.8533	*
2022_IncS_CWRU.v17.P_3d_r1_COMS58.sb.117_sub_2022_IncS_CWRU.v17.P_3d_r1_COMS58_k141_332151_8	K02040	0.435	0.8928	
2022_IncS_CWRU.v17.P_3d_r1_COMS58.sb.117_sub_2022_IncS_CWRU.v17.P_3d_r1_COMS58_k141_332151_9	K29029	0.6803	0.9624	
2022_IncS_CWRU.v17.P_3d_r1_COMS58.sb.117_sub_2022_IncS_CWRU.v17.P_3d_r1_COMS58_k141_332151_10	K00616	0.9996	0.8458	*
2022_IncS_CWRU.v17.P_3d_r1_COMS58.sb.117_sub_2022_IncS_CWRU.v17.P_3d_r1_COMS58_k141_332151_11	K06996	0.9997	0.9517	*
2022_IncS_CWRU.v17.P_3d_r1_COMS58.sb.117_sub_2022_IncS_CWRU.v17.P_3d_r1_COMS58_k141_332151_12	K16088	0.8281	0.7313	*
2022_IncS_CWRU.v17.P_3d_r1_COMS58.sb.117_sub_2022_IncS_CWRU.v17.P_3d_r1_COMS58_k141_332151_13	K03667	0.9905	0.7774	*
2022_IncS_CWRU.v17.P_3d_r1_COMS58.sb.117_sub_2022_IncS_CWRU.v17.P_3d_r1_COMS58_k141_332151_14	K01419	1.0	0.8032	*
2022_IncS_CWRU.v17.P_3d_r1_COMS58.sb.117_sub_2022_IncS_CWRU.v17.P_3d_r1_COMS58_k141_332151_15	K07448	0.5592	0.9272	
2022_IncS_CWRU.v17.P_3d_r1_COMS58.sb.117_sub_2022_IncS_CWRU.v17.P_3d_r1_COMS58_k141_332151_16	K03282	0.9887	0.9582	*
2022_IncS_CWRU.v17.P_3d_r1_COMS58.sb.117_sub_2022_IncS_CWRU.v17.P_3d_r1_COMS58_k141_332151_17	K01301	0.9954	0.7412	*
2022_IncS_CWRU.v17.P_3d_r1_COMS58.sb.117_sub_2022_IncS_CWRU.v17.P_3d_r1_COMS58_k141_332151_18	K07334	0.9951	0.9204	*
2022_IncS_CWRU.v17.P_3d_r1_COMS58.sb.117_sub_2022_IncS_CWRU.v17.P_3d_r1_COMS58_k141_332151_19	K21498	0.9919	0.9324	*
2022_IncS_CWRU.v17.P_3d_r1_COMS58.sb.117_sub_2022_IncS_CWRU.v17.P_3d_r1_COMS58_k141_332151_20	K04565	0.5401	0.9893	
2022_IncS_CWRU.v17.P_3d_r1_COMS58.sb.117_sub_2022_IncS_CWRU.v17.P_3d_r1_COMS58_k141_332151_21	K02193	0.5143	0.6482	
2022_IncS_CWRU.v17.P_3d_r1_COMS58.sb.117_sub_2022_IncS_CWRU.v17.P_3d_r1_COMS58_k141_332151_22	K03976	0.9995	0.9798	*
2022_IncS_CWRU.v17.P_3d_r1_COMS58.sb.117_sub_2022_IncS_CWRU.v17.P_3d_r1_COMS58_k141_332151_23	K02194	0.9909	0.8181	*
2022_IncS_CWRU.v17.P_3d_r1_COMS58.sb.117_sub_2022_IncS_CWRU.v17.P_3d_r1_COMS58_k141_332151_24	K02654	0.5488	0.9674	
2022_IncS_CWRU.v17.P_3d_r1_COMS58.sb.117_sub_2022_IncS_CWRU.v17.P_3d_r1_COMS58_k141_332152_1	K05499	0.7312	0.5377	*
2022_IncS_CWRU.v17.P_3d_r1_COMS58.sb.117_sub_2022_IncS_CWRU.v17.P_3d_r1_COMS58_k141_332152_2	K20265	0.4255	0.9665	
2022_IncS_CWRU.v17.P_3d_r1_COMS58.sb.117_sub_2022_IncS_CWRU.v17.P_3d_r1_COMS58_k141_332152_3	K03689	0.3529	0.9366	
2022_IncS_CWRU.v17.P_3d_r1_COMS58.sb.117_sub_2022_IncS_CWRU.v17.P_3d_r1_COMS58_k141_332152_4	K00010	0.9996	0.9901	*
2022_IncS_CWRU.v17.P_3d_r1_COMS58.sb.117_sub_2022_IncS_CWRU.v17.P_3d_r1_COMS58_k141_332152_5	K00799	0.3995	0.8732	
2022_IncS_CWRU.v17.P_3d_r1_COMS58.sb.117_sub_2022_IncS_CWRU.v17.P_3d_r1_COMS58_k141_332152_6	K20862	0.2418	0.8096	
2022_IncS_CWRU.v17.P_3d_r1_COMS58.sb.117_sub_2022_IncS_CWRU.v17.P_3d_r1_COMS58_k141_332152_7	K03336	0.9999	0.7549	*
2022_IncS_CWRU.v17.P_3d_r1_COMS58.sb.117_sub_2022_IncS_CWRU.v17.P_3d_r1_COMS58_k141_332152_8	K03337	0.999	0.9414	*
2022_IncS_CWRU.v17.P_3d_r1_COMS58.sb.117_sub_2022_IncS_CWRU.v17.P_3d_r1_COMS58_k141_332152_9	K00616	0.9996	0.8458	*
2022_IncS_CWRU.v17.P_3d_r1_COMS58.sb.117_sub_2022_IncS_CWRU.v17.P_3d_r1_COMS58_k141_332152_10	K02014	0.8409	0.9106	
2022_IncS_CWRU.v17.P_3d_r1_COMS58.sb.117_sub_2022_IncS_CWRU.v17.P_3d_r1_COMS58_k141_332152_11	K02445	0.3251	0.8118	
2022_IncS_CWRU.v17.P_3d_r1_COMS58.sb.117_sub_2022_IncS_CWRU.v17.P_3d_r1_COMS58_k141_332152_12	K02443	0.9992	0.7878	*
2022_IncS_CWRU.v17.P_3d_r1_COMS58.sb.117_sub_2022_IncS_CWRU.v17.P_3d_r1_COMS58_k141_332152_13	K00111	0.9884	0.9018	*
2022_IncS_CWRU.v17.P_3d_r1_COMS58.sb.117_sub_2022_IncS_CWRU.v17.P_3d_r1_COMS58_k141_332152_14	K00112	0.7443	0.8348	
2022_IncS_CWRU.v17.P_3d_r1_COMS58.sb.117_sub_2022_IncS_CWRU.v17.P_3d_r1_COMS58_k141_332152_15	K00113	0.5999	0.6456	
2022_IncS_CWRU.v17.P_3d_r1_COMS58.sb.117_sub_2022_IncS_CWRU.v17.P_3d_r1_COMS58_k141_608047_1	K01893	0.9943	0.7962	*
2022_IncS_CWRU.v17.P_3d_r1_COMS58.sb.117_sub_2022_IncS_CWRU.v17.P_3d_r1_COMS58_k141_608047_2	K28144	0.5242	0.8784	
2022_IncS_CWRU.v17.P_3d_r1_COMS58.sb.117_sub_2022_IncS_CWRU.v17.P_3d_r1_COMS58_k141_608047_3	K28143	0.5127	0.8511	
2022_IncS_CWRU.v17.P_3d_r1_COMS58.sb.117_sub_2022_IncS_CWRU.v17.P_3d_r1_COMS58_k141_608047_4	K16162	0.128	0.8557	
2022_IncS_CWRU.v17.P_3d_r1_COMS58.sb.117_sub_2022_IncS_CWRU.v17.P_3d_r1_COMS58_k141_608047_5	K08309	0.6391	0.9688	
2022_IncS_CWRU.v17.P_3d_r1_COMS58.sb.117_sub_2022_IncS_CWRU.v17.P_3d_r1_COMS58_k141_608047_6	K02895	0.189	0.8253	
2022_IncS_CWRU.v17.P_3d_r1_COMS58.sb.117_sub_2022_IncS_CWRU.v17.P_3d_r1_COMS58_k141_608047_7	K21449	0.5733	0.9892	
2022_IncS_CWRU.v17.P_3d_r1_COMS58.sb.117_sub_2022_IncS_CWRU.v17.P_3d_r1_COMS58_k141_58651_1	K03559	0.6434	0.8846	
2022_IncS_CWRU.v17.P_3d_r1_COMS58.sb.117_sub_2022_IncS_CWRU.v17.P_3d_r1_COMS58_k141_58651_2	K00655	0.9682	0.9285	*
2022_IncS_CWRU.v17.P_3d_r1_COMS58.sb.117_sub_2022_IncS_CWRU.v17.P_3d_r1_COMS58_k141_58651_3	K00655	0.9874	0.9285	*
2022_IncS_CWRU.v17.P_3d_r1_COMS58.sb.117_sub_2022_IncS_CWRU.v17.P_3d_r1_COMS58_k141_58651_4	K01778	0.9998	0.7957	*
2022_IncS_CWRU.v17.P_3d_r1_COMS58.sb.117_sub_2022_IncS_CWRU.v17.P_3d_r1_COMS58_k141_58651_5	K07507	0.9982	0.9698	*
2022_IncS_CWRU.v17.P_3d_r1_COMS58.sb.117_sub_2022_IncS_CWRU.v17.P_3d_r1_COMS58_k141_1439159_1	K05806	0.3193	0.9781	
2022_IncS_CWRU.v17.P_3d_r1_COMS58.sb.117_sub_2022_IncS_CWRU.v17.P_3d_r1_COMS58_k141_1439159_2	K07404	0.4478	0.9787	
2022_IncS_CWRU.v17.P_3d_r1_COMS58.sb.117_sub_2022_IncS_CWRU.v17.P_3d_r1_COMS58_k141_1439159_3	K07054	0.2512	0.9347	
2022_IncS_CWRU.v17.P_3d_r1_COMS58.sb.117_sub_2022_IncS_CWRU.v17.P_3d_r1_COMS58_k141_1163246_1	K04564	1.0	0.8815	*
2022_IncS_CWRU.v17.P_3d_r1_COMS58.sb.117_sub_2022_IncS_CWRU.v17.P_3d_r1_COMS58_k141_1163246_2	K28275	0.138	0.8125	
2022_IncS_CWRU.v17.P_3d_r1_COMS58.sb.117_sub_2022_IncS_CWRU.v17.P_3d_r1_COMS58_k141_1163246_3	K02983	0.2743	0.8889	
2022_IncS_CWRU.v17.P_3d_r1_COMS58.sb.117_sub_2022_IncS_CWRU.v17.P_3d_r1_COMS58_k141_1163246_4	K21449	0.4756	0.9892	
2022_IncS_CWRU.v17.P_3d_r1_COMS58.sb.117_sub_2022_IncS_CWRU.v17.P_3d_r1_COMS58_k141_1163246_5	K02651	0.6326	0.9965	
2022_IncS_CWRU.v17.P_3d_r1_COMS58.sb.117_sub_2022_IncS_CWRU.v17.P_3d_r1_COMS58_k141_1163254_1	K01552	0.1522	0.8373	
2022_IncS_CWRU.v17.P_3d_r1_COMS58.sb.117_sub_2022_IncS_CWRU.v17.P_3d_r1_COMS58_k141_1163254_2	K02160	0.9969	0.931	*
2022_IncS_CWRU.v17.P_3d_r1_COMS58.sb.117_sub_2022_IncS_CWRU.v17.P_3d_r1_COMS58_k141_1163254_3	K01586	0.4484	0.8564	
2022_IncS_CWRU.v17.P_3d_r1_COMS58.sb.117_sub_2022_IncS_CWRU.v17.P_3d_r1_COMS58_k141_1163254_4	K02944	0.1845	0.9318	
2022_IncS_CWRU.v17.P_3d_r1_COMS58.sb.117_sub_2022_IncS_CWRU.v17.P_3d_r1_COMS58_k141_1163254_5	K07497	0.1955	0.9505	
2022_IncS_CWRU.v17.P_3d_r1_COMS58.sb.117_sub_2022_IncS_CWRU.v17.P_3d_r1_COMS58_k141_1163254_6	K07733	0.9627	0.9689	
2022_IncS_CWRU.v17.P_3d_r1_COMS58.sb.117_sub_2022_IncS_CWRU.v17.P_3d_r1_COMS58_k141_1163254_7	K04771	0.3888	0.941	
2022_IncS_CWRU.v17.P_3d_r1_COMS58.sb.117_sub_2022_IncS_CWRU.v17.P_3d_r1_COMS58_k141_1163254_8	K28280	0.6093	0.9348	
2022_IncS_CWRU.v17.P_3d_r1_COMS58.sb.117_sub_2022_IncS_CWRU.v17.P_3d_r1_COMS58_k141_1163254_9	K07064	0.4335	0.7126	
2022_IncS_CWRU.v17.P_3d_r1_COMS58.sb.117_sub_2022_IncS_CWRU.v17.P_3d_r1_COMS58_k141_1163254_10	K09159	0.3728	0.956	
2022_IncS_CWRU.v17.P_3d_r1_COMS58.sb.117_sub_2022_IncS_CWRU.v17.P_3d_r1_COMS58_k141_1163254_11	K02392	0.3663	0.7701	
2022_IncS_CWRU.v17.P_3d_r1_COMS58.sb.117_sub_2022_IncS_CWRU.v17.P_3d_r1_COMS58_k141_1163254_12	K01858	0.9962	0.8514	*
2022_IncS_CWRU.v17.P_3d_r1_COMS58.sb.117_sub_2022_IncS_CWRU.v17.P_3d_r1_COMS58_k141_1163254_13	K05834	0.3311	0.9862	
2022_IncS_CWRU.v17.P_3d_r1_COMS58.sb.117_sub_2022_IncS_CWRU.v17.P_3d_r1_COMS58_k141_1163254_14	K00435	0.6598	0.9634	
2022_IncS_CWRU.v17.P_3d_r1_COMS58.sb.117_sub_2022_IncS_CWRU.v17.P_3d_r1_COMS58_k141_1163254_15	K07172	0.2981	0.8573	
2022_IncS_CWRU.v17.P_3d_r1_COMS58.sb.117_sub_2022_IncS_CWRU.v17.P_3d_r1_COMS58_k141_1163254_16	K07065	0.7465	0.8647	
2022_IncS_CWRU.v17.P_3d_r1_COMS58.sb.117_sub_2022_IncS_CWRU.v17.P_3d_r1_COMS58_k141_1163254_17	K07746	0.7213	0.9777	
2022_IncS_CWRU.v17.P_3d_r1_COMS58.sb.117_sub_2022_IncS_CWRU.v17.P_3d_r1_COMS58_k141_1163254_18	K19092	0.6488	0.9649	
2022_IncS_CWRU.v17.P_3d_r1_COMS58.sb.117_sub_2022_IncS_CWRU.v17.P_3d_r1_COMS58_k141_1163254_19	K12845	0.1628	0.7509	
2022_IncS_CWRU.v17.P_3d_r1_COMS58.sb.117_sub_2022_IncS_CWRU.v17.P_3d_r1_COMS58_k141_1163254_20	K00010	0.9672	0.9901	
2022_IncS_CWRU.v17.P_3d_r1_COMS58.sb.117_sub_2022_IncS_CWRU.v17.P_3d_r1_COMS58_k141_1163254_21	K03734	0.9994	0.8831	*
2022_IncS_CWRU.v17.P_3d_r1_COMS58.sb.117_sub_2022_IncS_CWRU.v17.P_3d_r1_COMS58_k141_1163254_22	K10773	0.9987	0.91	*
2022_IncS_CWRU.v17.P_3d_r1_COMS58.sb.117_sub_2022_IncS_CWRU.v17.P_3d_r1_COMS58_k141_1163254_23	K01719	0.9914	0.8361	*
2022_IncS_CWRU.v17.P_3d_r1_COMS58.sb.117_sub_2022_IncS_CWRU.v17.P_3d_r1_COMS58_k141_1163254_24	K01749	0.9992	0.903	*
2022_IncS_CWRU.v17.P_3d_r1_COMS58.sb.117_sub_2022_IncS_CWRU.v17.P_3d_r1_COMS58_k141_1163254_25	K02492	1.0	0.9192	*
2022_IncS_CWRU.v17.P_3d_r1_COMS58.sb.117_sub_2022_IncS_CWRU.v17.P_3d_r1_COMS58_k141_1163254_26	K07089	0.2569	0.9433	
2022_IncS_CWRU.v17.P_3d_r1_COMS58.sb.117_sub_2022_IncS_CWRU.v17.P_3d_r1_COMS58_k141_1163254_27	K06135	0.0909	0.9814	
2022_IncS_CWRU.v17.P_3d_r1_COMS58.sb.117_sub_2022_IncS_CWRU.v17.P_3d_r1_COMS58_k141_1989745_1	K10914	0.8381	0.88	
2022_IncS_CWRU.v17.P_3d_r1_COMS58.sb.117_sub_2022_IncS_CWRU.v17.P_3d_r1_COMS58_k141_1989745_2	K07497	0.2136	0.9505	
2022_IncS_CWRU.v17.P_3d_r1_COMS58.sb.117_sub_2022_IncS_CWRU.v17.P_3d_r1_COMS58_k141_1989745_3	K01139	0.5202	0.7287	
2022_IncS_CWRU.v17.P_3d_r1_COMS58.sb.117_sub_2022_IncS_CWRU.v17.P_3d_r1_COMS58_k141_1989745_4	K08995	0.3541	0.9905	
2022_IncS_CWRU.v17.P_3d_r1_COMS58.sb.117_sub_2022_IncS_CWRU.v17.P_3d_r1_COMS58_k141_1989745_5	K08664	0.3151	0.7786	
2022_IncS_CWRU.v17.P_3d_r1_COMS58.sb.117_sub_2022_IncS_CWRU.v17.P_3d_r1_COMS58_k141_1989745_6	K12976	0.7259	0.9846	
2022_IncS_CWRU.v17.P_3d_r1_COMS58.sb.117_sub_2022_IncS_CWRU.v17.P_3d_r1_COMS58_k141_1989745_7	K06889	0.5069	0.9765	
2022_IncS_CWRU.v17.P_3d_r1_COMS58.sb.117_sub_2022_IncS_CWRU.v17.P_3d_r1_COMS58_k141_1989745_8	K06969	0.9795	0.8911	*
2022_IncS_CWRU.v17.P_3d_r1_COMS58.sb.117_sub_2022_IncS_CWRU.v17.P_3d_r1_COMS58_k141_1989745_9	K15977	0.301	0.992	
2022_IncS_CWRU.v17.P_3d_r1_COMS58.sb.117_sub_2022_IncS_CWRU.v17.P_3d_r1_COMS58_k141_1989745_10	K16347	0.2968	0.8248	
2022_IncS_CWRU.v17.P_3d_r1_COMS58.sb.117_sub_2022_IncS_CWRU.v17.P_3d_r1_COMS58_k141_1441617_1	K19002	0.8367	0.9588	
2022_IncS_CWRU.v17.P_3d_r1_COMS58.sb.117_sub_2022_IncS_CWRU.v17.P_3d_r1_COMS58_k141_1441617_2	K03523	0.6824	0.9681	
2022_IncS_CWRU.v17.P_3d_r1_COMS58.sb.117_sub_2022_IncS_CWRU.v17.P_3d_r1_COMS58_k141_1441617_3	K02037	0.9986	0.735	*
2022_IncS_CWRU.v17.P_3d_r1_COMS58.sb.117_sub_2022_IncS_CWRU.v17.P_3d_r1_COMS58_k141_1441617_4	K02038	1.0	0.8189	*
2022_IncS_CWRU.v17.P_3d_r1_COMS58.sb.117_sub_2022_IncS_CWRU.v17.P_3d_r1_COMS58_k141_1441617_5	K02036	0.9999	0.7464	*
2022_IncS_CWRU.v17.P_3d_r1_COMS58.sb.117_sub_2022_IncS_CWRU.v17.P_3d_r1_COMS58_k141_1441617_6	K02039	0.9999	0.9264	*
2022_IncS_CWRU.v17.P_3d_r1_COMS58.sb.117_sub_2022_IncS_CWRU.v17.P_3d_r1_COMS58_k141_1441617_7	K02014	0.1994	0.9106	
2022_IncS_CWRU.v17.P_3d_r1_COMS58.sb.117_sub_2022_IncS_CWRU.v17.P_3d_r1_COMS58_k141_1441668_1	K02527	0.9998	0.8554	*
2022_IncS_CWRU.v17.P_3d_r1_COMS58.sb.117_sub_2022_IncS_CWRU.v17.P_3d_r1_COMS58_k141_1441668_2	K09796	0.4817	0.9827	
2022_IncS_CWRU.v17.P_3d_r1_COMS58.sb.117_sub_2022_IncS_CWRU.v17.P_3d_r1_COMS58_k141_1441668_3	K26986	0.2586	0.857	
2022_IncS_CWRU.v17.P_3d_r1_COMS58.sb.117_sub_2022_IncS_CWRU.v17.P_3d_r1_COMS58_k141_1441668_4	K01737	0.9999	0.8857	*
2022_IncS_CWRU.v17.P_3d_r1_COMS58.sb.117_sub_2022_IncS_CWRU.v17.P_3d_r1_COMS58_k141_1441668_5	K05567	0.3786	0.9657	
2022_IncS_CWRU.v17.P_3d_r1_COMS58.sb.117_sub_2022_IncS_CWRU.v17.P_3d_r1_COMS58_k141_1441668_6	K03722	0.9982	0.919	*
2022_IncS_CWRU.v17.P_3d_r1_COMS58.sb.117_sub_2022_IncS_CWRU.v17.P_3d_r1_COMS58_k141_1441668_7	K11358	0.3876	0.6079	
2022_IncS_CWRU.v17.P_3d_r1_COMS58.sb.117_sub_2022_IncS_CWRU.v17.P_3d_r1_COMS58_k141_1716013_1	K09131	0.1546	0.8424	
2022_IncS_CWRU.v17.P_3d_r1_COMS58.sb.117_sub_2022_IncS_CWRU.v17.P_3d_r1_COMS58_k141_1716013_2	K12976	0.8809	0.9846	
2022_IncS_CWRU.v17.P_3d_r1_COMS58.sb.117_sub_2022_IncS_CWRU.v17.P_3d_r1_COMS58_k141_1716013_3	K06202	0.9949	0.9497	*
2022_IncS_CWRU.v17.P_3d_r1_COMS58.sb.117_sub_2022_IncS_CWRU.v17.P_3d_r1_COMS58_k141_1716013_4	K03598	0.3447	0.9172	
2022_IncS_CWRU.v17.P_3d_r1_COMS58.sb.117_sub_2022_IncS_CWRU.v17.P_3d_r1_COMS58_k141_1716013_5	K03236	0.0957	0.9155	
2022_IncS_CWRU.v17.P_3d_r1_COMS58.sb.117_sub_2022_IncS_CWRU.v17.P_3d_r1_COMS58_k141_1716013_6	K03320	1.0	0.932	*
2022_IncS_CWRU.v17.P_3d_r1_COMS58.sb.117_sub_2022_IncS_CWRU.v17.P_3d_r1_COMS58_k141_1716013_7	K23777	0.4546	0.9437	
2022_IncS_CWRU.v17.P_3d_r1_COMS58.sb.117_sub_2022_IncS_CWRU.v17.P_3d_r1_COMS58_k141_1716013_8	K01993	0.7682	0.8337	
2022_IncS_CWRU.v17.P_3d_r1_COMS58.sb.117_sub_2022_IncS_CWRU.v17.P_3d_r1_COMS58_k141_1716013_9	K01990	0.9999	0.816	*
2022_IncS_CWRU.v17.P_3d_r1_COMS58.sb.117_sub_2022_IncS_CWRU.v17.P_3d_r1_COMS58_k141_1716013_10	K01992	0.8736	0.9181	
2022_IncS_CWRU.v17.P_3d_r1_COMS58.sb.117_sub_2022_IncS_CWRU.v17.P_3d_r1_COMS58_k141_1716013_11	K07152	0.9217	0.9722	
2022_IncS_CWRU.v17.P_3d_r1_COMS58.sb.117_sub_2022_IncS_CWRU.v17.P_3d_r1_COMS58_k141_1716013_12	K07025	0.8487	0.8331	*
2022_IncS_CWRU.v17.P_3d_r1_COMS58.sb.117_sub_2022_IncS_CWRU.v17.P_3d_r1_COMS58_k141_1716013_13	K01256	0.7193	0.9485	
2022_IncS_CWRU.v17.P_3d_r1_COMS58.sb.117_sub_2022_IncS_CWRU.v17.P_3d_r1_COMS58_k141_1716013_14	K03101	0.9946	0.9776	*
2022_IncS_CWRU.v17.P_3d_r1_COMS58.sb.117_sub_2022_IncS_CWRU.v17.P_3d_r1_COMS58_k141_1716013_15	K01870	0.9976	0.9242	*
2022_IncS_CWRU.v17.P_3d_r1_COMS58.sb.117_sub_2022_IncS_CWRU.v17.P_3d_r1_COMS58_k141_1716013_16	K03832	0.9969	0.9754	*
2022_IncS_CWRU.v17.P_3d_r1_COMS58.sb.117_sub_2022_IncS_CWRU.v17.P_3d_r1_COMS58_k141_1716013_17	K11258	0.8201	0.9153	
2022_IncS_CWRU.v17.P_3d_r1_COMS58.sb.117_sub_2022_IncS_CWRU.v17.P_3d_r1_COMS58_k141_1716013_18	K21498	0.9993	0.9324	*
2022_IncS_CWRU.v17.P_3d_r1_COMS58.sb.117_sub_2022_IncS_CWRU.v17.P_3d_r1_COMS58_k141_1716013_19	K07334	0.9861	0.9204	*
2022_IncS_CWRU.v17.P_3d_r1_COMS58.sb.117_sub_2022_IncS_CWRU.v17.P_3d_r1_COMS58_k141_1716013_20	K03671	0.593	0.9801	
2022_IncS_CWRU.v17.P_3d_r1_COMS58.sb.117_sub_2022_IncS_CWRU.v17.P_3d_r1_COMS58_k141_1716013_21	K00752	0.6194	0.9758	
2022_IncS_CWRU.v17.P_3d_r1_COMS58.sb.117_sub_2022_IncS_CWRU.v17.P_3d_r1_COMS58_k141_1716013_22	K01737	0.9973	0.8857	*
2022_IncS_CWRU.v17.P_3d_r1_COMS58.sb.117_sub_2022_IncS_CWRU.v17.P_3d_r1_COMS58_k141_1716013_23	K01737	0.9944	0.8857	*
2022_IncS_CWRU.v17.P_3d_r1_COMS58.sb.117_sub_2022_IncS_CWRU.v17.P_3d_r1_COMS58_k141_1716013_24	K01495	1.0	0.8011	*
2022_IncS_CWRU.v17.P_3d_r1_COMS58.sb.117_sub_2022_IncS_CWRU.v17.P_3d_r1_COMS58_k141_1716013_25	K03177	1.0	0.7738	*
2022_IncS_CWRU.v17.P_3d_r1_COMS58.sb.117_sub_2022_IncS_CWRU.v17.P_3d_r1_COMS58_k141_1716013_26	K10804	1.0	0.9984	*
2022_IncS_CWRU.v17.P_3d_r1_COMS58.sb.117_sub_2022_IncS_CWRU.v17.P_3d_r1_COMS58_k141_1716013_27	K02003	0.9949	0.8884	*
2022_IncS_CWRU.v17.P_3d_r1_COMS58.sb.117_sub_2022_IncS_CWRU.v17.P_3d_r1_COMS58_k141_1716013_28	K02004	1.0	0.8778	*
2022_IncS_CWRU.v17.P_3d_r1_COMS58.sb.117_sub_2022_IncS_CWRU.v17.P_3d_r1_COMS58_k141_886330_1	K09800	0.9645	0.9981	
2022_IncS_CWRU.v17.P_3d_r1_COMS58.sb.117_sub_2022_IncS_CWRU.v17.P_3d_r1_COMS58_k141_886330_2	K00728	0.9007	0.9797	
2022_IncS_CWRU.v17.P_3d_r1_COMS58.sb.117_sub_2022_IncS_CWRU.v17.P_3d_r1_COMS58_k141_886363_1	K03111	0.9433	0.945	
2022_IncS_CWRU.v17.P_3d_r1_COMS58.sb.117_sub_2022_IncS_CWRU.v17.P_3d_r1_COMS58_k141_886363_2	K05564	0.9386	0.8946	*
2022_IncS_CWRU.v17.P_3d_r1_COMS58.sb.117_sub_2022_IncS_CWRU.v17.P_3d_r1_COMS58_k141_886363_3	K08976	0.9997	0.9864	*
2022_IncS_CWRU.v17.P_3d_r1_COMS58.sb.117_sub_2022_IncS_CWRU.v17.P_3d_r1_COMS58_k141_886363_4	K02257	0.9996	0.8819	*
2022_IncS_CWRU.v17.P_3d_r1_COMS58.sb.117_sub_2022_IncS_CWRU.v17.P_3d_r1_COMS58_k141_886363_5	K21471	0.2719	0.9692	
2022_IncS_CWRU.v17.P_3d_r1_COMS58.sb.117_sub_2022_IncS_CWRU.v17.P_3d_r1_COMS58_k141_886363_6	K22622	0.3963	0.951	
2022_IncS_CWRU.v17.P_3d_r1_COMS58.sb.117_sub_2022_IncS_CWRU.v17.P_3d_r1_COMS58_k141_1716181_1	K02014	0.4824	0.9106	
2022_IncS_CWRU.v17.P_3d_r1_COMS58.sb.117_sub_2022_IncS_CWRU.v17.P_3d_r1_COMS58_k141_1716181_2	K03431	0.6735	0.5758	*
2022_IncS_CWRU.v17.P_3d_r1_COMS58.sb.117_sub_2022_IncS_CWRU.v17.P_3d_r1_COMS58_k141_1716181_3	K03601	1.0	0.9379	*
2022_IncS_CWRU.v17.P_3d_r1_COMS58.sb.117_sub_2022_IncS_CWRU.v17.P_3d_r1_COMS58_k141_1716181_4	K00943	1.0	0.9282	*
2022_IncS_CWRU.v17.P_3d_r1_COMS58.sb.117_sub_2022_IncS_CWRU.v17.P_3d_r1_COMS58_k141_1716181_5	K04771	0.4548	0.941	
2022_IncS_CWRU.v17.P_3d_r1_COMS58.sb.117_sub_2022_IncS_CWRU.v17.P_3d_r1_COMS58_k141_1716181_6	K19236	0.2034	0.9554	
2022_IncS_CWRU.v17.P_3d_r1_COMS58.sb.117_sub_2022_IncS_CWRU.v17.P_3d_r1_COMS58_k141_1716181_7	K03501	0.9969	0.9229	*
2022_IncS_CWRU.v17.P_3d_r1_COMS58.sb.117_sub_2022_IncS_CWRU.v17.P_3d_r1_COMS58_k141_1716181_8	K00940	0.9993	0.8188	*
2022_IncS_CWRU.v17.P_3d_r1_COMS58.sb.117_sub_2022_IncS_CWRU.v17.P_3d_r1_COMS58_k141_1716181_9	K09915	0.9996	0.8108	*
2022_IncS_CWRU.v17.P_3d_r1_COMS58.sb.117_sub_2022_IncS_CWRU.v17.P_3d_r1_COMS58_k141_1716181_10	K03217	0.9999	0.9363	*
2022_IncS_CWRU.v17.P_3d_r1_COMS58.sb.117_sub_2022_IncS_CWRU.v17.P_3d_r1_COMS58_k141_1716181_11	K08998	0.9999	0.9628	*
2022_IncS_CWRU.v17.P_3d_r1_COMS58.sb.117_sub_2022_IncS_CWRU.v17.P_3d_r1_COMS58_k141_1716181_12	K03536	0.9977	0.8936	*
2022_IncS_CWRU.v17.P_3d_r1_COMS58.sb.117_sub_2022_IncS_CWRU.v17.P_3d_r1_COMS58_k141_1716181_13	K02914	0.9651	0.9626	*
2022_IncS_CWRU.v17.P_3d_r1_COMS58.sb.117_sub_2022_IncS_CWRU.v17.P_3d_r1_COMS58_k141_1716181_14	K11235	0.2168	0.9068	
2022_IncS_CWRU.v17.P_3d_r1_COMS58.sb.117_sub_2022_IncS_CWRU.v17.P_3d_r1_COMS58_k141_1165074_1	K02915	0.3793	0.8703	
2022_IncS_CWRU.v17.P_3d_r1_COMS58.sb.117_sub_2022_IncS_CWRU.v17.P_3d_r1_COMS58_k141_1165074_2	K13589	0.2081	0.9794	
2022_IncS_CWRU.v17.P_3d_r1_COMS58.sb.117_sub_2022_IncS_CWRU.v17.P_3d_r1_COMS58_k141_1165074_3	K22736	0.6934	0.9842	
2022_IncS_CWRU.v17.P_3d_r1_COMS58.sb.117_sub_2022_IncS_CWRU.v17.P_3d_r1_COMS58_k141_1165074_4	K06383	0.2753	0.9685	
2022_IncS_CWRU.v17.P_3d_r1_COMS58.sb.117_sub_2022_IncS_CWRU.v17.P_3d_r1_COMS58_k141_1165074_5	K18831	0.6257	0.9354	
2022_IncS_CWRU.v17.P_3d_r1_COMS58.sb.117_sub_2022_IncS_CWRU.v17.P_3d_r1_COMS58_k141_1165074_6	K00603	0.6188	0.6658	
2022_IncS_CWRU.v17.P_3d_r1_COMS58.sb.117_sub_2022_IncS_CWRU.v17.P_3d_r1_COMS58_k141_62688_1	K07075	0.5774	0.9688	
2022_IncS_CWRU.v17.P_3d_r1_COMS58.sb.117_sub_2022_IncS_CWRU.v17.P_3d_r1_COMS58_k141_62688_2	K03797	0.9983	0.9948	*
2022_IncS_CWRU.v17.P_3d_r1_COMS58.sb.117_sub_2022_IncS_CWRU.v17.P_3d_r1_COMS58_k141_62688_3	K15977	0.8118	0.992	
2022_IncS_CWRU.v17.P_3d_r1_COMS58.sb.117_sub_2022_IncS_CWRU.v17.P_3d_r1_COMS58_k141_62688_4	K00974	0.4807	0.8907	
2022_IncS_CWRU.v17.P_3d_r1_COMS58.sb.117_sub_2022_IncS_CWRU.v17.P_3d_r1_COMS58_k141_62688_5	K19296	0.4505	0.9483	
2022_IncS_CWRU.v17.P_3d_r1_COMS58.sb.117_sub_2022_IncS_CWRU.v17.P_3d_r1_COMS58_k141_62688_6	K15876	0.7015	0.953	
2022_IncS_CWRU.v17.P_3d_r1_COMS58.sb.117_sub_2022_IncS_CWRU.v17.P_3d_r1_COMS58_k141_1991547_1	K02484	0.3596	0.9091	
2022_IncS_CWRU.v17.P_3d_r1_COMS58.sb.117_sub_2022_IncS_CWRU.v17.P_3d_r1_COMS58_k141_1991547_2	K09019	0.4306	0.9317	
2022_IncS_CWRU.v17.P_3d_r1_COMS58.sb.117_sub_2022_IncS_CWRU.v17.P_3d_r1_COMS58_k141_1991547_3	K07260	0.5075	0.9708	
2022_IncS_CWRU.v17.P_3d_r1_COMS58.sb.117_sub_2022_IncS_CWRU.v17.P_3d_r1_COMS58_k141_1991547_4	K12976	0.7638	0.9846	
2022_IncS_CWRU.v17.P_3d_r1_COMS58.sb.117_sub_2022_IncS_CWRU.v17.P_3d_r1_COMS58_k141_1991547_5	K00975	0.9997	0.9185	*
2022_IncS_CWRU.v17.P_3d_r1_COMS58.sb.117_sub_2022_IncS_CWRU.v17.P_3d_r1_COMS58_k141_1991547_6	K07497	0.1958	0.9505	
2022_IncS_CWRU.v17.P_3d_r1_COMS58.sb.117_sub_2022_IncS_CWRU.v17.P_3d_r1_COMS58_k141_1991547_7	K01676	0.9999	0.6102	*
2022_IncS_CWRU.v17.P_3d_r1_COMS58.sb.117_sub_2022_IncS_CWRU.v17.P_3d_r1_COMS58_k141_1991547_8	K28283	0.2049	0.7374	
2022_IncS_CWRU.v17.P_3d_r1_COMS58.sb.117_sub_2022_IncS_CWRU.v17.P_3d_r1_COMS58_k141_1991547_9	K00891	0.9992	0.8883	*
2022_IncS_CWRU.v17.P_3d_r1_COMS58.sb.117_sub_2022_IncS_CWRU.v17.P_3d_r1_COMS58_k141_1991547_10	K00919	0.9948	0.7712	*
2022_IncS_CWRU.v17.P_3d_r1_COMS58.sb.117_sub_2022_IncS_CWRU.v17.P_3d_r1_COMS58_k141_1991547_11	K00948	1.0	0.9129	*
2022_IncS_CWRU.v17.P_3d_r1_COMS58.sb.117_sub_2022_IncS_CWRU.v17.P_3d_r1_COMS58_k141_888288_1	K02014	0.627	0.9106	
2022_IncS_CWRU.v17.P_3d_r1_COMS58.sb.117_sub_2022_IncS_CWRU.v17.P_3d_r1_COMS58_k141_888288_2	K09710	0.8732	0.9498	
2022_IncS_CWRU.v17.P_3d_r1_COMS58.sb.117_sub_2022_IncS_CWRU.v17.P_3d_r1_COMS58_k141_888288_3	K00969	0.9995	0.8625	*
2022_IncS_CWRU.v17.P_3d_r1_COMS58.sb.117_sub_2022_IncS_CWRU.v17.P_3d_r1_COMS58_k141_888288_4	K00330	0.4024	0.8573	
2022_IncS_CWRU.v17.P_3d_r1_COMS58.sb.117_sub_2022_IncS_CWRU.v17.P_3d_r1_COMS58_k141_888288_5	K15536	0.6652	0.9482	
2022_IncS_CWRU.v17.P_3d_r1_COMS58.sb.117_sub_2022_IncS_CWRU.v17.P_3d_r1_COMS58_k141_888288_6	K02030	0.5311	0.871	
2022_IncS_CWRU.v17.P_3d_r1_COMS58.sb.117_sub_2022_IncS_CWRU.v17.P_3d_r1_COMS58_k141_888288_7	K02169	0.3864	0.9598	
2022_IncS_CWRU.v17.P_3d_r1_COMS58.sb.117_sub_2022_IncS_CWRU.v17.P_3d_r1_COMS58_k141_888288_8	K21472	0.6905	0.9821	
2022_IncS_CWRU.v17.P_3d_r1_COMS58.sb.117_sub_2022_IncS_CWRU.v17.P_3d_r1_COMS58_k141_888288_9	K07126	0.9988	0.9766	*
2022_IncS_CWRU.v17.P_3d_r1_COMS58.sb.117_sub_2022_IncS_CWRU.v17.P_3d_r1_COMS58_k141_888288_10	K00600	0.9998	0.7146	*
2022_IncS_CWRU.v17.P_3d_r1_COMS58.sb.117_sub_2022_IncS_CWRU.v17.P_3d_r1_COMS58_k141_888288_11	K12976	0.2342	0.9846	
2022_IncS_CWRU.v17.P_3d_r1_COMS58.sb.117_sub_2022_IncS_CWRU.v17.P_3d_r1_COMS58_k141_888288_12	K01195	0.9991	0.879	*
2022_IncS_CWRU.v17.P_3d_r1_COMS58.sb.117_sub_2022_IncS_CWRU.v17.P_3d_r1_COMS58_k141_888288_13	K03530	0.3981	0.828	
2022_IncS_CWRU.v17.P_3d_r1_COMS58.sb.117_sub_2022_IncS_CWRU.v17.P_3d_r1_COMS58_k141_888288_14	K07126	0.7486	0.9766	
2022_IncS_CWRU.v17.P_3d_r1_COMS58.sb.117_sub_2022_IncS_CWRU.v17.P_3d_r1_COMS58_k141_888288_15	K00128	0.6191	0.7788	
2022_IncS_CWRU.v17.P_3d_r1_COMS58.sb.117_sub_2022_IncS_CWRU.v17.P_3d_r1_COMS58_k141_888288_16	K01247	0.9995	0.8147	*
2022_IncS_CWRU.v17.P_3d_r1_COMS58.sb.117_sub_2022_IncS_CWRU.v17.P_3d_r1_COMS58_k141_888288_17	K01312	0.2456	0.8728	
2022_IncS_CWRU.v17.P_3d_r1_COMS58.sb.117_sub_2022_IncS_CWRU.v17.P_3d_r1_COMS58_k141_888288_18	K01256	0.1436	0.9485	
2022_IncS_CWRU.v17.P_3d_r1_COMS58.sb.117_sub_2022_IncS_CWRU.v17.P_3d_r1_COMS58_k141_889587_1	K19089	0.6245	0.7435	
2022_IncS_CWRU.v17.P_3d_r1_COMS58.sb.117_sub_2022_IncS_CWRU.v17.P_3d_r1_COMS58_k141_889587_2	K12513	0.181	0.9805	
2022_IncS_CWRU.v17.P_3d_r1_COMS58.sb.117_sub_2022_IncS_CWRU.v17.P_3d_r1_COMS58_k141_889587_3	K19051	0.5029	0.9398	
2022_IncS_CWRU.v17.P_3d_r1_COMS58.sb.117_sub_2022_IncS_CWRU.v17.P_3d_r1_COMS58_k141_889587_4	K01897	0.4079	0.8502	
2022_IncS_CWRU.v17.P_3d_r1_COMS58.sb.117_sub_2022_IncS_CWRU.v17.P_3d_r1_COMS58_k141_889587_5	K01895	0.2002	0.8024	
2022_IncS_CWRU.v17.P_3d_r1_COMS58.sb.117_sub_2022_IncS_CWRU.v17.P_3d_r1_COMS58_k141_889587_6	K15545	0.4862	0.8869	
2022_IncS_CWRU.v17.P_3d_r1_COMS58.sb.117_sub_2022_IncS_CWRU.v17.P_3d_r1_COMS58_k141_889587_7	K02067	0.9625	0.9674	
2022_IncS_CWRU.v17.P_3d_r1_COMS58.sb.117_sub_2022_IncS_CWRU.v17.P_3d_r1_COMS58_k141_64713_1	K00075	0.3016	0.7289	
2022_IncS_CWRU.v17.P_3d_r1_COMS58.sb.117_sub_2022_IncS_CWRU.v17.P_3d_r1_COMS58_k141_64713_2	K01738	0.9999	0.7639	*
2022_IncS_CWRU.v17.P_3d_r1_COMS58.sb.117_sub_2022_IncS_CWRU.v17.P_3d_r1_COMS58_k141_64713_3	K00640	0.9966	0.8945	*
2022_IncS_CWRU.v17.P_3d_r1_COMS58.sb.117_sub_2022_IncS_CWRU.v17.P_3d_r1_COMS58_k141_64713_4	K01728	0.7657	0.9731	
2022_IncS_CWRU.v17.P_3d_r1_COMS58.sb.117_sub_2022_IncS_CWRU.v17.P_3d_r1_COMS58_k141_64713_5	K03641	0.4082	0.9853	
2022_IncS_CWRU.v17.P_3d_r1_COMS58.sb.117_sub_2022_IncS_CWRU.v17.P_3d_r1_COMS58_k141_64713_6	K19236	0.7296	0.9554	
2022_IncS_CWRU.v17.P_3d_r1_COMS58.sb.117_sub_2022_IncS_CWRU.v17.P_3d_r1_COMS58_k141_64713_7	K06218	0.7855	0.9677	
2022_IncS_CWRU.v17.P_3d_r1_COMS58.sb.117_sub_2022_IncS_CWRU.v17.P_3d_r1_COMS58_k141_64713_8	K23239	0.2554	0.9008	
2022_IncS_CWRU.v17.P_3d_r1_COMS58.sb.117_sub_2022_IncS_CWRU.v17.P_3d_r1_COMS58_k141_64713_9	K18139	0.9215	0.7489	*
2022_IncS_CWRU.v17.P_3d_r1_COMS58.sb.117_sub_2022_IncS_CWRU.v17.P_3d_r1_COMS58_k141_64713_10	K03585	0.7726	0.7228	*
2022_IncS_CWRU.v17.P_3d_r1_COMS58.sb.117_sub_2022_IncS_CWRU.v17.P_3d_r1_COMS58_k141_64713_11	K18138	0.9984	0.9385	*
2022_IncS_CWRU.v17.P_3d_r1_COMS58.sb.117_sub_2022_IncS_CWRU.v17.P_3d_r1_COMS58_k141_64713_12	K07799	0.9965	0.6342	*
2022_IncS_CWRU.v17.P_3d_r1_COMS58.sb.117_sub_2022_IncS_CWRU.v17.P_3d_r1_COMS58_k141_64713_13	K07788	0.9948	0.6889	*
2022_IncS_CWRU.v17.P_3d_r1_COMS58.sb.117_sub_2022_IncS_CWRU.v17.P_3d_r1_COMS58_k141_64713_14	K07789	0.9801	0.7214	*
2022_IncS_CWRU.v17.P_3d_r1_COMS58.sb.117_sub_2022_IncS_CWRU.v17.P_3d_r1_COMS58_k141_64713_15	K15510	0.2202	0.9961	
2022_IncS_CWRU.v17.P_3d_r1_COMS58.sb.117_sub_2022_IncS_CWRU.v17.P_3d_r1_COMS58_k141_64713_16	K00688	0.9944	0.9312	*
2022_IncS_CWRU.v17.P_3d_r1_COMS58.sb.117_sub_2022_IncS_CWRU.v17.P_3d_r1_COMS58_k141_64713_17	K23978	0.1007	0.98	
2022_IncS_CWRU.v17.P_3d_r1_COMS58.sb.117_sub_2022_IncS_CWRU.v17.P_3d_r1_COMS58_k141_64801_1	K02656	0.6755	0.9727	
2022_IncS_CWRU.v17.P_3d_r1_COMS58.sb.117_sub_2022_IncS_CWRU.v17.P_3d_r1_COMS58_k141_64801_2	K03748	0.6555	0.9981	
2022_IncS_CWRU.v17.P_3d_r1_COMS58.sb.117_sub_2022_IncS_CWRU.v17.P_3d_r1_COMS58_k141_64801_3	K07566	0.9999	0.7893	*
2022_IncS_CWRU.v17.P_3d_r1_COMS58.sb.117_sub_2022_IncS_CWRU.v17.P_3d_r1_COMS58_k141_64801_4	K03437	0.9989	0.839	*
2022_IncS_CWRU.v17.P_3d_r1_COMS58.sb.117_sub_2022_IncS_CWRU.v17.P_3d_r1_COMS58_k141_64801_5	K07478	1.0	0.8732	*
2022_IncS_CWRU.v17.P_3d_r1_COMS58.sb.117_sub_2022_IncS_CWRU.v17.P_3d_r1_COMS58_k141_64801_6	K08344	0.9545	0.9967	
2022_IncS_CWRU.v17.P_3d_r1_COMS58.sb.117_sub_2022_IncS_CWRU.v17.P_3d_r1_COMS58_k141_64801_7	K02836	0.9997	0.8621	*
2022_IncS_CWRU.v17.P_3d_r1_COMS58.sb.117_sub_2022_IncS_CWRU.v17.P_3d_r1_COMS58_k141_64801_8	K07334	0.9955	0.9204	*
2022_IncS_CWRU.v17.P_3d_r1_COMS58.sb.117_sub_2022_IncS_CWRU.v17.P_3d_r1_COMS58_k141_64801_9	K21498	1.0	0.9324	*
2022_IncS_CWRU.v17.P_3d_r1_COMS58.sb.117_sub_2022_IncS_CWRU.v17.P_3d_r1_COMS58_k141_64801_10	K14425	0.333	0.5569	
2022_IncS_CWRU.v17.P_3d_r1_COMS58.sb.117_sub_2022_IncS_CWRU.v17.P_3d_r1_COMS58_k141_64801_11	K07741	0.2094	0.9246	
2022_IncS_CWRU.v17.P_3d_r1_COMS58.sb.117_sub_2022_IncS_CWRU.v17.P_3d_r1_COMS58_k141_64801_12	K03820	1.0	0.9798	*
2022_IncS_CWRU.v17.P_3d_r1_COMS58.sb.117_sub_2022_IncS_CWRU.v17.P_3d_r1_COMS58_k141_64801_13	K07216	0.0685	0.9407	
2022_IncS_CWRU.v17.P_3d_r1_COMS58.sb.117_sub_2022_IncS_CWRU.v17.P_3d_r1_COMS58_k141_64801_14	K03704	0.3445	0.9704	
2022_IncS_CWRU.v17.P_3d_r1_COMS58.sb.117_sub_2022_IncS_CWRU.v17.P_3d_r1_COMS58_k141_64801_15	K00330	0.9905	0.8573	*
2022_IncS_CWRU.v17.P_3d_r1_COMS58.sb.117_sub_2022_IncS_CWRU.v17.P_3d_r1_COMS58_k141_64801_16	K00332	0.9981	0.8741	*
2022_IncS_CWRU.v17.P_3d_r1_COMS58.sb.117_sub_2022_IncS_CWRU.v17.P_3d_r1_COMS58_k141_64801_17	K00333	0.9997	0.5545	*
2022_IncS_CWRU.v17.P_3d_r1_COMS58.sb.117_sub_2022_IncS_CWRU.v17.P_3d_r1_COMS58_k141_64801_18	K03743	0.1042	0.9544	
2022_IncS_CWRU.v17.P_3d_r1_COMS58.sb.117_sub_2022_IncS_CWRU.v17.P_3d_r1_COMS58_k141_64801_19	K00335	0.9897	0.7874	*
2022_IncS_CWRU.v17.P_3d_r1_COMS58.sb.117_sub_2022_IncS_CWRU.v17.P_3d_r1_COMS58_k141_64801_20	K03741	0.2822	0.9253	
2022_IncS_CWRU.v17.P_3d_r1_COMS58.sb.117_sub_2022_IncS_CWRU.v17.P_3d_r1_COMS58_k141_64801_21	K00336	0.9525	0.8564	*
2022_IncS_CWRU.v17.P_3d_r1_COMS58.sb.117_sub_2022_IncS_CWRU.v17.P_3d_r1_COMS58_k141_64801_22	K00337	0.9998	0.9046	*
2022_IncS_CWRU.v17.P_3d_r1_COMS58.sb.117_sub_2022_IncS_CWRU.v17.P_3d_r1_COMS58_k141_64801_23	K00339	0.9998	0.9488	*
2022_IncS_CWRU.v17.P_3d_r1_COMS58.sb.117_sub_2022_IncS_CWRU.v17.P_3d_r1_COMS58_k141_64801_24	K00340	0.9537	0.8739	*
2022_IncS_CWRU.v17.P_3d_r1_COMS58.sb.117_sub_2022_IncS_CWRU.v17.P_3d_r1_COMS58_k141_64801_25	K00341	0.9933	0.8923	*
2022_IncS_CWRU.v17.P_3d_r1_COMS58.sb.117_sub_2022_IncS_CWRU.v17.P_3d_r1_COMS58_k141_64801_26	K00342	0.993	0.8557	*
2022_IncS_CWRU.v17.P_3d_r1_COMS58.sb.117_sub_2022_IncS_CWRU.v17.P_3d_r1_COMS58_k141_64801_27	K00343	0.9907	0.9135	*
2022_IncS_CWRU.v17.P_3d_r1_COMS58.sb.117_sub_2022_IncS_CWRU.v17.P_3d_r1_COMS58_k141_64801_28	K05582	0.1686	0.4349	
2022_IncS_CWRU.v17.P_3d_r1_COMS58.sb.117_sub_2022_IncS_CWRU.v17.P_3d_r1_COMS58_k141_614157_1	K19092	0.1857	0.9649	
2022_IncS_CWRU.v17.P_3d_r1_COMS58.sb.117_sub_2022_IncS_CWRU.v17.P_3d_r1_COMS58_k141_614157_2	K19394	0.5851	0.9976	
2022_IncS_CWRU.v17.P_3d_r1_COMS58.sb.117_sub_2022_IncS_CWRU.v17.P_3d_r1_COMS58_k141_614157_3	K26597	0.7307	0.8276	
2022_IncS_CWRU.v17.P_3d_r1_COMS58.sb.117_sub_2022_IncS_CWRU.v17.P_3d_r1_COMS58_k141_614157_4	K04764	0.1934	0.7531	
2022_IncS_CWRU.v17.P_3d_r1_COMS58.sb.117_sub_2022_IncS_CWRU.v17.P_3d_r1_COMS58_k141_614157_5	K03572	0.9975	0.7752	*
2022_IncS_CWRU.v17.P_3d_r1_COMS58.sb.117_sub_2022_IncS_CWRU.v17.P_3d_r1_COMS58_k141_614157_6	K03217	0.5878	0.9363	
2022_IncS_CWRU.v17.P_3d_r1_COMS58.sb.117_sub_2022_IncS_CWRU.v17.P_3d_r1_COMS58_k141_614157_7	K00945	0.9992	0.9277	*
2022_IncS_CWRU.v17.P_3d_r1_COMS58.sb.117_sub_2022_IncS_CWRU.v17.P_3d_r1_COMS58_k141_614157_8	K09984	0.7529	0.9717	
2022_IncS_CWRU.v17.P_3d_r1_COMS58.sb.117_sub_2022_IncS_CWRU.v17.P_3d_r1_COMS58_k141_1446517_1	K03407	0.9749	0.9458	*
2022_IncS_CWRU.v17.P_3d_r1_COMS58.sb.117_sub_2022_IncS_CWRU.v17.P_3d_r1_COMS58_k141_1446517_2	K01489	1.0	0.8883	*
2022_IncS_CWRU.v17.P_3d_r1_COMS58.sb.117_sub_2022_IncS_CWRU.v17.P_3d_r1_COMS58_k141_1446517_3	K01803	1.0	0.8566	*
2022_IncS_CWRU.v17.P_3d_r1_COMS58.sb.117_sub_2022_IncS_CWRU.v17.P_3d_r1_COMS58_k141_1446517_4	K19701	0.6576	0.9797	
2022_IncS_CWRU.v17.P_3d_r1_COMS58.sb.117_sub_2022_IncS_CWRU.v17.P_3d_r1_COMS58_k141_1446517_5	K05986	0.5281	0.9161	
2022_IncS_CWRU.v17.P_3d_r1_COMS58.sb.117_sub_2022_IncS_CWRU.v17.P_3d_r1_COMS58_k141_1446517_6	K01173	0.297	0.9446	
2022_IncS_CWRU.v17.P_3d_r1_COMS58.sb.117_sub_2022_IncS_CWRU.v17.P_3d_r1_COMS58_k141_1446517_7	K01283	0.9999	0.9061	*
2022_IncS_CWRU.v17.P_3d_r1_COMS58.sb.117_sub_2022_IncS_CWRU.v17.P_3d_r1_COMS58_k141_1446517_8	K02650	0.354	0.935	
2022_IncS_CWRU.v17.P_3d_r1_COMS58.sb.117_sub_2022_IncS_CWRU.v17.P_3d_r1_COMS58_k141_1171056_1	K01993	0.9297	0.8337	*
2022_IncS_CWRU.v17.P_3d_r1_COMS58.sb.117_sub_2022_IncS_CWRU.v17.P_3d_r1_COMS58_k141_1171056_2	K01990	1.0	0.816	*
2022_IncS_CWRU.v17.P_3d_r1_COMS58.sb.117_sub_2022_IncS_CWRU.v17.P_3d_r1_COMS58_k141_1171056_3	K01992	0.9467	0.9181	*
2022_IncS_CWRU.v17.P_3d_r1_COMS58.sb.117_sub_2022_IncS_CWRU.v17.P_3d_r1_COMS58_k141_1171056_4	K07152	0.5284	0.9722	
2022_IncS_CWRU.v17.P_3d_r1_COMS58.sb.117_sub_2022_IncS_CWRU.v17.P_3d_r1_COMS58_k141_1171056_5	K03426	0.1624	0.8965	
2022_IncS_CWRU.v17.P_3d_r1_COMS58.sb.117_sub_2022_IncS_CWRU.v17.P_3d_r1_COMS58_k141_68815_1	K02972	0.5199	0.7573	
2022_IncS_CWRU.v17.P_3d_r1_COMS58.sb.117_sub_2022_IncS_CWRU.v17.P_3d_r1_COMS58_k141_68815_2	K07497	0.1223	0.9505	
2022_IncS_CWRU.v17.P_3d_r1_COMS58.sb.117_sub_2022_IncS_CWRU.v17.P_3d_r1_COMS58_k141_68815_3	K06950	0.155	0.9563	
2022_IncS_CWRU.v17.P_3d_r1_COMS58.sb.117_sub_2022_IncS_CWRU.v17.P_3d_r1_COMS58_k141_68815_4	K03771	0.969	0.8766	*
2022_IncS_CWRU.v17.P_3d_r1_COMS58.sb.117_sub_2022_IncS_CWRU.v17.P_3d_r1_COMS58_k141_68815_5	K26996	0.7288	0.9805	
2022_IncS_CWRU.v17.P_3d_r1_COMS58.sb.117_sub_2022_IncS_CWRU.v17.P_3d_r1_COMS58_k141_68815_6	K02440	0.9993	0.7809	*
2022_IncS_CWRU.v17.P_3d_r1_COMS58.sb.117_sub_2022_IncS_CWRU.v17.P_3d_r1_COMS58_k141_68815_7	K07171	0.5267	0.903	
2022_IncS_CWRU.v17.P_3d_r1_COMS58.sb.117_sub_2022_IncS_CWRU.v17.P_3d_r1_COMS58_k141_68815_8	K07484	0.2662	0.9506	
2022_IncS_CWRU.v17.P_3d_r1_COMS58.sb.117_sub_2022_IncS_CWRU.v17.P_3d_r1_COMS58_k141_68815_9	K09761	0.9977	0.8958	*
2022_IncS_CWRU.v17.P_3d_r1_COMS58.sb.117_sub_2022_IncS_CWRU.v17.P_3d_r1_COMS58_k141_68815_10	K07052	0.9982	0.9347	*
2022_IncS_CWRU.v17.P_3d_r1_COMS58.sb.117_sub_2022_IncS_CWRU.v17.P_3d_r1_COMS58_k141_68815_11	K03516	0.6085	0.922	
2022_IncS_CWRU.v17.P_3d_r1_COMS58.sb.117_sub_2022_IncS_CWRU.v17.P_3d_r1_COMS58_k141_68815_12	K22103	0.3408	0.7679	
2022_IncS_CWRU.v17.P_3d_r1_COMS58.sb.117_sub_2022_IncS_CWRU.v17.P_3d_r1_COMS58_k141_1723608_1	K15383	0.7762	0.973	
2022_IncS_CWRU.v17.P_3d_r1_COMS58.sb.117_sub_2022_IncS_CWRU.v17.P_3d_r1_COMS58_k141_1723608_2	K02362	0.465	0.866	
2022_IncS_CWRU.v17.P_3d_r1_COMS58.sb.117_sub_2022_IncS_CWRU.v17.P_3d_r1_COMS58_k141_1723608_3	K03317	1.0	0.874	*
2022_IncS_CWRU.v17.P_3d_r1_COMS58.sb.117_sub_2022_IncS_CWRU.v17.P_3d_r1_COMS58_k141_1723608_4	K00756	0.8844	0.7405	*
2022_IncS_CWRU.v17.P_3d_r1_COMS58.sb.117_sub_2022_IncS_CWRU.v17.P_3d_r1_COMS58_k141_1723608_5	K21449	0.5454	0.9892	
2022_IncS_CWRU.v17.P_3d_r1_COMS58.sb.117_sub_2022_IncS_CWRU.v17.P_3d_r1_COMS58_k141_1723608_6	K28650	0.4518	0.6859	
2022_IncS_CWRU.v17.P_3d_r1_COMS58.sb.117_sub_2022_IncS_CWRU.v17.P_3d_r1_COMS58_k141_1723608_7	K07263	0.9997	0.9787	*
2022_IncS_CWRU.v17.P_3d_r1_COMS58.sb.117_sub_2022_IncS_CWRU.v17.P_3d_r1_COMS58_k141_1723608_8	K13310	0.6366	0.8493	
2022_IncS_CWRU.v17.P_3d_r1_COMS58.sb.117_sub_2022_IncS_CWRU.v17.P_3d_r1_COMS58_k141_1723608_9	K03666	0.9819	0.9052	*
2022_IncS_CWRU.v17.P_3d_r1_COMS58.sb.117_sub_2022_IncS_CWRU.v17.P_3d_r1_COMS58_k141_70200_1	K00242	0.254	0.9286	
2022_IncS_CWRU.v17.P_3d_r1_COMS58.sb.117_sub_2022_IncS_CWRU.v17.P_3d_r1_COMS58_k141_70200_2	K18842	0.5388	0.7999	
2022_IncS_CWRU.v17.P_3d_r1_COMS58.sb.117_sub_2022_IncS_CWRU.v17.P_3d_r1_COMS58_k141_70200_3	K03709	0.6197	0.8746	
2022_IncS_CWRU.v17.P_3d_r1_COMS58.sb.117_sub_2022_IncS_CWRU.v17.P_3d_r1_COMS58_k141_70200_4	K00925	0.9953	0.7713	*
2022_IncS_CWRU.v17.P_3d_r1_COMS58.sb.117_sub_2022_IncS_CWRU.v17.P_3d_r1_COMS58_k141_70200_5	K10716	0.2002	0.9526	
2022_IncS_CWRU.v17.P_3d_r1_COMS58.sb.117_sub_2022_IncS_CWRU.v17.P_3d_r1_COMS58_k141_70200_6	K01621	1.0	0.703	*
2022_IncS_CWRU.v17.P_3d_r1_COMS58.sb.117_sub_2022_IncS_CWRU.v17.P_3d_r1_COMS58_k141_70200_7	K03297	0.4159	0.9395	
2022_IncS_CWRU.v17.P_3d_r1_COMS58.sb.117_sub_2022_IncS_CWRU.v17.P_3d_r1_COMS58_k141_70200_8	K16568	0.7989	0.9917	
2022_IncS_CWRU.v17.P_3d_r1_COMS58.sb.117_sub_2022_IncS_CWRU.v17.P_3d_r1_COMS58_k141_70200_9	K01802	0.2253	0.8914	
2022_IncS_CWRU.v17.P_3d_r1_COMS58.sb.117_sub_2022_IncS_CWRU.v17.P_3d_r1_COMS58_k141_70200_10	K00286	1.0	0.9154	*
2022_IncS_CWRU.v17.P_3d_r1_COMS58.sb.117_sub_2022_IncS_CWRU.v17.P_3d_r1_COMS58_k141_70200_11	K07335	0.7121	0.7891	
2022_IncS_CWRU.v17.P_3d_r1_COMS58.sb.117_sub_2022_IncS_CWRU.v17.P_3d_r1_COMS58_k141_70200_12	K01286	0.489	0.9666	
2022_IncS_CWRU.v17.P_3d_r1_COMS58.sb.117_sub_2022_IncS_CWRU.v17.P_3d_r1_COMS58_k141_70200_13	K01011	0.4003	0.9657	
2022_IncS_CWRU.v17.P_3d_r1_COMS58.sb.117_sub_2022_IncS_CWRU.v17.P_3d_r1_COMS58_k141_70200_14	K01421	0.3031	0.9894	
2022_IncS_CWRU.v17.P_3d_r1_COMS58.sb.117_sub_2022_IncS_CWRU.v17.P_3d_r1_COMS58_k141_70200_15	K25538	0.1425	0.9125	
2022_IncS_CWRU.v17.P_3d_r1_COMS58.sb.117_sub_2022_IncS_CWRU.v17.P_3d_r1_COMS58_k141_70200_16	K24131	0.5572	0.956	
2022_IncS_CWRU.v17.P_3d_r1_COMS58.sb.117_sub_2022_IncS_CWRU.v17.P_3d_r1_COMS58_k141_70200_17	K24295	0.9768	0.994	
2022_IncS_CWRU.v17.P_3d_r1_COMS58.sb.117_sub_2022_IncS_CWRU.v17.P_3d_r1_COMS58_k141_70200_18	K11890	0.3416	0.9366	
2022_IncS_CWRU.v17.P_3d_r1_COMS58.sb.117_sub_2022_IncS_CWRU.v17.P_3d_r1_COMS58_k141_70200_19	K07483	0.2627	0.9439	
2022_IncS_CWRU.v17.P_3d_r1_COMS58.sb.117_sub_2022_IncS_CWRU.v17.P_3d_r1_COMS58_k141_70200_20	K01421	0.485	0.9894	
2022_IncS_CWRU.v17.P_3d_r1_COMS58.sb.117_sub_2022_IncS_CWRU.v17.P_3d_r1_COMS58_k141_70200_21	K01283	0.4435	0.9061	
2022_IncS_CWRU.v17.P_3d_r1_COMS58.sb.117_sub_2022_IncS_CWRU.v17.P_3d_r1_COMS58_k141_70200_22	K01183	0.1481	0.9748	
2022_IncS_CWRU.v17.P_3d_r1_COMS58.sb.117_sub_2022_IncS_CWRU.v17.P_3d_r1_COMS58_k141_70200_23	K02574	0.5928	0.9981	
2022_IncS_CWRU.v17.P_3d_r1_COMS58.sb.117_sub_2022_IncS_CWRU.v17.P_3d_r1_COMS58_k141_70200_24	K02483	0.3513	0.83	
2022_IncS_CWRU.v17.P_3d_r1_COMS58.sb.117_sub_2022_IncS_CWRU.v17.P_3d_r1_COMS58_k141_70200_25	K02003	1.0	0.8884	*
2022_IncS_CWRU.v17.P_3d_r1_COMS58.sb.117_sub_2022_IncS_CWRU.v17.P_3d_r1_COMS58_k141_70200_26	K02005	0.9661	0.8233	*
2022_IncS_CWRU.v17.P_3d_r1_COMS58.sb.117_sub_2022_IncS_CWRU.v17.P_3d_r1_COMS58_k141_70200_27	K01173	0.3063	0.9446	
2022_IncS_CWRU.v17.P_3d_r1_COMS58.sb.117_sub_2022_IncS_CWRU.v17.P_3d_r1_COMS58_k141_70200_28	K02463	0.8939	0.8989	
2022_IncS_CWRU.v17.P_3d_r1_COMS58.sb.117_sub_2022_IncS_CWRU.v17.P_3d_r1_COMS58_k141_1173530_1	K03307	0.9964	0.8934	*
2022_IncS_CWRU.v17.P_3d_r1_COMS58.sb.117_sub_2022_IncS_CWRU.v17.P_3d_r1_COMS58_k141_1173530_2	K09764	0.9982	0.9076	*
2022_IncS_CWRU.v17.P_3d_r1_COMS58.sb.117_sub_2022_IncS_CWRU.v17.P_3d_r1_COMS58_k141_1173530_3	K18592	0.4287	0.7846	
2022_IncS_CWRU.v17.P_3d_r1_COMS58.sb.117_sub_2022_IncS_CWRU.v17.P_3d_r1_COMS58_k141_1173530_4	K02834	0.984	0.9183	*
2022_IncS_CWRU.v17.P_3d_r1_COMS58.sb.117_sub_2022_IncS_CWRU.v17.P_3d_r1_COMS58_k141_1173530_5	K21306	0.3493	0.9043	
2022_IncS_CWRU.v17.P_3d_r1_COMS58.sb.117_sub_2022_IncS_CWRU.v17.P_3d_r1_COMS58_k141_1173530_6	K18201	0.458	0.9414	
2022_IncS_CWRU.v17.P_3d_r1_COMS58.sb.117_sub_2022_IncS_CWRU.v17.P_3d_r1_COMS58_k141_1173530_7	K07345	0.5842	0.9603	
2022_IncS_CWRU.v17.P_3d_r1_COMS58.sb.117_sub_2022_IncS_CWRU.v17.P_3d_r1_COMS58_k141_2000092_1	K03131	0.4685	0.9257	
2022_IncS_CWRU.v17.P_3d_r1_COMS58.sb.117_sub_2022_IncS_CWRU.v17.P_3d_r1_COMS58_k141_2000092_2	K00945	0.9996	0.9277	*
2022_IncS_CWRU.v17.P_3d_r1_COMS58.sb.117_sub_2022_IncS_CWRU.v17.P_3d_r1_COMS58_k141_2000092_3	K03201	0.4467	0.9544	
2022_IncS_CWRU.v17.P_3d_r1_COMS58.sb.117_sub_2022_IncS_CWRU.v17.P_3d_r1_COMS58_k141_73231_1	K00823	0.7076	0.7331	
2022_IncS_CWRU.v17.P_3d_r1_COMS58.sb.117_sub_2022_IncS_CWRU.v17.P_3d_r1_COMS58_k141_73231_2	K07460	0.9941	0.8915	*
2022_IncS_CWRU.v17.P_3d_r1_COMS58.sb.117_sub_2022_IncS_CWRU.v17.P_3d_r1_COMS58_k141_73231_3	K04762	0.5066	0.958	
2022_IncS_CWRU.v17.P_3d_r1_COMS58.sb.117_sub_2022_IncS_CWRU.v17.P_3d_r1_COMS58_k141_73231_4	K07065	0.6081	0.8647	
2022_IncS_CWRU.v17.P_3d_r1_COMS58.sb.117_sub_2022_IncS_CWRU.v17.P_3d_r1_COMS58_k141_73231_5	K01724	0.785	0.9312	
2022_IncS_CWRU.v17.P_3d_r1_COMS58.sb.117_sub_2022_IncS_CWRU.v17.P_3d_r1_COMS58_k141_73231_6	K02597	0.6505	0.8043	
2022_IncS_CWRU.v17.P_3d_r1_COMS58.sb.117_sub_2022_IncS_CWRU.v17.P_3d_r1_COMS58_k141_73231_7	K04755	0.9839	0.9095	*
2022_IncS_CWRU.v17.P_3d_r1_COMS58.sb.117_sub_2022_IncS_CWRU.v17.P_3d_r1_COMS58_k141_73231_8	K04043	0.9595	0.956	*
2022_IncS_CWRU.v17.P_3d_r1_COMS58.sb.117_sub_2022_IncS_CWRU.v17.P_3d_r1_COMS58_k141_73231_9	K04082	1.0	0.9316	*
2022_IncS_CWRU.v17.P_3d_r1_COMS58.sb.117_sub_2022_IncS_CWRU.v17.P_3d_r1_COMS58_k141_73231_10	K13628	0.9953	0.8965	*
2022_IncS_CWRU.v17.P_3d_r1_COMS58.sb.117_sub_2022_IncS_CWRU.v17.P_3d_r1_COMS58_k141_73231_11	K04488	0.9247	0.8737	*
2022_IncS_CWRU.v17.P_3d_r1_COMS58.sb.117_sub_2022_IncS_CWRU.v17.P_3d_r1_COMS58_k141_73231_12	K04487	0.9997	0.8827	*
2022_IncS_CWRU.v17.P_3d_r1_COMS58.sb.117_sub_2022_IncS_CWRU.v17.P_3d_r1_COMS58_k141_73231_13	K17472	0.4518	0.935	
2022_IncS_CWRU.v17.P_3d_r1_COMS58.sb.117_sub_2022_IncS_CWRU.v17.P_3d_r1_COMS58_k141_73231_14	K08744	0.995	0.8518	*
2022_IncS_CWRU.v17.P_3d_r1_COMS58.sb.117_sub_2022_IncS_CWRU.v17.P_3d_r1_COMS58_k141_348206_1	K09858	0.1723	0.9582	
2022_IncS_CWRU.v17.P_3d_r1_COMS58.sb.117_sub_2022_IncS_CWRU.v17.P_3d_r1_COMS58_k141_348206_2	K17312	0.2363	0.6379	
2022_IncS_CWRU.v17.P_3d_r1_COMS58.sb.117_sub_2022_IncS_CWRU.v17.P_3d_r1_COMS58_k141_348206_3	K00059	0.8985	0.9613	
2022_IncS_CWRU.v17.P_3d_r1_COMS58.sb.117_sub_2022_IncS_CWRU.v17.P_3d_r1_COMS58_k141_348206_4	K06893	0.8367	0.974	
2022_IncS_CWRU.v17.P_3d_r1_COMS58.sb.117_sub_2022_IncS_CWRU.v17.P_3d_r1_COMS58_k141_348206_5	K03636	0.3991	0.8704	
2022_IncS_CWRU.v17.P_3d_r1_COMS58.sb.117_sub_2022_IncS_CWRU.v17.P_3d_r1_COMS58_k141_1727575_1	K02003	0.629	0.8884	
2022_IncS_CWRU.v17.P_3d_r1_COMS58.sb.117_sub_2022_IncS_CWRU.v17.P_3d_r1_COMS58_k141_1727575_2	K07117	0.9939	0.928	*
2022_IncS_CWRU.v17.P_3d_r1_COMS58.sb.117_sub_2022_IncS_CWRU.v17.P_3d_r1_COMS58_k141_1727575_3	K03640	0.3828	0.9739	
2022_IncS_CWRU.v17.P_3d_r1_COMS58.sb.117_sub_2022_IncS_CWRU.v17.P_3d_r1_COMS58_k141_1727575_4	K18672	0.4255	0.9559	
2022_IncS_CWRU.v17.P_3d_r1_COMS58.sb.117_sub_2022_IncS_CWRU.v17.P_3d_r1_COMS58_k141_1727575_5	K01733	1.0	0.8662	*
2022_IncS_CWRU.v17.P_3d_r1_COMS58.sb.117_sub_2022_IncS_CWRU.v17.P_3d_r1_COMS58_k141_1727575_6	K00872	0.9985	0.6019	*
2022_IncS_CWRU.v17.P_3d_r1_COMS58.sb.117_sub_2022_IncS_CWRU.v17.P_3d_r1_COMS58_k141_1727575_7	K03671	0.9998	0.9801	*
2022_IncS_CWRU.v17.P_3d_r1_COMS58.sb.117_sub_2022_IncS_CWRU.v17.P_3d_r1_COMS58_k141_1727575_8	K01356	0.9998	0.9887	*
2022_IncS_CWRU.v17.P_3d_r1_COMS58.sb.117_sub_2022_IncS_CWRU.v17.P_3d_r1_COMS58_k141_1727575_9	K07746	0.5672	0.9777	
2022_IncS_CWRU.v17.P_3d_r1_COMS58.sb.117_sub_2022_IncS_CWRU.v17.P_3d_r1_COMS58_k141_1727575_10	K13590	0.9336	0.9392	
2022_IncS_CWRU.v17.P_3d_r1_COMS58.sb.117_sub_2022_IncS_CWRU.v17.P_3d_r1_COMS58_k141_1727575_11	K02483	0.8247	0.83	
2022_IncS_CWRU.v17.P_3d_r1_COMS58.sb.117_sub_2022_IncS_CWRU.v17.P_3d_r1_COMS58_k141_1727575_12	K07713	0.337	0.8268	
2022_IncS_CWRU.v17.P_3d_r1_COMS58.sb.117_sub_2022_IncS_CWRU.v17.P_3d_r1_COMS58_k141_1727575_13	K00407	0.6011	0.992	
2022_IncS_CWRU.v17.P_3d_r1_COMS58.sb.117_sub_2022_IncS_CWRU.v17.P_3d_r1_COMS58_k141_1727575_14	K02387	0.9203	0.92	*
2022_IncS_CWRU.v17.P_3d_r1_COMS58.sb.117_sub_2022_IncS_CWRU.v17.P_3d_r1_COMS58_k141_1727575_15	K02388	1.0	0.9295	*
2022_IncS_CWRU.v17.P_3d_r1_COMS58.sb.117_sub_2022_IncS_CWRU.v17.P_3d_r1_COMS58_k141_1727575_16	K02408	0.9997	0.914	*
2022_IncS_CWRU.v17.P_3d_r1_COMS58.sb.117_sub_2022_IncS_CWRU.v17.P_3d_r1_COMS58_k141_1727575_17	K02409	0.9998	0.9469	*
2022_IncS_CWRU.v17.P_3d_r1_COMS58.sb.117_sub_2022_IncS_CWRU.v17.P_3d_r1_COMS58_k141_1727575_18	K18294	0.7757	0.978	
2022_IncS_CWRU.v17.P_3d_r1_COMS58.sb.117_sub_2022_IncS_CWRU.v17.P_3d_r1_COMS58_k141_1452868_1	K17823	0.4271	0.6613	
2022_IncS_CWRU.v17.P_3d_r1_COMS58.sb.117_sub_2022_IncS_CWRU.v17.P_3d_r1_COMS58_k141_1452868_2	K13640	0.9268	0.906	*
2022_IncS_CWRU.v17.P_3d_r1_COMS58.sb.117_sub_2022_IncS_CWRU.v17.P_3d_r1_COMS58_k141_1452868_3	K28868	0.9993	0.8907	*
2022_IncS_CWRU.v17.P_3d_r1_COMS58.sb.117_sub_2022_IncS_CWRU.v17.P_3d_r1_COMS58_k141_1452868_4	K05349	0.8376	0.8301	*
2022_IncS_CWRU.v17.P_3d_r1_COMS58.sb.117_sub_2022_IncS_CWRU.v17.P_3d_r1_COMS58_k141_1452868_5	K07483	0.2187	0.9439	
2022_IncS_CWRU.v17.P_3d_r1_COMS58.sb.117_sub_2022_IncS_CWRU.v17.P_3d_r1_COMS58_k141_1452868_6	K01669	0.687	0.8852	
2022_IncS_CWRU.v17.P_3d_r1_COMS58.sb.117_sub_2022_IncS_CWRU.v17.P_3d_r1_COMS58_k141_1452868_7	K26959	0.4244	0.8636	
2022_IncS_CWRU.v17.P_3d_r1_COMS58.sb.117_sub_2022_IncS_CWRU.v17.P_3d_r1_COMS58_k141_622683_1	K03948	0.9254	0.9781	
2022_IncS_CWRU.v17.P_3d_r1_COMS58.sb.117_sub_2022_IncS_CWRU.v17.P_3d_r1_COMS58_k141_622683_2	K01173	0.2812	0.9446	
2022_IncS_CWRU.v17.P_3d_r1_COMS58.sb.117_sub_2022_IncS_CWRU.v17.P_3d_r1_COMS58_k141_622683_3	K07117	0.3771	0.928	
2022_IncS_CWRU.v17.P_3d_r1_COMS58.sb.117_sub_2022_IncS_CWRU.v17.P_3d_r1_COMS58_k141_622683_4	K15383	0.9239	0.973	
2022_IncS_CWRU.v17.P_3d_r1_COMS58.sb.117_sub_2022_IncS_CWRU.v17.P_3d_r1_COMS58_k141_622683_5	K07090	0.9994	0.9739	*
2022_IncS_CWRU.v17.P_3d_r1_COMS58.sb.117_sub_2022_IncS_CWRU.v17.P_3d_r1_COMS58_k141_622683_6	K07724	0.5089	0.9692	
2022_IncS_CWRU.v17.P_3d_r1_COMS58.sb.117_sub_2022_IncS_CWRU.v17.P_3d_r1_COMS58_k141_622683_7	K23284	0.4685	0.9091	
2022_IncS_CWRU.v17.P_3d_r1_COMS58.sb.117_sub_2022_IncS_CWRU.v17.P_3d_r1_COMS58_k141_622683_8	K03695	0.999	0.878	*
2022_IncS_CWRU.v17.P_3d_r1_COMS58.sb.117_sub_2022_IncS_CWRU.v17.P_3d_r1_COMS58_k141_622683_9	K09815	0.4677	0.861	
2022_IncS_CWRU.v17.P_3d_r1_COMS58.sb.117_sub_2022_IncS_CWRU.v17.P_3d_r1_COMS58_k141_622683_10	K07456	0.9998	0.8923	*
2022_IncS_CWRU.v17.P_3d_r1_COMS58.sb.117_sub_2022_IncS_CWRU.v17.P_3d_r1_COMS58_k141_622683_11	K11102	0.9299	0.9777	
2022_IncS_CWRU.v17.P_3d_r1_COMS58.sb.117_sub_2022_IncS_CWRU.v17.P_3d_r1_COMS58_k141_622683_12	K14475	0.7805	0.9747	
2022_IncS_CWRU.v17.P_3d_r1_COMS58.sb.117_sub_2022_IncS_CWRU.v17.P_3d_r1_COMS58_k141_622683_13	K20276	0.705	0.9872	
2022_IncS_CWRU.v17.P_3d_r1_COMS58.sb.117_sub_2022_IncS_CWRU.v17.P_3d_r1_COMS58_k141_623292_1	K00571	0.6384	0.8525	
2022_IncS_CWRU.v17.P_3d_r1_COMS58.sb.117_sub_2022_IncS_CWRU.v17.P_3d_r1_COMS58_k141_623292_2	K03496	0.9995	0.9601	*
2022_IncS_CWRU.v17.P_3d_r1_COMS58.sb.117_sub_2022_IncS_CWRU.v17.P_3d_r1_COMS58_k141_623292_3	K03497	0.9997	0.911	*
2022_IncS_CWRU.v17.P_3d_r1_COMS58.sb.117_sub_2022_IncS_CWRU.v17.P_3d_r1_COMS58_k141_623292_4	K09149	0.8739	0.8586	*
2022_IncS_CWRU.v17.P_3d_r1_COMS58.sb.117_sub_2022_IncS_CWRU.v17.P_3d_r1_COMS58_k141_623292_5	K00799	0.4567	0.8732	
2022_IncS_CWRU.v17.P_3d_r1_COMS58.sb.117_sub_2022_IncS_CWRU.v17.P_3d_r1_COMS58_k141_1728423_1	K08993	0.5415	0.9437	
2022_IncS_CWRU.v17.P_3d_r1_COMS58.sb.117_sub_2022_IncS_CWRU.v17.P_3d_r1_COMS58_k141_1728423_2	K01674	0.9703	0.9021	*
2022_IncS_CWRU.v17.P_3d_r1_COMS58.sb.117_sub_2022_IncS_CWRU.v17.P_3d_r1_COMS58_k141_1728423_3	K28257	0.8031	0.7879	*
2022_IncS_CWRU.v17.P_3d_r1_COMS58.sb.117_sub_2022_IncS_CWRU.v17.P_3d_r1_COMS58_k141_1728423_4	K06988	0.3966	0.9317	
2022_IncS_CWRU.v17.P_3d_r1_COMS58.sb.117_sub_2022_IncS_CWRU.v17.P_3d_r1_COMS58_k141_1728423_5	K00754	0.9973	0.9792	*
2022_IncS_CWRU.v17.P_3d_r1_COMS58.sb.117_sub_2022_IncS_CWRU.v17.P_3d_r1_COMS58_k141_1728423_6	K07053	0.1721	0.8791	
2022_IncS_CWRU.v17.P_3d_r1_COMS58.sb.117_sub_2022_IncS_CWRU.v17.P_3d_r1_COMS58_k141_1728423_7	K01845	0.9999	0.7655	*
2022_IncS_CWRU.v17.P_3d_r1_COMS58.sb.117_sub_2022_IncS_CWRU.v17.P_3d_r1_COMS58_k141_1728423_8	K02275	0.3032	0.9697	
2022_IncS_CWRU.v17.P_3d_r1_COMS58.sb.117_sub_2022_IncS_CWRU.v17.P_3d_r1_COMS58_k141_1728423_9	K26986	0.7434	0.857	
2022_IncS_CWRU.v17.P_3d_r1_COMS58.sb.117_sub_2022_IncS_CWRU.v17.P_3d_r1_COMS58_k141_1728423_10	K01933	0.9789	0.7098	*
2022_IncS_CWRU.v17.P_3d_r1_COMS58.sb.117_sub_2022_IncS_CWRU.v17.P_3d_r1_COMS58_k141_1178380_1	K02337	0.9764	0.7774	*
2022_IncS_CWRU.v17.P_3d_r1_COMS58.sb.117_sub_2022_IncS_CWRU.v17.P_3d_r1_COMS58_k141_1178380_2	K03666	0.6525	0.9052	
2022_IncS_CWRU.v17.P_3d_r1_COMS58.sb.117_sub_2022_IncS_CWRU.v17.P_3d_r1_COMS58_k141_1178380_3	K01092	0.9997	0.839	*
2022_IncS_CWRU.v17.P_3d_r1_COMS58.sb.117_sub_2022_IncS_CWRU.v17.P_3d_r1_COMS58_k141_1178380_4	K06911	0.338	0.9543	
2022_IncS_CWRU.v17.P_3d_r1_COMS58.sb.117_sub_2022_IncS_CWRU.v17.P_3d_r1_COMS58_k141_1178380_5	K05524	0.9975	0.9975	
2022_IncS_CWRU.v17.P_3d_r1_COMS58.sb.117_sub_2022_IncS_CWRU.v17.P_3d_r1_COMS58_k141_1178380_6	K03602	0.353	0.9616	
2022_IncS_CWRU.v17.P_3d_r1_COMS58.sb.117_sub_2022_IncS_CWRU.v17.P_3d_r1_COMS58_k141_1178380_7	K03584	0.9996	0.9038	*
2022_IncS_CWRU.v17.P_3d_r1_COMS58.sb.117_sub_2022_IncS_CWRU.v17.P_3d_r1_COMS58_k141_1178380_8	K01878	0.9998	0.7317	*
2022_IncS_CWRU.v17.P_3d_r1_COMS58.sb.117_sub_2022_IncS_CWRU.v17.P_3d_r1_COMS58_k141_1178380_9	K01879	1.0	0.925	*
2022_IncS_CWRU.v17.P_3d_r1_COMS58.sb.117_sub_2022_IncS_CWRU.v17.P_3d_r1_COMS58_k141_1178380_10	K05307	0.5091	0.8472	
2022_IncS_CWRU.v17.P_3d_r1_COMS58.sb.117_sub_2022_IncS_CWRU.v17.P_3d_r1_COMS58_k141_1178380_11	K02005	0.2484	0.8233	
2022_IncS_CWRU.v17.P_3d_r1_COMS58.sb.117_sub_2022_IncS_CWRU.v17.P_3d_r1_COMS58_k141_1178380_12	K00389	0.5986	0.989	
2022_IncS_CWRU.v17.P_3d_r1_COMS58.sb.117_sub_2022_IncS_CWRU.v17.P_3d_r1_COMS58_k141_1178380_13	K01529	0.199	0.8071	
2022_IncS_CWRU.v17.P_3d_r1_COMS58.sb.117_sub_2022_IncS_CWRU.v17.P_3d_r1_COMS58_k141_1178380_14	K06861	1.0	0.6464	*
2022_IncS_CWRU.v17.P_3d_r1_COMS58.sb.117_sub_2022_IncS_CWRU.v17.P_3d_r1_COMS58_k141_1178380_15	K18923	0.1501	0.9042	
2022_IncS_CWRU.v17.P_3d_r1_COMS58.sb.117_sub_2022_IncS_CWRU.v17.P_3d_r1_COMS58_k141_76459_1	K07484	0.3829	0.9506	
2022_IncS_CWRU.v17.P_3d_r1_COMS58.sb.117_sub_2022_IncS_CWRU.v17.P_3d_r1_COMS58_k141_76459_2	K07497	0.2327	0.9505	
2022_IncS_CWRU.v17.P_3d_r1_COMS58.sb.117_sub_2022_IncS_CWRU.v17.P_3d_r1_COMS58_k141_76459_3	K01491	0.9997	0.8757	*
2022_IncS_CWRU.v17.P_3d_r1_COMS58.sb.117_sub_2022_IncS_CWRU.v17.P_3d_r1_COMS58_k141_76459_4	K02385	0.2177	0.9451	
2022_IncS_CWRU.v17.P_3d_r1_COMS58.sb.117_sub_2022_IncS_CWRU.v17.P_3d_r1_COMS58_k141_76459_5	K03188	0.0963	0.8241	
2022_IncS_CWRU.v17.P_3d_r1_COMS58.sb.117_sub_2022_IncS_CWRU.v17.P_3d_r1_COMS58_k141_76459_6	K11090	0.1153	0.7968	
2022_IncS_CWRU.v17.P_3d_r1_COMS58.sb.117_sub_2022_IncS_CWRU.v17.P_3d_r1_COMS58_k141_76459_7	K00859	0.968	0.9312	*
2022_IncS_CWRU.v17.P_3d_r1_COMS58.sb.117_sub_2022_IncS_CWRU.v17.P_3d_r1_COMS58_k141_2004386_1	K15382	0.1453	0.9335	
2022_IncS_CWRU.v17.P_3d_r1_COMS58.sb.117_sub_2022_IncS_CWRU.v17.P_3d_r1_COMS58_k141_2004386_2	K18122	0.9997	0.9863	*
2022_IncS_CWRU.v17.P_3d_r1_COMS58.sb.117_sub_2022_IncS_CWRU.v17.P_3d_r1_COMS58_k141_2004386_3	K00176	0.8726	0.8857	
2022_IncS_CWRU.v17.P_3d_r1_COMS58.sb.117_sub_2022_IncS_CWRU.v17.P_3d_r1_COMS58_k141_2004386_4	K00186	0.8746	0.4995	*
2022_IncS_CWRU.v17.P_3d_r1_COMS58.sb.117_sub_2022_IncS_CWRU.v17.P_3d_r1_COMS58_k141_2004386_5	K00187	0.978	0.542	*
2022_IncS_CWRU.v17.P_3d_r1_COMS58.sb.117_sub_2022_IncS_CWRU.v17.P_3d_r1_COMS58_k141_2004386_6	K07497	0.288	0.9505	
2022_IncS_CWRU.v17.P_3d_r1_COMS58.sb.117_sub_2022_IncS_CWRU.v17.P_3d_r1_COMS58_k141_2004386_7	K00262	0.1934	0.7982	
2022_IncS_CWRU.v17.P_3d_r1_COMS58.sb.117_sub_2022_IncS_CWRU.v17.P_3d_r1_COMS58_k141_351699_1	K01816	0.2179	0.7739	
2022_IncS_CWRU.v17.P_3d_r1_COMS58.sb.117_sub_2022_IncS_CWRU.v17.P_3d_r1_COMS58_k141_351699_2	K19119	0.3063	0.795	
2022_IncS_CWRU.v17.P_3d_r1_COMS58.sb.117_sub_2022_IncS_CWRU.v17.P_3d_r1_COMS58_k141_351699_3	K02931	0.7752	0.8046	
2022_IncS_CWRU.v17.P_3d_r1_COMS58.sb.117_sub_2022_IncS_CWRU.v17.P_3d_r1_COMS58_k141_351699_4	K05801	0.2157	0.9536	
2022_IncS_CWRU.v17.P_3d_r1_COMS58.sb.117_sub_2022_IncS_CWRU.v17.P_3d_r1_COMS58_k141_351699_5	K02909	0.9999	0.9576	*
2022_IncS_CWRU.v17.P_3d_r1_COMS58.sb.117_sub_2022_IncS_CWRU.v17.P_3d_r1_COMS58_k141_351699_6	K02315	0.9993	0.9947	*
2022_IncS_CWRU.v17.P_3d_r1_COMS58.sb.117_sub_2022_IncS_CWRU.v17.P_3d_r1_COMS58_k141_351699_7	K03671	0.2057	0.9801	
2022_IncS_CWRU.v17.P_3d_r1_COMS58.sb.117_sub_2022_IncS_CWRU.v17.P_3d_r1_COMS58_k141_351699_8	K07284	0.656	0.9801	
2022_IncS_CWRU.v17.P_3d_r1_COMS58.sb.117_sub_2022_IncS_CWRU.v17.P_3d_r1_COMS58_k141_351699_9	K01104	0.3213	0.9133	
2022_IncS_CWRU.v17.P_3d_r1_COMS58.sb.117_sub_2022_IncS_CWRU.v17.P_3d_r1_COMS58_k141_2005018_1	K02600	0.9991	0.837	*
2022_IncS_CWRU.v17.P_3d_r1_COMS58.sb.117_sub_2022_IncS_CWRU.v17.P_3d_r1_COMS58_k141_2005018_2	K02519	0.9993	0.6733	*
2022_IncS_CWRU.v17.P_3d_r1_COMS58.sb.117_sub_2022_IncS_CWRU.v17.P_3d_r1_COMS58_k141_1457108_1	K14189	0.9999	0.9522	*
2022_IncS_CWRU.v17.P_3d_r1_COMS58.sb.117_sub_2022_IncS_CWRU.v17.P_3d_r1_COMS58_k141_1457108_2	K07684	0.9565	0.9398	*
2022_IncS_CWRU.v17.P_3d_r1_COMS58.sb.117_sub_2022_IncS_CWRU.v17.P_3d_r1_COMS58_k141_1457108_3	K21019	0.5697	0.9874	
2022_IncS_CWRU.v17.P_3d_r1_COMS58.sb.117_sub_2022_IncS_CWRU.v17.P_3d_r1_COMS58_k141_1457108_4	K02556	1.0	0.9036	*
2022_IncS_CWRU.v17.P_3d_r1_COMS58.sb.117_sub_2022_IncS_CWRU.v17.P_3d_r1_COMS58_k141_1457108_5	K02557	0.9989	0.9834	*
2022_IncS_CWRU.v17.P_3d_r1_COMS58.sb.117_sub_2022_IncS_CWRU.v17.P_3d_r1_COMS58_k141_1457108_6	K18195	0.513	0.9083	
2022_IncS_CWRU.v17.P_3d_r1_COMS58.sb.117_sub_2022_IncS_CWRU.v17.P_3d_r1_COMS58_k141_1457108_7	K03737	0.9879	0.8351	*
2022_IncS_CWRU.v17.P_3d_r1_COMS58.sb.117_sub_2022_IncS_CWRU.v17.P_3d_r1_COMS58_k141_1457108_8	K01126	0.7986	0.9337	
2022_IncS_CWRU.v17.P_3d_r1_COMS58.sb.117_sub_2022_IncS_CWRU.v17.P_3d_r1_COMS58_k141_1181446_1	K10914	0.6048	0.88	
2022_IncS_CWRU.v17.P_3d_r1_COMS58.sb.117_sub_2022_IncS_CWRU.v17.P_3d_r1_COMS58_k141_1181446_2	K09774	0.3896	0.9798	
2022_IncS_CWRU.v17.P_3d_r1_COMS58.sb.117_sub_2022_IncS_CWRU.v17.P_3d_r1_COMS58_k141_1181446_3	K06893	0.8489	0.974	
2022_IncS_CWRU.v17.P_3d_r1_COMS58.sb.117_sub_2022_IncS_CWRU.v17.P_3d_r1_COMS58_k141_1181446_4	K03495	1.0	0.8769	*
2022_IncS_CWRU.v17.P_3d_r1_COMS58.sb.117_sub_2022_IncS_CWRU.v17.P_3d_r1_COMS58_k141_1181446_5	K09974	0.488	0.9173	
2022_IncS_CWRU.v17.P_3d_r1_COMS58.sb.117_sub_2022_IncS_CWRU.v17.P_3d_r1_COMS58_k141_1181446_6	K07451	0.8803	0.9664	
2022_IncS_CWRU.v17.P_3d_r1_COMS58.sb.117_sub_2022_IncS_CWRU.v17.P_3d_r1_COMS58_k141_1181446_7	K02242	0.7089	0.9997	
2022_IncS_CWRU.v17.P_3d_r1_COMS58.sb.117_sub_2022_IncS_CWRU.v17.P_3d_r1_COMS58_k141_1181446_8	K02009	0.7665	0.9933	
2022_IncS_CWRU.v17.P_3d_r1_COMS58.sb.117_sub_2022_IncS_CWRU.v17.P_3d_r1_COMS58_k141_1181446_9	K04528	0.352	0.8987	
2022_IncS_CWRU.v17.P_3d_r1_COMS58.sb.117_sub_2022_IncS_CWRU.v17.P_3d_r1_COMS58_k141_1181446_10	K07497	0.4083	0.9505	
2022_IncS_CWRU.v17.P_3d_r1_COMS58.sb.117_sub_2022_IncS_CWRU.v17.P_3d_r1_COMS58_k141_1181446_11	K03973	0.4636	0.9927	
2022_IncS_CWRU.v17.P_3d_r1_COMS58.sb.117_sub_2022_IncS_CWRU.v17.P_3d_r1_COMS58_k141_1181446_12	K21948	0.6267	0.7772	
2022_IncS_CWRU.v17.P_3d_r1_COMS58.sb.117_sub_2022_IncS_CWRU.v17.P_3d_r1_COMS58_k141_1181446_13	K03676	0.4134	0.9619	
2022_IncS_CWRU.v17.P_3d_r1_COMS58.sb.117_sub_2022_IncS_CWRU.v17.P_3d_r1_COMS58_k141_902797_1	K00241	0.3165	0.938	
2022_IncS_CWRU.v17.P_3d_r1_COMS58.sb.117_sub_2022_IncS_CWRU.v17.P_3d_r1_COMS58_k141_902797_2	K15727	0.7494	0.9185	
2022_IncS_CWRU.v17.P_3d_r1_COMS58.sb.117_sub_2022_IncS_CWRU.v17.P_3d_r1_COMS58_k141_902797_3	K07181	0.9962	0.9824	*
2022_IncS_CWRU.v17.P_3d_r1_COMS58.sb.117_sub_2022_IncS_CWRU.v17.P_3d_r1_COMS58_k141_902797_4	K00059	0.9987	0.9613	*
2022_IncS_CWRU.v17.P_3d_r1_COMS58.sb.117_sub_2022_IncS_CWRU.v17.P_3d_r1_COMS58_k141_902797_5	K01649	0.9999	0.8514	*
2022_IncS_CWRU.v17.P_3d_r1_COMS58.sb.117_sub_2022_IncS_CWRU.v17.P_3d_r1_COMS58_k141_902797_6	K06886	0.4063	0.929	
2022_IncS_CWRU.v17.P_3d_r1_COMS58.sb.117_sub_2022_IncS_CWRU.v17.P_3d_r1_COMS58_k141_902797_7	K03704	0.4581	0.9704	
2022_IncS_CWRU.v17.P_3d_r1_COMS58.sb.117_sub_2022_IncS_CWRU.v17.P_3d_r1_COMS58_k141_902797_8	K09166	0.9962	0.8845	*
2022_IncS_CWRU.v17.P_3d_r1_COMS58.sb.117_sub_2022_IncS_CWRU.v17.P_3d_r1_COMS58_k141_902797_9	K02611	0.3296	0.8587	
2022_IncS_CWRU.v17.P_3d_r1_COMS58.sb.117_sub_2022_IncS_CWRU.v17.P_3d_r1_COMS58_k141_1183303_1	K03709	0.3381	0.8746	
2022_IncS_CWRU.v17.P_3d_r1_COMS58.sb.117_sub_2022_IncS_CWRU.v17.P_3d_r1_COMS58_k141_1183303_2	K03975	0.6006	0.9991	
2022_IncS_CWRU.v17.P_3d_r1_COMS58.sb.117_sub_2022_IncS_CWRU.v17.P_3d_r1_COMS58_k141_1183303_3	K03832	0.5427	0.9754	
2022_IncS_CWRU.v17.P_3d_r1_COMS58.sb.117_sub_2022_IncS_CWRU.v17.P_3d_r1_COMS58_k141_1183303_4	K19092	0.9988	0.9649	*
2022_IncS_CWRU.v17.P_3d_r1_COMS58.sb.117_sub_2022_IncS_CWRU.v17.P_3d_r1_COMS58_k141_1183303_5	K07746	0.9998	0.9777	*
2022_IncS_CWRU.v17.P_3d_r1_COMS58.sb.117_sub_2022_IncS_CWRU.v17.P_3d_r1_COMS58_k141_1183303_6	K01607	0.3974	0.9801	
2022_IncS_CWRU.v17.P_3d_r1_COMS58.sb.117_sub_2022_IncS_CWRU.v17.P_3d_r1_COMS58_k141_1183303_7	K07552	0.6144	0.9532	
2022_IncS_CWRU.v17.P_3d_r1_COMS58.sb.117_sub_2022_IncS_CWRU.v17.P_3d_r1_COMS58_k141_1183303_8	K01975	0.9576	0.977	
2022_IncS_CWRU.v17.P_3d_r1_COMS58.sb.117_sub_2022_IncS_CWRU.v17.P_3d_r1_COMS58_k141_1183303_9	K00641	1.0	0.9604	*
2022_IncS_CWRU.v17.P_3d_r1_COMS58.sb.117_sub_2022_IncS_CWRU.v17.P_3d_r1_COMS58_k141_1183303_10	K27802	0.9978	0.8758	*
2022_IncS_CWRU.v17.P_3d_r1_COMS58.sb.117_sub_2022_IncS_CWRU.v17.P_3d_r1_COMS58_k141_1183303_11	K07488	0.6824	0.9332	
2022_IncS_CWRU.v17.P_3d_r1_COMS58.sb.117_sub_2022_IncS_CWRU.v17.P_3d_r1_COMS58_k141_1183303_12	K07741	0.3676	0.9246	
2022_IncS_CWRU.v17.P_3d_r1_COMS58.sb.117_sub_2022_IncS_CWRU.v17.P_3d_r1_COMS58_k141_1183303_13	K00873	1.0	0.8177	*
2022_IncS_CWRU.v17.P_3d_r1_COMS58.sb.117_sub_2022_IncS_CWRU.v17.P_3d_r1_COMS58_k141_1183303_14	K07058	0.9983	0.9669	*
2022_IncS_CWRU.v17.P_3d_r1_COMS58.sb.117_sub_2022_IncS_CWRU.v17.P_3d_r1_COMS58_k141_1183303_15	K01382	0.2675	0.7037	
2022_IncS_CWRU.v17.P_3d_r1_COMS58.sb.117_sub_2022_IncS_CWRU.v17.P_3d_r1_COMS58_k141_1183303_16	K11744	0.8342	0.9967	
2022_IncS_CWRU.v17.P_3d_r1_COMS58.sb.117_sub_2022_IncS_CWRU.v17.P_3d_r1_COMS58_k141_1183303_17	K02027	0.2349	0.6371	
2022_IncS_CWRU.v17.P_3d_r1_COMS58.sb.117_sub_2022_IncS_CWRU.v17.P_3d_r1_COMS58_k141_1183303_18	K06980	0.9343	0.8827	*
2022_IncS_CWRU.v17.P_3d_r1_COMS58.sb.117_sub_2022_IncS_CWRU.v17.P_3d_r1_COMS58_k141_1183303_19	K22107	0.2028	0.9877	
2022_IncS_CWRU.v17.P_3d_r1_COMS58.sb.117_sub_2022_IncS_CWRU.v17.P_3d_r1_COMS58_k141_1183303_20	K06167	0.9998	0.977	*
2022_IncS_CWRU.v17.P_3d_r1_COMS58.sb.117_sub_2022_IncS_CWRU.v17.P_3d_r1_COMS58_k141_1183303_21	K11753	0.9993	0.8777	*
2022_IncS_CWRU.v17.P_3d_r1_COMS58.sb.117_sub_2022_IncS_CWRU.v17.P_3d_r1_COMS58_k141_1183303_22	K00950	0.7746	0.8849	
2022_IncS_CWRU.v17.P_3d_r1_COMS58.sb.117_sub_2022_IncS_CWRU.v17.P_3d_r1_COMS58_k141_1183303_23	K03574	0.6718	0.9602	
2022_IncS_CWRU.v17.P_3d_r1_COMS58.sb.117_sub_2022_IncS_CWRU.v17.P_3d_r1_COMS58_k141_1183303_24	K03741	0.1352	0.9253	
2022_IncS_CWRU.v17.P_3d_r1_COMS58.sb.117_sub_2022_IncS_CWRU.v17.P_3d_r1_COMS58_k141_1183303_25	K01523	0.4279	0.978	
2022_IncS_CWRU.v17.P_3d_r1_COMS58.sb.117_sub_2022_IncS_CWRU.v17.P_3d_r1_COMS58_k141_1183303_26	K05366	0.6994	0.8907	
2022_IncS_CWRU.v17.P_3d_r1_COMS58.sb.117_sub_2022_IncS_CWRU.v17.P_3d_r1_COMS58_k141_2009096_1	K09973	0.1615	0.9297	
2022_IncS_CWRU.v17.P_3d_r1_COMS58.sb.117_sub_2022_IncS_CWRU.v17.P_3d_r1_COMS58_k141_2009096_2	K19339	0.4066	0.9931	
2022_IncS_CWRU.v17.P_3d_r1_COMS58.sb.117_sub_2022_IncS_CWRU.v17.P_3d_r1_COMS58_k141_2009096_3	K10255	0.2456	0.9751	
2022_IncS_CWRU.v17.P_3d_r1_COMS58.sb.117_sub_2022_IncS_CWRU.v17.P_3d_r1_COMS58_k141_2009096_4	K03636	0.2194	0.8704	
2022_IncS_CWRU.v17.P_3d_r1_COMS58.sb.117_sub_2022_IncS_CWRU.v17.P_3d_r1_COMS58_k141_905935_1	K11749	0.9998	0.9736	*
2022_IncS_CWRU.v17.P_3d_r1_COMS58.sb.117_sub_2022_IncS_CWRU.v17.P_3d_r1_COMS58_k141_905935_2	K07107	0.8503	0.9066	
2022_IncS_CWRU.v17.P_3d_r1_COMS58.sb.117_sub_2022_IncS_CWRU.v17.P_3d_r1_COMS58_k141_905935_3	K02878	0.1919	0.944	
2022_IncS_CWRU.v17.P_3d_r1_COMS58.sb.117_sub_2022_IncS_CWRU.v17.P_3d_r1_COMS58_k141_905935_4	K10947	0.1973	0.9706	
2022_IncS_CWRU.v17.P_3d_r1_COMS58.sb.117_sub_2022_IncS_CWRU.v17.P_3d_r1_COMS58_k141_905935_5	K13787	0.5159	0.8476	
2022_IncS_CWRU.v17.P_3d_r1_COMS58.sb.117_sub_2022_IncS_CWRU.v17.P_3d_r1_COMS58_k141_905935_6	K03625	0.3753	0.9235	
2022_IncS_CWRU.v17.P_3d_r1_COMS58.sb.117_sub_2022_IncS_CWRU.v17.P_3d_r1_COMS58_k141_905935_7	K09767	0.9999	0.8386	*
2022_IncS_CWRU.v17.P_3d_r1_COMS58.sb.117_sub_2022_IncS_CWRU.v17.P_3d_r1_COMS58_k141_905935_8	K03424	0.8896	0.8364	*
2022_IncS_CWRU.v17.P_3d_r1_COMS58.sb.117_sub_2022_IncS_CWRU.v17.P_3d_r1_COMS58_k141_905935_9	K01874	0.9967	0.8578	*
2022_IncS_CWRU.v17.P_3d_r1_COMS58.sb.117_sub_2022_IncS_CWRU.v17.P_3d_r1_COMS58_k141_905935_10	K01887	0.9991	0.7716	*
2022_IncS_CWRU.v17.P_3d_r1_COMS58.sb.117_sub_2022_IncS_CWRU.v17.P_3d_r1_COMS58_k141_905935_11	K01255	0.9999	0.7685	*
2022_IncS_CWRU.v17.P_3d_r1_COMS58.sb.117_sub_2022_IncS_CWRU.v17.P_3d_r1_COMS58_k141_905935_12	K07172	0.9506	0.8573	*
2022_IncS_CWRU.v17.P_3d_r1_COMS58.sb.117_sub_2022_IncS_CWRU.v17.P_3d_r1_COMS58_k141_905935_13	K07064	0.3959	0.7126	
2022_IncS_CWRU.v17.P_3d_r1_COMS58.sb.117_sub_2022_IncS_CWRU.v17.P_3d_r1_COMS58_k141_905935_14	K13256	0.5353	0.9929	
2022_IncS_CWRU.v17.P_3d_r1_COMS58.sb.117_sub_2022_IncS_CWRU.v17.P_3d_r1_COMS58_k141_905935_15	K03664	0.9985	0.6897	*
2022_IncS_CWRU.v17.P_3d_r1_COMS58.sb.117_sub_2022_IncS_CWRU.v17.P_3d_r1_COMS58_k141_905935_16	K07165	0.4637	0.9787	
2022_IncS_CWRU.v17.P_3d_r1_COMS58.sb.117_sub_2022_IncS_CWRU.v17.P_3d_r1_COMS58_k141_906376_1	K16179	0.372	0.9519	
2022_IncS_CWRU.v17.P_3d_r1_COMS58.sb.117_sub_2022_IncS_CWRU.v17.P_3d_r1_COMS58_k141_906376_2	K22736	0.5103	0.9842	
2022_IncS_CWRU.v17.P_3d_r1_COMS58.sb.117_sub_2022_IncS_CWRU.v17.P_3d_r1_COMS58_k141_906376_3	K06978	0.9995	0.9586	*
2022_IncS_CWRU.v17.P_3d_r1_COMS58.sb.117_sub_2022_IncS_CWRU.v17.P_3d_r1_COMS58_k141_906376_4	K00231	0.9998	0.9461	*
2022_IncS_CWRU.v17.P_3d_r1_COMS58.sb.117_sub_2022_IncS_CWRU.v17.P_3d_r1_COMS58_k141_906376_5	K02393	0.2734	0.959	
2022_IncS_CWRU.v17.P_3d_r1_COMS58.sb.117_sub_2022_IncS_CWRU.v17.P_3d_r1_COMS58_k141_906376_6	K00845	0.9757	0.7279	*
2022_IncS_CWRU.v17.P_3d_r1_COMS58.sb.117_sub_2022_IncS_CWRU.v17.P_3d_r1_COMS58_k141_906376_7	K01057	0.9927	0.9163	*
2022_IncS_CWRU.v17.P_3d_r1_COMS58.sb.117_sub_2022_IncS_CWRU.v17.P_3d_r1_COMS58_k141_906376_8	K12340	0.9911	0.7782	*
2022_IncS_CWRU.v17.P_3d_r1_COMS58.sb.117_sub_2022_IncS_CWRU.v17.P_3d_r1_COMS58_k141_906376_9	K05524	0.5763	0.9975	
2022_IncS_CWRU.v17.P_3d_r1_COMS58.sb.117_sub_2022_IncS_CWRU.v17.P_3d_r1_COMS58_k141_906376_10	K22304	0.1996	0.9663	
2022_IncS_CWRU.v17.P_3d_r1_COMS58.sb.117_sub_2022_IncS_CWRU.v17.P_3d_r1_COMS58_k141_82256_1	K00787	0.1854	0.8168	
2022_IncS_CWRU.v17.P_3d_r1_COMS58.sb.117_sub_2022_IncS_CWRU.v17.P_3d_r1_COMS58_k141_82256_2	K20343	0.2021	0.9444	
2022_IncS_CWRU.v17.P_3d_r1_COMS58.sb.117_sub_2022_IncS_CWRU.v17.P_3d_r1_COMS58_k141_82256_3	K06013	0.4805	0.9725	
2022_IncS_CWRU.v17.P_3d_r1_COMS58.sb.117_sub_2022_IncS_CWRU.v17.P_3d_r1_COMS58_k141_82256_4	K02834	0.3142	0.9183	
2022_IncS_CWRU.v17.P_3d_r1_COMS58.sb.117_sub_2022_IncS_CWRU.v17.P_3d_r1_COMS58_k141_82256_5	K25089	0.4852	0.9306	
2022_IncS_CWRU.v17.P_3d_r1_COMS58.sb.117_sub_2022_IncS_CWRU.v17.P_3d_r1_COMS58_k141_82256_6	K01868	0.9999	0.8467	*
2022_IncS_CWRU.v17.P_3d_r1_COMS58.sb.117_sub_2022_IncS_CWRU.v17.P_3d_r1_COMS58_k141_82256_7	K09122	0.6649	0.9101	
2022_IncS_CWRU.v17.P_3d_r1_COMS58.sb.117_sub_2022_IncS_CWRU.v17.P_3d_r1_COMS58_k141_82256_8	K28956	0.9984	0.9982	*
2022_IncS_CWRU.v17.P_3d_r1_COMS58.sb.117_sub_2022_IncS_CWRU.v17.P_3d_r1_COMS58_k141_82256_9	K02970	0.9376	0.9383	
2022_IncS_CWRU.v17.P_3d_r1_COMS58.sb.117_sub_2022_IncS_CWRU.v17.P_3d_r1_COMS58_k141_82256_10	K18967	0.1383	0.9799	
2022_IncS_CWRU.v17.P_3d_r1_COMS58.sb.117_sub_2022_IncS_CWRU.v17.P_3d_r1_COMS58_k141_82256_11	K07342	0.6698	0.9831	
2022_IncS_CWRU.v17.P_3d_r1_COMS58.sb.117_sub_2022_IncS_CWRU.v17.P_3d_r1_COMS58_k141_82256_12	K00791	0.9999	0.8462	*
2022_IncS_CWRU.v17.P_3d_r1_COMS58.sb.117_sub_2022_IncS_CWRU.v17.P_3d_r1_COMS58_k141_82256_13	K06867	0.7654	0.9848	
2022_IncS_CWRU.v17.P_3d_r1_COMS58.sb.117_sub_2022_IncS_CWRU.v17.P_3d_r1_COMS58_k141_82256_14	K00382	0.9998	0.9653	*
2022_IncS_CWRU.v17.P_3d_r1_COMS58.sb.117_sub_2022_IncS_CWRU.v17.P_3d_r1_COMS58_k141_82256_15	K07746	0.9948	0.9777	*
2022_IncS_CWRU.v17.P_3d_r1_COMS58.sb.117_sub_2022_IncS_CWRU.v17.P_3d_r1_COMS58_k141_1462304_1	K01069	0.3475	0.979	
2022_IncS_CWRU.v17.P_3d_r1_COMS58.sb.117_sub_2022_IncS_CWRU.v17.P_3d_r1_COMS58_k141_1462304_2	K05349	0.9983	0.8301	*
2022_IncS_CWRU.v17.P_3d_r1_COMS58.sb.117_sub_2022_IncS_CWRU.v17.P_3d_r1_COMS58_k141_1462304_3	K03832	0.7002	0.9754	
2022_IncS_CWRU.v17.P_3d_r1_COMS58.sb.117_sub_2022_IncS_CWRU.v17.P_3d_r1_COMS58_k141_1462304_4	K28868	0.9993	0.8907	*
2022_IncS_CWRU.v17.P_3d_r1_COMS58.sb.117_sub_2022_IncS_CWRU.v17.P_3d_r1_COMS58_k141_1462304_5	K08968	0.9968	0.9403	*
2022_IncS_CWRU.v17.P_3d_r1_COMS58.sb.117_sub_2022_IncS_CWRU.v17.P_3d_r1_COMS58_k141_1462304_6	K03088	0.9985	0.9501	*
2022_IncS_CWRU.v17.P_3d_r1_COMS58.sb.117_sub_2022_IncS_CWRU.v17.P_3d_r1_COMS58_k141_1462304_7	K12486	0.1703	0.9335	
2022_IncS_CWRU.v17.P_3d_r1_COMS58.sb.117_sub_2022_IncS_CWRU.v17.P_3d_r1_COMS58_k141_1462304_8	K00995	0.5441	0.8617	
2022_IncS_CWRU.v17.P_3d_r1_COMS58.sb.117_sub_2022_IncS_CWRU.v17.P_3d_r1_COMS58_k141_1462304_9	K02277	0.9344	0.971	
2022_IncS_CWRU.v17.P_3d_r1_COMS58.sb.117_sub_2022_IncS_CWRU.v17.P_3d_r1_COMS58_k141_1462304_10	K07165	0.3232	0.9787	
2022_IncS_CWRU.v17.P_3d_r1_COMS58.sb.117_sub_2022_IncS_CWRU.v17.P_3d_r1_COMS58_k141_1462304_11	K02548	0.5968	0.9352	
2022_IncS_CWRU.v17.P_3d_r1_COMS58.sb.117_sub_2022_IncS_CWRU.v17.P_3d_r1_COMS58_k141_1462304_12	K01775	0.9906	0.9498	*
2022_IncS_CWRU.v17.P_3d_r1_COMS58.sb.117_sub_2022_IncS_CWRU.v17.P_3d_r1_COMS58_k141_1188064_1	K13051	0.9976	0.7001	*
2022_IncS_CWRU.v17.P_3d_r1_COMS58.sb.117_sub_2022_IncS_CWRU.v17.P_3d_r1_COMS58_k141_1188064_2	K03698	1.0	0.9386	*
2022_IncS_CWRU.v17.P_3d_r1_COMS58.sb.117_sub_2022_IncS_CWRU.v17.P_3d_r1_COMS58_k141_1188064_3	K02673	0.2067	0.9481	
2022_IncS_CWRU.v17.P_3d_r1_COMS58.sb.117_sub_2022_IncS_CWRU.v17.P_3d_r1_COMS58_k141_1188064_4	K07726	0.955	0.8994	*
2022_IncS_CWRU.v17.P_3d_r1_COMS58.sb.117_sub_2022_IncS_CWRU.v17.P_3d_r1_COMS58_k141_1188064_5	K07063	0.989	0.9354	*
2022_IncS_CWRU.v17.P_3d_r1_COMS58.sb.117_sub_2022_IncS_CWRU.v17.P_3d_r1_COMS58_k141_1188064_6	K07497	0.373	0.9505	
2022_IncS_CWRU.v17.P_3d_r1_COMS58.sb.117_sub_2022_IncS_CWRU.v17.P_3d_r1_COMS58_k141_1188064_7	K03671	0.6157	0.9801	
2022_IncS_CWRU.v17.P_3d_r1_COMS58.sb.117_sub_2022_IncS_CWRU.v17.P_3d_r1_COMS58_k141_1188064_8	K01736	0.9998	0.8824	*
2022_IncS_CWRU.v17.P_3d_r1_COMS58.sb.117_sub_2022_IncS_CWRU.v17.P_3d_r1_COMS58_k141_1188064_9	K01462	1.0	0.9185	*
2022_IncS_CWRU.v17.P_3d_r1_COMS58.sb.117_sub_2022_IncS_CWRU.v17.P_3d_r1_COMS58_k141_1188064_10	K00604	0.9966	0.9153	*
2022_IncS_CWRU.v17.P_3d_r1_COMS58.sb.117_sub_2022_IncS_CWRU.v17.P_3d_r1_COMS58_k141_1188064_11	K03500	0.9997	0.8639	*
2022_IncS_CWRU.v17.P_3d_r1_COMS58.sb.117_sub_2022_IncS_CWRU.v17.P_3d_r1_COMS58_k141_1188064_12	K18932	0.8132	0.9086	
2022_IncS_CWRU.v17.P_3d_r1_COMS58.sb.117_sub_2022_IncS_CWRU.v17.P_3d_r1_COMS58_k141_1188064_13	K03543	0.5687	0.9123	
2022_IncS_CWRU.v17.P_3d_r1_COMS58.sb.117_sub_2022_IncS_CWRU.v17.P_3d_r1_COMS58_k141_1188064_14	K00058	0.4835	0.9069	
2022_IncS_CWRU.v17.P_3d_r1_COMS58.sb.117_sub_2022_IncS_CWRU.v17.P_3d_r1_COMS58_k141_1188064_15	K03183	0.9931	0.9389	*
2022_IncS_CWRU.v17.P_3d_r1_COMS58.sb.117_sub_2022_IncS_CWRU.v17.P_3d_r1_COMS58_k141_634105_1	K07090	0.2637	0.9739	
2022_IncS_CWRU.v17.P_3d_r1_COMS58.sb.117_sub_2022_IncS_CWRU.v17.P_3d_r1_COMS58_k141_634105_2	K13640	0.9447	0.906	*
2022_IncS_CWRU.v17.P_3d_r1_COMS58.sb.117_sub_2022_IncS_CWRU.v17.P_3d_r1_COMS58_k141_634105_3	K03686	0.4139	0.9256	
2022_IncS_CWRU.v17.P_3d_r1_COMS58.sb.117_sub_2022_IncS_CWRU.v17.P_3d_r1_COMS58_k141_634105_4	K11433	0.2105	0.914	
2022_IncS_CWRU.v17.P_3d_r1_COMS58.sb.117_sub_2022_IncS_CWRU.v17.P_3d_r1_COMS58_k141_634105_5	K09803	0.9998	0.9726	*
2022_IncS_CWRU.v17.P_3d_r1_COMS58.sb.117_sub_2022_IncS_CWRU.v17.P_3d_r1_COMS58_k141_634105_6	K03686	0.7631	0.9256	
2022_IncS_CWRU.v17.P_3d_r1_COMS58.sb.117_sub_2022_IncS_CWRU.v17.P_3d_r1_COMS58_k141_634337_1	K04775	0.2849	0.9751	
2022_IncS_CWRU.v17.P_3d_r1_COMS58.sb.117_sub_2022_IncS_CWRU.v17.P_3d_r1_COMS58_k141_634337_2	K07238	0.8446	0.9116	
2022_IncS_CWRU.v17.P_3d_r1_COMS58.sb.117_sub_2022_IncS_CWRU.v17.P_3d_r1_COMS58_k141_634337_3	K02656	0.3121	0.9727	
2022_IncS_CWRU.v17.P_3d_r1_COMS58.sb.117_sub_2022_IncS_CWRU.v17.P_3d_r1_COMS58_k141_634337_4	K07284	0.7753	0.9801	
2022_IncS_CWRU.v17.P_3d_r1_COMS58.sb.117_sub_2022_IncS_CWRU.v17.P_3d_r1_COMS58_k141_634337_5	K15579	0.4507	0.7802	
2022_IncS_CWRU.v17.P_3d_r1_COMS58.sb.117_sub_2022_IncS_CWRU.v17.P_3d_r1_COMS58_k141_85565_1	K17286	0.8875	0.9862	
2022_IncS_CWRU.v17.P_3d_r1_COMS58.sb.117_sub_2022_IncS_CWRU.v17.P_3d_r1_COMS58_k141_85565_2	K07403	1.0	0.9557	*
2022_IncS_CWRU.v17.P_3d_r1_COMS58.sb.117_sub_2022_IncS_CWRU.v17.P_3d_r1_COMS58_k141_85565_3	K02784	0.1362	0.8869	
2022_IncS_CWRU.v17.P_3d_r1_COMS58.sb.117_sub_2022_IncS_CWRU.v17.P_3d_r1_COMS58_k141_85565_4	K07263	0.6406	0.9787	
2022_IncS_CWRU.v17.P_3d_r1_COMS58.sb.117_sub_2022_IncS_CWRU.v17.P_3d_r1_COMS58_k141_85565_5	K03642	0.2416	0.9421	
2022_IncS_CWRU.v17.P_3d_r1_COMS58.sb.117_sub_2022_IncS_CWRU.v17.P_3d_r1_COMS58_k141_634897_1	K07224	0.1502	0.9626	
2022_IncS_CWRU.v17.P_3d_r1_COMS58.sb.117_sub_2022_IncS_CWRU.v17.P_3d_r1_COMS58_k141_634897_2	K03560	0.8164	0.7628	*
2022_IncS_CWRU.v17.P_3d_r1_COMS58.sb.117_sub_2022_IncS_CWRU.v17.P_3d_r1_COMS58_k141_634897_3	K03560	0.6859	0.7628	
2022_IncS_CWRU.v17.P_3d_r1_COMS58.sb.117_sub_2022_IncS_CWRU.v17.P_3d_r1_COMS58_k141_634897_4	K03561	0.5351	0.9431	
2022_IncS_CWRU.v17.P_3d_r1_COMS58.sb.117_sub_2022_IncS_CWRU.v17.P_3d_r1_COMS58_k141_362571_1	K03701	1.0	0.9995	*
2022_IncS_CWRU.v17.P_3d_r1_COMS58.sb.117_sub_2022_IncS_CWRU.v17.P_3d_r1_COMS58_k141_362571_2	K19122	0.6934	0.8014	
2022_IncS_CWRU.v17.P_3d_r1_COMS58.sb.117_sub_2022_IncS_CWRU.v17.P_3d_r1_COMS58_k141_362571_3	K00809	0.9961	0.7794	*
2022_IncS_CWRU.v17.P_3d_r1_COMS58.sb.117_sub_2022_IncS_CWRU.v17.P_3d_r1_COMS58_k141_362571_4	K03522	0.9828	0.832	*
2022_IncS_CWRU.v17.P_3d_r1_COMS58.sb.117_sub_2022_IncS_CWRU.v17.P_3d_r1_COMS58_k141_362571_5	K09931	0.2968	0.8465	
2022_IncS_CWRU.v17.P_3d_r1_COMS58.sb.117_sub_2022_IncS_CWRU.v17.P_3d_r1_COMS58_k141_362571_6	K09004	0.8931	0.9747	
2022_IncS_CWRU.v17.P_3d_r1_COMS58.sb.117_sub_2022_IncS_CWRU.v17.P_3d_r1_COMS58_k141_362571_7	K00311	0.9688	0.6822	*
2022_IncS_CWRU.v17.P_3d_r1_COMS58.sb.117_sub_2022_IncS_CWRU.v17.P_3d_r1_COMS58_k141_363974_1	K23255	0.4477	0.9684	
2022_IncS_CWRU.v17.P_3d_r1_COMS58.sb.117_sub_2022_IncS_CWRU.v17.P_3d_r1_COMS58_k141_363974_2	K00997	1.0	0.8833	*
2022_IncS_CWRU.v17.P_3d_r1_COMS58.sb.117_sub_2022_IncS_CWRU.v17.P_3d_r1_COMS58_k141_363974_3	K04651	0.3404	0.9328	
2022_IncS_CWRU.v17.P_3d_r1_COMS58.sb.117_sub_2022_IncS_CWRU.v17.P_3d_r1_COMS58_k141_363974_4	K06867	0.966	0.9848	
2022_IncS_CWRU.v17.P_3d_r1_COMS58.sb.117_sub_2022_IncS_CWRU.v17.P_3d_r1_COMS58_k141_363974_5	K03655	0.9999	0.8895	*
2022_IncS_CWRU.v17.P_3d_r1_COMS58.sb.117_sub_2022_IncS_CWRU.v17.P_3d_r1_COMS58_k141_363974_6	K00799	0.2227	0.8732	
2022_IncS_CWRU.v17.P_3d_r1_COMS58.sb.117_sub_2022_IncS_CWRU.v17.P_3d_r1_COMS58_k141_363974_7	K09956	0.5379	0.9486	
2022_IncS_CWRU.v17.P_3d_r1_COMS58.sb.117_sub_2022_IncS_CWRU.v17.P_3d_r1_COMS58_k141_363974_8	K04763	0.16	0.9302	
2022_IncS_CWRU.v17.P_3d_r1_COMS58.sb.117_sub_2022_IncS_CWRU.v17.P_3d_r1_COMS58_k141_363974_9	K07767	0.381	0.9292	
2022_IncS_CWRU.v17.P_3d_r1_COMS58.sb.117_sub_2022_IncS_CWRU.v17.P_3d_r1_COMS58_k141_1743223_1	K00036	1.0	0.8873	*
2022_IncS_CWRU.v17.P_3d_r1_COMS58.sb.117_sub_2022_IncS_CWRU.v17.P_3d_r1_COMS58_k141_1743223_2	K01808	0.9979	0.8791	*
2022_IncS_CWRU.v17.P_3d_r1_COMS58.sb.117_sub_2022_IncS_CWRU.v17.P_3d_r1_COMS58_k141_1743223_3	K00615	0.9998	0.8909	*
2022_IncS_CWRU.v17.P_3d_r1_COMS58.sb.117_sub_2022_IncS_CWRU.v17.P_3d_r1_COMS58_k141_1743223_4	K04564	1.0	0.8815	*
2022_IncS_CWRU.v17.P_3d_r1_COMS58.sb.117_sub_2022_IncS_CWRU.v17.P_3d_r1_COMS58_k141_1743223_5	K07346	0.5925	0.9137	
2022_IncS_CWRU.v17.P_3d_r1_COMS58.sb.117_sub_2022_IncS_CWRU.v17.P_3d_r1_COMS58_k141_1743223_6	K00612	0.5556	0.8725	
2022_IncS_CWRU.v17.P_3d_r1_COMS58.sb.117_sub_2022_IncS_CWRU.v17.P_3d_r1_COMS58_k141_1743223_7	K21495	0.8306	0.8969	
2022_IncS_CWRU.v17.P_3d_r1_COMS58.sb.117_sub_2022_IncS_CWRU.v17.P_3d_r1_COMS58_k141_1743223_8	K07723	0.2026	0.9126	
2022_IncS_CWRU.v17.P_3d_r1_COMS58.sb.117_sub_2022_IncS_CWRU.v17.P_3d_r1_COMS58_k141_1743223_9	K07726	0.9928	0.8994	*
2022_IncS_CWRU.v17.P_3d_r1_COMS58.sb.117_sub_2022_IncS_CWRU.v17.P_3d_r1_COMS58_k141_1743223_10	K01668	0.9539	0.7333	*
2022_IncS_CWRU.v17.P_3d_r1_COMS58.sb.117_sub_2022_IncS_CWRU.v17.P_3d_r1_COMS58_k141_1195001_1	K01206	0.9993	0.9515	*
2022_IncS_CWRU.v17.P_3d_r1_COMS58.sb.117_sub_2022_IncS_CWRU.v17.P_3d_r1_COMS58_k141_1195001_2	K07114	0.5643	0.9793	
2022_IncS_CWRU.v17.P_3d_r1_COMS58.sb.117_sub_2022_IncS_CWRU.v17.P_3d_r1_COMS58_k141_1195001_3	K27195	0.274	0.8111	
2022_IncS_CWRU.v17.P_3d_r1_COMS58.sb.117_sub_2022_IncS_CWRU.v17.P_3d_r1_COMS58_k141_1195001_4	K01198	0.9844	0.9479	*
2022_IncS_CWRU.v17.P_3d_r1_COMS58.sb.117_sub_2022_IncS_CWRU.v17.P_3d_r1_COMS58_k141_1195001_5	K01179	0.3816	0.9131	
2022_IncS_CWRU.v17.P_3d_r1_COMS58.sb.117_sub_2022_IncS_CWRU.v17.P_3d_r1_COMS58_k141_1195001_6	K21449	0.5791	0.9892	
2022_IncS_CWRU.v17.P_3d_r1_COMS58.sb.117_sub_2022_IncS_CWRU.v17.P_3d_r1_COMS58_k141_1195001_7	K01179	0.3908	0.9131	
2022_IncS_CWRU.v17.P_3d_r1_COMS58.sb.117_sub_2022_IncS_CWRU.v17.P_3d_r1_COMS58_k141_1195001_8	K19791	0.8302	0.9779	
2022_IncS_CWRU.v17.P_3d_r1_COMS58.sb.117_sub_2022_IncS_CWRU.v17.P_3d_r1_COMS58_k141_1195001_9	K01209	0.9906	0.9412	*
2022_IncS_CWRU.v17.P_3d_r1_COMS58.sb.117_sub_2022_IncS_CWRU.v17.P_3d_r1_COMS58_k141_365379_1	K11235	0.2273	0.9068	
2022_IncS_CWRU.v17.P_3d_r1_COMS58.sb.117_sub_2022_IncS_CWRU.v17.P_3d_r1_COMS58_k141_365379_2	K02078	0.9939	0.9563	*
2022_IncS_CWRU.v17.P_3d_r1_COMS58.sb.117_sub_2022_IncS_CWRU.v17.P_3d_r1_COMS58_k141_365379_3	K07126	0.7724	0.9766	
2022_IncS_CWRU.v17.P_3d_r1_COMS58.sb.117_sub_2022_IncS_CWRU.v17.P_3d_r1_COMS58_k141_365379_4	K07245	0.79	0.9674	
2022_IncS_CWRU.v17.P_3d_r1_COMS58.sb.117_sub_2022_IncS_CWRU.v17.P_3d_r1_COMS58_k141_365379_5	K06375	0.1446	0.8804	
2022_IncS_CWRU.v17.P_3d_r1_COMS58.sb.117_sub_2022_IncS_CWRU.v17.P_3d_r1_COMS58_k141_365379_6	K07304	0.9995	0.893	*
2022_IncS_CWRU.v17.P_3d_r1_COMS58.sb.117_sub_2022_IncS_CWRU.v17.P_3d_r1_COMS58_k141_91164_1	K01768	0.7973	0.9482	
2022_IncS_CWRU.v17.P_3d_r1_COMS58.sb.117_sub_2022_IncS_CWRU.v17.P_3d_r1_COMS58_k141_91164_2	K23518	0.461	0.9607	
2022_IncS_CWRU.v17.P_3d_r1_COMS58.sb.117_sub_2022_IncS_CWRU.v17.P_3d_r1_COMS58_k141_91164_3	K10734	0.2048	0.8702	
2022_IncS_CWRU.v17.P_3d_r1_COMS58.sb.117_sub_2022_IncS_CWRU.v17.P_3d_r1_COMS58_k141_91332_1	K20343	0.4975	0.9444	
2022_IncS_CWRU.v17.P_3d_r1_COMS58.sb.117_sub_2022_IncS_CWRU.v17.P_3d_r1_COMS58_k141_91332_2	K18890	0.9849	0.6728	*
2022_IncS_CWRU.v17.P_3d_r1_COMS58.sb.117_sub_2022_IncS_CWRU.v17.P_3d_r1_COMS58_k141_91332_3	K00335	0.2104	0.7874	
2022_IncS_CWRU.v17.P_3d_r1_COMS58.sb.117_sub_2022_IncS_CWRU.v17.P_3d_r1_COMS58_k141_91332_4	K00729	0.9721	0.9342	*
2022_IncS_CWRU.v17.P_3d_r1_COMS58.sb.117_sub_2022_IncS_CWRU.v17.P_3d_r1_COMS58_k141_91332_5	K05788	0.9782	0.8283	*
2022_IncS_CWRU.v17.P_3d_r1_COMS58.sb.117_sub_2022_IncS_CWRU.v17.P_3d_r1_COMS58_k141_91332_6	K02847	0.4283	0.99	
2022_IncS_CWRU.v17.P_3d_r1_COMS58.sb.117_sub_2022_IncS_CWRU.v17.P_3d_r1_COMS58_k141_91332_7	K02009	0.2999	0.9933	
2022_IncS_CWRU.v17.P_3d_r1_COMS58.sb.117_sub_2022_IncS_CWRU.v17.P_3d_r1_COMS58_k141_91332_8	K09930	0.5578	0.8727	
2022_IncS_CWRU.v17.P_3d_r1_COMS58.sb.117_sub_2022_IncS_CWRU.v17.P_3d_r1_COMS58_k141_91332_9	K10914	0.9766	0.88	*
2022_IncS_CWRU.v17.P_3d_r1_COMS58.sb.117_sub_2022_IncS_CWRU.v17.P_3d_r1_COMS58_k141_91332_10	K09667	0.3838	0.9991	
2022_IncS_CWRU.v17.P_3d_r1_COMS58.sb.117_sub_2022_IncS_CWRU.v17.P_3d_r1_COMS58_k141_91332_11	K22278	0.8714	0.9747	
2022_IncS_CWRU.v17.P_3d_r1_COMS58.sb.117_sub_2022_IncS_CWRU.v17.P_3d_r1_COMS58_k141_91332_12	K19540	0.8713	0.8343	*
2022_IncS_CWRU.v17.P_3d_r1_COMS58.sb.117_sub_2022_IncS_CWRU.v17.P_3d_r1_COMS58_k141_91332_13	K07147	1.0	0.9706	*
2022_IncS_CWRU.v17.P_3d_r1_COMS58.sb.117_sub_2022_IncS_CWRU.v17.P_3d_r1_COMS58_k141_2020541_1	K11344	0.6366	0.9076	
2022_IncS_CWRU.v17.P_3d_r1_COMS58.sb.117_sub_2022_IncS_CWRU.v17.P_3d_r1_COMS58_k141_2020541_2	K00278	0.9972	0.9263	*
2022_IncS_CWRU.v17.P_3d_r1_COMS58.sb.117_sub_2022_IncS_CWRU.v17.P_3d_r1_COMS58_k141_2020541_3	K03060	0.2171	0.9109	
2022_IncS_CWRU.v17.P_3d_r1_COMS58.sb.117_sub_2022_IncS_CWRU.v17.P_3d_r1_COMS58_k141_2020541_4	K01735	0.9725	0.7941	*
2022_IncS_CWRU.v17.P_3d_r1_COMS58.sb.117_sub_2022_IncS_CWRU.v17.P_3d_r1_COMS58_k141_2020541_5	K03282	0.6798	0.9582	
2022_IncS_CWRU.v17.P_3d_r1_COMS58.sb.117_sub_2022_IncS_CWRU.v17.P_3d_r1_COMS58_k141_641977_1	K01804	0.538	0.8717	
2022_IncS_CWRU.v17.P_3d_r1_COMS58.sb.117_sub_2022_IncS_CWRU.v17.P_3d_r1_COMS58_k141_641977_2	K06216	0.4172	0.9619	
2022_IncS_CWRU.v17.P_3d_r1_COMS58.sb.117_sub_2022_IncS_CWRU.v17.P_3d_r1_COMS58_k141_641977_3	K00111	0.995	0.9018	*
2022_IncS_CWRU.v17.P_3d_r1_COMS58.sb.117_sub_2022_IncS_CWRU.v17.P_3d_r1_COMS58_k141_641977_4	K07126	0.4382	0.9766	
2022_IncS_CWRU.v17.P_3d_r1_COMS58.sb.117_sub_2022_IncS_CWRU.v17.P_3d_r1_COMS58_k141_641977_5	K04771	0.7108	0.941	
2022_IncS_CWRU.v17.P_3d_r1_COMS58.sb.117_sub_2022_IncS_CWRU.v17.P_3d_r1_COMS58_k141_641977_6	K07082	0.9997	0.8589	*
2022_IncS_CWRU.v17.P_3d_r1_COMS58.sb.117_sub_2022_IncS_CWRU.v17.P_3d_r1_COMS58_k141_641977_7	K02664	0.2518	0.9506	
2022_IncS_CWRU.v17.P_3d_r1_COMS58.sb.117_sub_2022_IncS_CWRU.v17.P_3d_r1_COMS58_k141_641977_8	K03457	0.9417	0.9026	*
2022_IncS_CWRU.v17.P_3d_r1_COMS58.sb.117_sub_2022_IncS_CWRU.v17.P_3d_r1_COMS58_k141_641977_9	K01992	0.7356	0.9181	
2022_IncS_CWRU.v17.P_3d_r1_COMS58.sb.117_sub_2022_IncS_CWRU.v17.P_3d_r1_COMS58_k141_641977_10	K03088	0.5589	0.9501	
2022_IncS_CWRU.v17.P_3d_r1_COMS58.sb.117_sub_2022_IncS_CWRU.v17.P_3d_r1_COMS58_k141_641977_11	K03406	0.8324	0.9545	
2022_IncS_CWRU.v17.P_3d_r1_COMS58.sb.117_sub_2022_IncS_CWRU.v17.P_3d_r1_COMS58_k141_641977_12	K03924	0.9999	0.9819	*
2022_IncS_CWRU.v17.P_3d_r1_COMS58.sb.117_sub_2022_IncS_CWRU.v17.P_3d_r1_COMS58_k141_641977_13	K07723	0.4763	0.9126	
2022_IncS_CWRU.v17.P_3d_r1_COMS58.sb.117_sub_2022_IncS_CWRU.v17.P_3d_r1_COMS58_k141_641979_1	K00561	0.3066	0.9083	
2022_IncS_CWRU.v17.P_3d_r1_COMS58.sb.117_sub_2022_IncS_CWRU.v17.P_3d_r1_COMS58_k141_641979_2	K07705	0.869	0.6964	*
2022_IncS_CWRU.v17.P_3d_r1_COMS58.sb.117_sub_2022_IncS_CWRU.v17.P_3d_r1_COMS58_k141_641979_3	K02641	0.247	0.7997	
2022_IncS_CWRU.v17.P_3d_r1_COMS58.sb.117_sub_2022_IncS_CWRU.v17.P_3d_r1_COMS58_k141_641979_4	K05835	0.9598	0.9633	
2022_IncS_CWRU.v17.P_3d_r1_COMS58.sb.117_sub_2022_IncS_CWRU.v17.P_3d_r1_COMS58_k141_641979_5	K02356	0.9983	0.857	*
2022_IncS_CWRU.v17.P_3d_r1_COMS58.sb.117_sub_2022_IncS_CWRU.v17.P_3d_r1_COMS58_k141_641979_6	K02432	0.4662	0.7839	
2022_IncS_CWRU.v17.P_3d_r1_COMS58.sb.117_sub_2022_IncS_CWRU.v17.P_3d_r1_COMS58_k141_641979_7	K03660	0.2453	0.8674	
2022_IncS_CWRU.v17.P_3d_r1_COMS58.sb.117_sub_2022_IncS_CWRU.v17.P_3d_r1_COMS58_k141_641979_8	K10947	0.9965	0.9706	*
2022_IncS_CWRU.v17.P_3d_r1_COMS58.sb.117_sub_2022_IncS_CWRU.v17.P_3d_r1_COMS58_k141_641979_9	K20491	0.6467	0.7853	
2022_IncS_CWRU.v17.P_3d_r1_COMS58.sb.117_sub_2022_IncS_CWRU.v17.P_3d_r1_COMS58_k141_641979_10	K01278	1.0	0.986	*
2022_IncS_CWRU.v17.P_3d_r1_COMS58.sb.117_sub_2022_IncS_CWRU.v17.P_3d_r1_COMS58_k141_641979_11	K11107	0.1787	0.7935	
2022_IncS_CWRU.v17.P_3d_r1_COMS58.sb.117_sub_2022_IncS_CWRU.v17.P_3d_r1_COMS58_k141_641979_12	K02153	0.2085	0.9787	
2022_IncS_CWRU.v17.P_3d_r1_COMS58.sb.117_sub_2022_IncS_CWRU.v17.P_3d_r1_COMS58_k141_641979_13	K02346	0.9975	0.8644	*
2022_IncS_CWRU.v17.P_3d_r1_COMS58.sb.117_sub_2022_IncS_CWRU.v17.P_3d_r1_COMS58_k141_641979_14	K00790	0.3957	0.6733	
2022_IncS_CWRU.v17.P_3d_r1_COMS58.sb.117_sub_2022_IncS_CWRU.v17.P_3d_r1_COMS58_k141_641979_15	K03088	0.9922	0.9501	*
2022_IncS_CWRU.v17.P_3d_r1_COMS58.sb.117_sub_2022_IncS_CWRU.v17.P_3d_r1_COMS58_k141_641979_16	K18182	0.3666	0.9288	
2022_IncS_CWRU.v17.P_3d_r1_COMS58.sb.117_sub_2022_IncS_CWRU.v17.P_3d_r1_COMS58_k141_641979_17	K01462	0.2102	0.9185	
2022_IncS_CWRU.v17.P_3d_r1_COMS58.sb.117_sub_2022_IncS_CWRU.v17.P_3d_r1_COMS58_k141_641979_18	K09796	0.8307	0.9827	
2022_IncS_CWRU.v17.P_3d_r1_COMS58.sb.117_sub_2022_IncS_CWRU.v17.P_3d_r1_COMS58_k141_641979_19	K01894	0.6672	0.7775	
2022_IncS_CWRU.v17.P_3d_r1_COMS58.sb.117_sub_2022_IncS_CWRU.v17.P_3d_r1_COMS58_k141_641979_20	K06911	0.9999	0.9543	*
2022_IncS_CWRU.v17.P_3d_r1_COMS58.sb.117_sub_2022_IncS_CWRU.v17.P_3d_r1_COMS58_k141_641979_21	K08995	0.1965	0.9905	
2022_IncS_CWRU.v17.P_3d_r1_COMS58.sb.117_sub_2022_IncS_CWRU.v17.P_3d_r1_COMS58_k141_641979_22	K02316	0.9997	0.7905	*
2022_IncS_CWRU.v17.P_3d_r1_COMS58.sb.117_sub_2022_IncS_CWRU.v17.P_3d_r1_COMS58_k141_641979_23	K01174	0.4084	0.9587	
2022_IncS_CWRU.v17.P_3d_r1_COMS58.sb.117_sub_2022_IncS_CWRU.v17.P_3d_r1_COMS58_k141_641979_24	K03704	0.231	0.9704	
2022_IncS_CWRU.v17.P_3d_r1_COMS58.sb.117_sub_2022_IncS_CWRU.v17.P_3d_r1_COMS58_k141_641979_25	K03086	0.9977	0.8504	*
2022_IncS_CWRU.v17.P_3d_r1_COMS58.sb.117_sub_2022_IncS_CWRU.v17.P_3d_r1_COMS58_k141_641979_26	K02035	0.319	0.8709	
2022_IncS_CWRU.v17.P_3d_r1_COMS58.sb.117_sub_2022_IncS_CWRU.v17.P_3d_r1_COMS58_k141_641979_27	K05275	1.0	0.9923	*
2022_IncS_CWRU.v17.P_3d_r1_COMS58.sb.117_sub_2022_IncS_CWRU.v17.P_3d_r1_COMS58_k141_641979_28	K12068	0.9652	0.9463	*
2022_IncS_CWRU.v17.P_3d_r1_COMS58.sb.117_sub_2022_IncS_CWRU.v17.P_3d_r1_COMS58_k141_2021727_1	K07798	0.2728	0.8604	
2022_IncS_CWRU.v17.P_3d_r1_COMS58.sb.117_sub_2022_IncS_CWRU.v17.P_3d_r1_COMS58_k141_2021727_2	K02935	0.9999	0.8828	*
2022_IncS_CWRU.v17.P_3d_r1_COMS58.sb.117_sub_2022_IncS_CWRU.v17.P_3d_r1_COMS58_k141_2021727_3	K02864	0.9981	0.813	*
2022_IncS_CWRU.v17.P_3d_r1_COMS58.sb.117_sub_2022_IncS_CWRU.v17.P_3d_r1_COMS58_k141_2021727_4	K02961	0.5841	0.8525	
2022_IncS_CWRU.v17.P_3d_r1_COMS58.sb.117_sub_2022_IncS_CWRU.v17.P_3d_r1_COMS58_k141_1197882_1	K07025	0.4254	0.8331	
2022_IncS_CWRU.v17.P_3d_r1_COMS58.sb.117_sub_2022_IncS_CWRU.v17.P_3d_r1_COMS58_k141_1197882_2	K02399	0.2531	0.9727	
2022_IncS_CWRU.v17.P_3d_r1_COMS58.sb.117_sub_2022_IncS_CWRU.v17.P_3d_r1_COMS58_k141_1197882_3	K02414	0.8802	0.9624	
2022_IncS_CWRU.v17.P_3d_r1_COMS58.sb.117_sub_2022_IncS_CWRU.v17.P_3d_r1_COMS58_k141_1197882_4	K02389	0.975	0.9337	*
2022_IncS_CWRU.v17.P_3d_r1_COMS58.sb.117_sub_2022_IncS_CWRU.v17.P_3d_r1_COMS58_k141_1197882_5	K02390	0.9767	0.9433	*
2022_IncS_CWRU.v17.P_3d_r1_COMS58.sb.117_sub_2022_IncS_CWRU.v17.P_3d_r1_COMS58_k141_1197882_6	K19222	0.4998	0.9609	
2022_IncS_CWRU.v17.P_3d_r1_COMS58.sb.117_sub_2022_IncS_CWRU.v17.P_3d_r1_COMS58_k141_1197882_7	K04564	1.0	0.8815	*
2022_IncS_CWRU.v17.P_3d_r1_COMS58.sb.117_sub_2022_IncS_CWRU.v17.P_3d_r1_COMS58_k141_1197882_8	K08738	0.8886	0.9655	
2022_IncS_CWRU.v17.P_3d_r1_COMS58.sb.117_sub_2022_IncS_CWRU.v17.P_3d_r1_COMS58_k141_1197882_9	K07146	0.4913	0.9591	
2022_IncS_CWRU.v17.P_3d_r1_COMS58.sb.117_sub_2022_IncS_CWRU.v17.P_3d_r1_COMS58_k141_643813_1	K18578	0.9707	0.9943	
2022_IncS_CWRU.v17.P_3d_r1_COMS58.sb.117_sub_2022_IncS_CWRU.v17.P_3d_r1_COMS58_k141_643813_2	K02039	0.7567	0.9264	
2022_IncS_CWRU.v17.P_3d_r1_COMS58.sb.117_sub_2022_IncS_CWRU.v17.P_3d_r1_COMS58_k141_643813_3	K03060	0.1313	0.9109	
2022_IncS_CWRU.v17.P_3d_r1_COMS58.sb.117_sub_2022_IncS_CWRU.v17.P_3d_r1_COMS58_k141_643813_4	K08482	0.399	0.9707	
2022_IncS_CWRU.v17.P_3d_r1_COMS58.sb.117_sub_2022_IncS_CWRU.v17.P_3d_r1_COMS58_k141_368988_1	K21397	0.9969	0.9692	*
2022_IncS_CWRU.v17.P_3d_r1_COMS58.sb.117_sub_2022_IncS_CWRU.v17.P_3d_r1_COMS58_k141_368988_2	K02528	0.9893	0.9348	*
2022_IncS_CWRU.v17.P_3d_r1_COMS58.sb.117_sub_2022_IncS_CWRU.v17.P_3d_r1_COMS58_k141_368988_3	K00703	0.9951	0.9239	*
2022_IncS_CWRU.v17.P_3d_r1_COMS58.sb.117_sub_2022_IncS_CWRU.v17.P_3d_r1_COMS58_k141_368988_4	K03294	0.9767	0.9586	*
2022_IncS_CWRU.v17.P_3d_r1_COMS58.sb.117_sub_2022_IncS_CWRU.v17.P_3d_r1_COMS58_k141_368988_5	K09118	0.9998	0.9889	*
2022_IncS_CWRU.v17.P_3d_r1_COMS58.sb.117_sub_2022_IncS_CWRU.v17.P_3d_r1_COMS58_k141_368988_6	K03605	0.9819	0.9125	*
2022_IncS_CWRU.v17.P_3d_r1_COMS58.sb.117_sub_2022_IncS_CWRU.v17.P_3d_r1_COMS58_k141_368988_7	K03620	1.0	0.9827	*
2022_IncS_CWRU.v17.P_3d_r1_COMS58.sb.117_sub_2022_IncS_CWRU.v17.P_3d_r1_COMS58_k141_368988_8	K01114	0.1984	0.9344	
2022_IncS_CWRU.v17.P_3d_r1_COMS58.sb.117_sub_2022_IncS_CWRU.v17.P_3d_r1_COMS58_k141_96003_1	K06518	0.7038	0.9791	
2022_IncS_CWRU.v17.P_3d_r1_COMS58.sb.117_sub_2022_IncS_CWRU.v17.P_3d_r1_COMS58_k141_96003_2	K07147	0.9999	0.9706	*
2022_IncS_CWRU.v17.P_3d_r1_COMS58.sb.117_sub_2022_IncS_CWRU.v17.P_3d_r1_COMS58_k141_96003_3	K17247	1.0	0.9887	*
2022_IncS_CWRU.v17.P_3d_r1_COMS58.sb.117_sub_2022_IncS_CWRU.v17.P_3d_r1_COMS58_k141_96003_4	K03470	1.0	0.8988	*
2022_IncS_CWRU.v17.P_3d_r1_COMS58.sb.117_sub_2022_IncS_CWRU.v17.P_3d_r1_COMS58_k141_96003_5	K02035	0.813	0.8709	
2022_IncS_CWRU.v17.P_3d_r1_COMS58.sb.117_sub_2022_IncS_CWRU.v17.P_3d_r1_COMS58_k141_647338_1	K06009	0.1481	0.9715	
2022_IncS_CWRU.v17.P_3d_r1_COMS58.sb.117_sub_2022_IncS_CWRU.v17.P_3d_r1_COMS58_k141_647338_2	K06442	1.0	0.8525	*
2022_IncS_CWRU.v17.P_3d_r1_COMS58.sb.117_sub_2022_IncS_CWRU.v17.P_3d_r1_COMS58_k141_647338_3	K00858	0.9998	0.856	*
2022_IncS_CWRU.v17.P_3d_r1_COMS58.sb.117_sub_2022_IncS_CWRU.v17.P_3d_r1_COMS58_k141_647338_4	K15738	0.9989	0.951	*
2022_IncS_CWRU.v17.P_3d_r1_COMS58.sb.117_sub_2022_IncS_CWRU.v17.P_3d_r1_COMS58_k141_647613_1	K00133	0.5965	0.7626	
2022_IncS_CWRU.v17.P_3d_r1_COMS58.sb.117_sub_2022_IncS_CWRU.v17.P_3d_r1_COMS58_k141_647613_2	K00928	0.9995	0.8157	*
2022_IncS_CWRU.v17.P_3d_r1_COMS58.sb.117_sub_2022_IncS_CWRU.v17.P_3d_r1_COMS58_k141_647613_3	K06940	0.1427	0.9476	
2022_IncS_CWRU.v17.P_3d_r1_COMS58.sb.117_sub_2022_IncS_CWRU.v17.P_3d_r1_COMS58_k141_647613_4	K00995	0.6261	0.8617	
2022_IncS_CWRU.v17.P_3d_r1_COMS58.sb.117_sub_2022_IncS_CWRU.v17.P_3d_r1_COMS58_k141_647613_5	K07172	0.9343	0.8573	*
2022_IncS_CWRU.v17.P_3d_r1_COMS58.sb.117_sub_2022_IncS_CWRU.v17.P_3d_r1_COMS58_k141_647613_6	K07171	0.9935	0.903	*
2022_IncS_CWRU.v17.P_3d_r1_COMS58.sb.117_sub_2022_IncS_CWRU.v17.P_3d_r1_COMS58_k141_647613_7	K02784	0.3401	0.8869	
2022_IncS_CWRU.v17.P_3d_r1_COMS58.sb.117_sub_2022_IncS_CWRU.v17.P_3d_r1_COMS58_k141_647613_8	K03668	0.1864	0.9831	
2022_IncS_CWRU.v17.P_3d_r1_COMS58.sb.117_sub_2022_IncS_CWRU.v17.P_3d_r1_COMS58_k141_647613_9	K07165	0.1667	0.9787	
2022_IncS_CWRU.v17.P_3d_r1_COMS58.sb.117_sub_2022_IncS_CWRU.v17.P_3d_r1_COMS58_k141_647613_10	K07052	0.9872	0.9347	*
2022_IncS_CWRU.v17.P_3d_r1_COMS58.sb.117_sub_2022_IncS_CWRU.v17.P_3d_r1_COMS58_k141_647613_11	K19092	0.9894	0.9649	*
2022_IncS_CWRU.v17.P_3d_r1_COMS58.sb.117_sub_2022_IncS_CWRU.v17.P_3d_r1_COMS58_k141_647613_12	K07746	0.9635	0.9777	
2022_IncS_CWRU.v17.P_3d_r1_COMS58.sb.117_sub_2022_IncS_CWRU.v17.P_3d_r1_COMS58_k141_647613_13	K04486	0.1407	0.8554	
2022_IncS_CWRU.v17.P_3d_r1_COMS58.sb.117_sub_2022_IncS_CWRU.v17.P_3d_r1_COMS58_k141_647613_14	K01611	0.4511	0.8748	
2022_IncS_CWRU.v17.P_3d_r1_COMS58.sb.117_sub_2022_IncS_CWRU.v17.P_3d_r1_COMS58_k141_647613_15	K06223	0.9992	0.9347	*
2022_IncS_CWRU.v17.P_3d_r1_COMS58.sb.117_sub_2022_IncS_CWRU.v17.P_3d_r1_COMS58_k141_647613_16	K03559	0.0955	0.8846	
2022_IncS_CWRU.v17.P_3d_r1_COMS58.sb.117_sub_2022_IncS_CWRU.v17.P_3d_r1_COMS58_k141_99797_1	K09903	0.9995	0.8145	*
2022_IncS_CWRU.v17.P_3d_r1_COMS58.sb.117_sub_2022_IncS_CWRU.v17.P_3d_r1_COMS58_k141_99797_2	K07052	0.4941	0.9347	
2022_IncS_CWRU.v17.P_3d_r1_COMS58.sb.117_sub_2022_IncS_CWRU.v17.P_3d_r1_COMS58_k141_99797_3	K01295	0.9996	0.7379	*
2022_IncS_CWRU.v17.P_3d_r1_COMS58.sb.117_sub_2022_IncS_CWRU.v17.P_3d_r1_COMS58_k141_1207070_1	K03657	0.9975	0.9648	*
2022_IncS_CWRU.v17.P_3d_r1_COMS58.sb.117_sub_2022_IncS_CWRU.v17.P_3d_r1_COMS58_k141_1207070_2	K03534	0.1342	0.9537	
2022_IncS_CWRU.v17.P_3d_r1_COMS58.sb.117_sub_2022_IncS_CWRU.v17.P_3d_r1_COMS58_k141_1207070_3	K07729	0.2907	0.9744	
2022_IncS_CWRU.v17.P_3d_r1_COMS58.sb.117_sub_2022_IncS_CWRU.v17.P_3d_r1_COMS58_k141_1482035_1	K11235	0.2069	0.9068	
2022_IncS_CWRU.v17.P_3d_r1_COMS58.sb.117_sub_2022_IncS_CWRU.v17.P_3d_r1_COMS58_k141_1482035_2	K11783	0.2335	0.7208	
2022_IncS_CWRU.v17.P_3d_r1_COMS58.sb.117_sub_2022_IncS_CWRU.v17.P_3d_r1_COMS58_k141_1482035_3	K00091	0.9933	0.9784	*
2022_IncS_CWRU.v17.P_3d_r1_COMS58.sb.117_sub_2022_IncS_CWRU.v17.P_3d_r1_COMS58_k141_1482035_4	K06950	0.4114	0.9563	
2022_IncS_CWRU.v17.P_3d_r1_COMS58.sb.117_sub_2022_IncS_CWRU.v17.P_3d_r1_COMS58_k141_1482035_5	K03534	0.3574	0.9537	
2022_IncS_CWRU.v17.P_3d_r1_COMS58.sb.117_sub_2022_IncS_CWRU.v17.P_3d_r1_COMS58_k141_1482035_6	K01446	0.0734	0.8746	
2022_IncS_CWRU.v17.P_3d_r1_COMS58.sb.117_sub_2022_IncS_CWRU.v17.P_3d_r1_COMS58_k141_1482035_7	K04085	0.5809	0.974	
2022_IncS_CWRU.v17.P_3d_r1_COMS58.sb.117_sub_2022_IncS_CWRU.v17.P_3d_r1_COMS58_k141_1482035_8	K06045	0.9944	0.9663	*
2022_IncS_CWRU.v17.P_3d_r1_COMS58.sb.117_sub_2022_IncS_CWRU.v17.P_3d_r1_COMS58_k141_1482035_9	K03527	1.0	0.7428	*
2022_IncS_CWRU.v17.P_3d_r1_COMS58.sb.117_sub_2022_IncS_CWRU.v17.P_3d_r1_COMS58_k141_1482035_10	K07566	0.4461	0.7893	
2022_IncS_CWRU.v17.P_3d_r1_COMS58.sb.117_sub_2022_IncS_CWRU.v17.P_3d_r1_COMS58_k141_1482035_11	K27095	0.1181	0.9782	
2022_IncS_CWRU.v17.P_3d_r1_COMS58.sb.117_sub_2022_IncS_CWRU.v17.P_3d_r1_COMS58_k141_1482035_12	K07726	0.8309	0.8994	
2022_IncS_CWRU.v17.P_3d_r1_COMS58.sb.117_sub_2022_IncS_CWRU.v17.P_3d_r1_COMS58_k141_1482035_13	K06133	0.5943	0.8992	
2022_IncS_CWRU.v17.P_3d_r1_COMS58.sb.117_sub_2022_IncS_CWRU.v17.P_3d_r1_COMS58_k141_1482035_14	K03631	0.9993	0.9741	*
2022_IncS_CWRU.v17.P_3d_r1_COMS58.sb.117_sub_2022_IncS_CWRU.v17.P_3d_r1_COMS58_k141_1482035_15	K03562	0.9862	0.8123	*
2022_IncS_CWRU.v17.P_3d_r1_COMS58.sb.117_sub_2022_IncS_CWRU.v17.P_3d_r1_COMS58_k141_1482035_16	K03560	0.9564	0.7628	*
2022_IncS_CWRU.v17.P_3d_r1_COMS58.sb.117_sub_2022_IncS_CWRU.v17.P_3d_r1_COMS58_k141_1482035_17	K03832	0.9707	0.9754	
2022_IncS_CWRU.v17.P_3d_r1_COMS58.sb.117_sub_2022_IncS_CWRU.v17.P_3d_r1_COMS58_k141_1482035_18	K03641	0.9991	0.9853	*
2022_IncS_CWRU.v17.P_3d_r1_COMS58.sb.117_sub_2022_IncS_CWRU.v17.P_3d_r1_COMS58_k141_1482035_19	K03640	0.9875	0.9739	*
2022_IncS_CWRU.v17.P_3d_r1_COMS58.sb.117_sub_2022_IncS_CWRU.v17.P_3d_r1_COMS58_k141_1482035_20	K09004	0.4953	0.9747	
2022_IncS_CWRU.v17.P_3d_r1_COMS58.sb.117_sub_2022_IncS_CWRU.v17.P_3d_r1_COMS58_k141_1482035_21	K20266	0.9541	0.9249	*
2022_IncS_CWRU.v17.P_3d_r1_COMS58.sb.117_sub_2022_IncS_CWRU.v17.P_3d_r1_COMS58_k141_928954_1	K01918	1.0	0.827	*
2022_IncS_CWRU.v17.P_3d_r1_COMS58.sb.117_sub_2022_IncS_CWRU.v17.P_3d_r1_COMS58_k141_928954_2	K13038	1.0	0.8683	*
2022_IncS_CWRU.v17.P_3d_r1_COMS58.sb.117_sub_2022_IncS_CWRU.v17.P_3d_r1_COMS58_k141_928954_3	K18979	0.4357	0.9422	
2022_IncS_CWRU.v17.P_3d_r1_COMS58.sb.117_sub_2022_IncS_CWRU.v17.P_3d_r1_COMS58_k141_928954_4	K13784	0.4213	0.9929	
2022_IncS_CWRU.v17.P_3d_r1_COMS58.sb.117_sub_2022_IncS_CWRU.v17.P_3d_r1_COMS58_k141_928954_5	K00974	0.9998	0.8907	*
2022_IncS_CWRU.v17.P_3d_r1_COMS58.sb.117_sub_2022_IncS_CWRU.v17.P_3d_r1_COMS58_k141_928954_6	K25706	0.9948	0.8705	*
2022_IncS_CWRU.v17.P_3d_r1_COMS58.sb.117_sub_2022_IncS_CWRU.v17.P_3d_r1_COMS58_k141_928954_7	K01883	0.9998	0.7975	*
2022_IncS_CWRU.v17.P_3d_r1_COMS58.sb.117_sub_2022_IncS_CWRU.v17.P_3d_r1_COMS58_k141_928954_8	K22736	0.4776	0.9842	
2022_IncS_CWRU.v17.P_3d_r1_COMS58.sb.117_sub_2022_IncS_CWRU.v17.P_3d_r1_COMS58_k141_928954_9	K02030	0.2113	0.871	
2022_IncS_CWRU.v17.P_3d_r1_COMS58.sb.117_sub_2022_IncS_CWRU.v17.P_3d_r1_COMS58_k141_928954_10	K24180	0.1911	0.8135	
2022_IncS_CWRU.v17.P_3d_r1_COMS58.sb.117_sub_2022_IncS_CWRU.v17.P_3d_r1_COMS58_k141_928954_11	K28923	0.5698	0.991	
2022_IncS_CWRU.v17.P_3d_r1_COMS58.sb.117_sub_2022_IncS_CWRU.v17.P_3d_r1_COMS58_k141_928954_12	K00683	0.2701	0.9209	
2022_IncS_CWRU.v17.P_3d_r1_COMS58.sb.117_sub_2022_IncS_CWRU.v17.P_3d_r1_COMS58_k141_928954_13	K03118	1.0	0.9584	*
2022_IncS_CWRU.v17.P_3d_r1_COMS58.sb.117_sub_2022_IncS_CWRU.v17.P_3d_r1_COMS58_k141_928954_14	K03117	0.9971	0.9348	*
2022_IncS_CWRU.v17.P_3d_r1_COMS58.sb.117_sub_2022_IncS_CWRU.v17.P_3d_r1_COMS58_k141_928954_15	K07742	0.23	0.8906	
2022_IncS_CWRU.v17.P_3d_r1_COMS58.sb.117_sub_2022_IncS_CWRU.v17.P_3d_r1_COMS58_k141_928954_16	K03517	0.9852	0.7073	*
2022_IncS_CWRU.v17.P_3d_r1_COMS58.sb.117_sub_2022_IncS_CWRU.v17.P_3d_r1_COMS58_k141_930740_1	K05894	0.8067	0.6332	*
2022_IncS_CWRU.v17.P_3d_r1_COMS58.sb.117_sub_2022_IncS_CWRU.v17.P_3d_r1_COMS58_k141_930740_2	K01214	0.5425	0.8114	
2022_IncS_CWRU.v17.P_3d_r1_COMS58.sb.117_sub_2022_IncS_CWRU.v17.P_3d_r1_COMS58_k141_930740_3	K01214	0.8101	0.8114	
2022_IncS_CWRU.v17.P_3d_r1_COMS58.sb.117_sub_2022_IncS_CWRU.v17.P_3d_r1_COMS58_k141_930740_4	K02014	0.9972	0.9106	*
2022_IncS_CWRU.v17.P_3d_r1_COMS58.sb.117_sub_2022_IncS_CWRU.v17.P_3d_r1_COMS58_k141_930740_5	K06942	0.9918	0.8852	*
2022_IncS_CWRU.v17.P_3d_r1_COMS58.sb.117_sub_2022_IncS_CWRU.v17.P_3d_r1_COMS58_k141_1757538_1	K07497	0.2627	0.9505	
2022_IncS_CWRU.v17.P_3d_r1_COMS58.sb.117_sub_2022_IncS_CWRU.v17.P_3d_r1_COMS58_k141_1757538_2	K00008	0.983	0.7756	*
2022_IncS_CWRU.v17.P_3d_r1_COMS58.sb.117_sub_2022_IncS_CWRU.v17.P_3d_r1_COMS58_k141_1757538_3	K21679	0.4938	0.8766	
2022_IncS_CWRU.v17.P_3d_r1_COMS58.sb.117_sub_2022_IncS_CWRU.v17.P_3d_r1_COMS58_k141_1757538_4	K02291	0.9378	0.9105	*
2022_IncS_CWRU.v17.P_3d_r1_COMS58.sb.117_sub_2022_IncS_CWRU.v17.P_3d_r1_COMS58_k141_1757538_5	K21677	0.4372	0.8582	
2022_IncS_CWRU.v17.P_3d_r1_COMS58.sb.117_sub_2022_IncS_CWRU.v17.P_3d_r1_COMS58_k141_1757538_6	K07240	0.404	0.9444	
2022_IncS_CWRU.v17.P_3d_r1_COMS58.sb.117_sub_2022_IncS_CWRU.v17.P_3d_r1_COMS58_k141_1757538_7	K22190	0.7	0.9211	
2022_IncS_CWRU.v17.P_3d_r1_COMS58.sb.117_sub_2022_IncS_CWRU.v17.P_3d_r1_COMS58_k141_1757538_8	K22704	0.3983	0.9978	
2022_IncS_CWRU.v17.P_3d_r1_COMS58.sb.117_sub_2022_IncS_CWRU.v17.P_3d_r1_COMS58_k141_1757538_9	K12340	0.9019	0.7782	*
2022_IncS_CWRU.v17.P_3d_r1_COMS58.sb.117_sub_2022_IncS_CWRU.v17.P_3d_r1_COMS58_k141_1757538_10	K07126	0.3848	0.9766	
2022_IncS_CWRU.v17.P_3d_r1_COMS58.sb.117_sub_2022_IncS_CWRU.v17.P_3d_r1_COMS58_k141_1757538_11	K03585	0.5476	0.7228	
2022_IncS_CWRU.v17.P_3d_r1_COMS58.sb.117_sub_2022_IncS_CWRU.v17.P_3d_r1_COMS58_k141_1757538_12	K09457	0.9998	0.858	*
2022_IncS_CWRU.v17.P_3d_r1_COMS58.sb.117_sub_2022_IncS_CWRU.v17.P_3d_r1_COMS58_k141_380439_1	K21024	0.9581	0.9859	
2022_IncS_CWRU.v17.P_3d_r1_COMS58.sb.117_sub_2022_IncS_CWRU.v17.P_3d_r1_COMS58_k141_380439_2	K03980	0.9965	0.9643	*
2022_IncS_CWRU.v17.P_3d_r1_COMS58.sb.117_sub_2022_IncS_CWRU.v17.P_3d_r1_COMS58_k141_380439_3	K04078	0.1788	0.8969	
2022_IncS_CWRU.v17.P_3d_r1_COMS58.sb.117_sub_2022_IncS_CWRU.v17.P_3d_r1_COMS58_k141_380439_4	K12573	0.999	0.8808	*
2022_IncS_CWRU.v17.P_3d_r1_COMS58.sb.117_sub_2022_IncS_CWRU.v17.P_3d_r1_COMS58_k141_380439_5	K09940	0.9973	0.9921	*
2022_IncS_CWRU.v17.P_3d_r1_COMS58.sb.117_sub_2022_IncS_CWRU.v17.P_3d_r1_COMS58_k141_380439_6	K09940	0.5323	0.9921	
2022_IncS_CWRU.v17.P_3d_r1_COMS58.sb.117_sub_2022_IncS_CWRU.v17.P_3d_r1_COMS58_k141_380439_7	K02300	0.2706	0.9199	
2022_IncS_CWRU.v17.P_3d_r1_COMS58.sb.117_sub_2022_IncS_CWRU.v17.P_3d_r1_COMS58_k141_380439_8	K11353	0.1737	0.8955	
2022_IncS_CWRU.v17.P_3d_r1_COMS58.sb.117_sub_2022_IncS_CWRU.v17.P_3d_r1_COMS58_k141_380439_9	K04771	0.8789	0.941	
2022_IncS_CWRU.v17.P_3d_r1_COMS58.sb.117_sub_2022_IncS_CWRU.v17.P_3d_r1_COMS58_k141_380439_10	K00859	0.9998	0.9312	*
2022_IncS_CWRU.v17.P_3d_r1_COMS58.sb.117_sub_2022_IncS_CWRU.v17.P_3d_r1_COMS58_k141_380439_11	K12281	0.4277	0.96	
2022_IncS_CWRU.v17.P_3d_r1_COMS58.sb.117_sub_2022_IncS_CWRU.v17.P_3d_r1_COMS58_k141_380439_12	K07483	0.6699	0.9439	
2022_IncS_CWRU.v17.P_3d_r1_COMS58.sb.117_sub_2022_IncS_CWRU.v17.P_3d_r1_COMS58_k141_106535_1	K12543	0.4202	0.7678	
2022_IncS_CWRU.v17.P_3d_r1_COMS58.sb.117_sub_2022_IncS_CWRU.v17.P_3d_r1_COMS58_k141_106535_2	K15727	0.9311	0.9185	*
2022_IncS_CWRU.v17.P_3d_r1_COMS58.sb.117_sub_2022_IncS_CWRU.v17.P_3d_r1_COMS58_k141_106535_3	K15726	0.9981	0.6973	*
2022_IncS_CWRU.v17.P_3d_r1_COMS58.sb.117_sub_2022_IncS_CWRU.v17.P_3d_r1_COMS58_k141_2036736_1	K00647	0.5947	0.6692	
2022_IncS_CWRU.v17.P_3d_r1_COMS58.sb.117_sub_2022_IncS_CWRU.v17.P_3d_r1_COMS58_k141_2036736_2	K01424	0.3324	0.9109	
2022_IncS_CWRU.v17.P_3d_r1_COMS58.sb.117_sub_2022_IncS_CWRU.v17.P_3d_r1_COMS58_k141_2036736_3	K20423	0.6833	0.4575	*
2022_IncS_CWRU.v17.P_3d_r1_COMS58.sb.117_sub_2022_IncS_CWRU.v17.P_3d_r1_COMS58_k141_2036736_4	K00640	0.5416	0.8945	
2022_IncS_CWRU.v17.P_3d_r1_COMS58.sb.117_sub_2022_IncS_CWRU.v17.P_3d_r1_COMS58_k141_2036736_5	K01652	0.8968	0.838	*
2022_IncS_CWRU.v17.P_3d_r1_COMS58.sb.117_sub_2022_IncS_CWRU.v17.P_3d_r1_COMS58_k141_2036736_6	K15256	0.5656	0.9694	
2022_IncS_CWRU.v17.P_3d_r1_COMS58.sb.117_sub_2022_IncS_CWRU.v17.P_3d_r1_COMS58_k141_2036736_7	K05886	0.4753	0.7486	
2022_IncS_CWRU.v17.P_3d_r1_COMS58.sb.117_sub_2022_IncS_CWRU.v17.P_3d_r1_COMS58_k141_2036736_8	K26983	0.1992	0.6591	
2022_IncS_CWRU.v17.P_3d_r1_COMS58.sb.117_sub_2022_IncS_CWRU.v17.P_3d_r1_COMS58_k141_2036736_9	K28280	0.8048	0.9348	
2022_IncS_CWRU.v17.P_3d_r1_COMS58.sb.117_sub_2022_IncS_CWRU.v17.P_3d_r1_COMS58_k141_2036736_10	K28279	0.6161	0.8787	
2022_IncS_CWRU.v17.P_3d_r1_COMS58.sb.117_sub_2022_IncS_CWRU.v17.P_3d_r1_COMS58_k141_2036736_11	K03977	0.9998	0.9685	*
2022_IncS_CWRU.v17.P_3d_r1_COMS58.sb.117_sub_2022_IncS_CWRU.v17.P_3d_r1_COMS58_k141_2036736_12	K20276	0.5277	0.9872	
2022_IncS_CWRU.v17.P_3d_r1_COMS58.sb.117_sub_2022_IncS_CWRU.v17.P_3d_r1_COMS58_k141_2036736_13	K03218	0.9972	0.7753	*
2022_IncS_CWRU.v17.P_3d_r1_COMS58.sb.117_sub_2022_IncS_CWRU.v17.P_3d_r1_COMS58_k141_2036736_14	K06204	0.2606	0.9701	
2022_IncS_CWRU.v17.P_3d_r1_COMS58.sb.117_sub_2022_IncS_CWRU.v17.P_3d_r1_COMS58_k141_2036736_15	K03088	0.9564	0.9501	*
2022_IncS_CWRU.v17.P_3d_r1_COMS58.sb.117_sub_2022_IncS_CWRU.v17.P_3d_r1_COMS58_k141_2036736_16	K06872	0.2015	0.985	
2022_IncS_CWRU.v17.P_3d_r1_COMS58.sb.117_sub_2022_IncS_CWRU.v17.P_3d_r1_COMS58_k141_2036736_17	K09771	0.2392	0.9673	
2022_IncS_CWRU.v17.P_3d_r1_COMS58.sb.117_sub_2022_IncS_CWRU.v17.P_3d_r1_COMS58_k141_2036736_18	K25010	0.6044	0.9202	
2022_IncS_CWRU.v17.P_3d_r1_COMS58.sb.117_sub_2022_IncS_CWRU.v17.P_3d_r1_COMS58_k141_657627_1	K00287	0.1708	0.9549	
2022_IncS_CWRU.v17.P_3d_r1_COMS58.sb.117_sub_2022_IncS_CWRU.v17.P_3d_r1_COMS58_k141_657627_2	K02078	0.9947	0.9563	*
2022_IncS_CWRU.v17.P_3d_r1_COMS58.sb.117_sub_2022_IncS_CWRU.v17.P_3d_r1_COMS58_k141_657627_3	K20543	0.9082	0.9567	
2022_IncS_CWRU.v17.P_3d_r1_COMS58.sb.117_sub_2022_IncS_CWRU.v17.P_3d_r1_COMS58_k141_657627_4	K01736	0.1522	0.8824	
2022_IncS_CWRU.v17.P_3d_r1_COMS58.sb.117_sub_2022_IncS_CWRU.v17.P_3d_r1_COMS58_k141_657627_5	K15539	0.8351	0.9969	
2022_IncS_CWRU.v17.P_3d_r1_COMS58.sb.117_sub_2022_IncS_CWRU.v17.P_3d_r1_COMS58_k141_657627_6	K03088	0.3929	0.9501	
2022_IncS_CWRU.v17.P_3d_r1_COMS58.sb.117_sub_2022_IncS_CWRU.v17.P_3d_r1_COMS58_k141_657627_7	K26467	0.3132	0.9335	
2022_IncS_CWRU.v17.P_3d_r1_COMS58.sb.117_sub_2022_IncS_CWRU.v17.P_3d_r1_COMS58_k141_657627_8	K05562	0.2402	0.8426	
2022_IncS_CWRU.v17.P_3d_r1_COMS58.sb.117_sub_2022_IncS_CWRU.v17.P_3d_r1_COMS58_k141_657627_9	K19150	0.1323	0.9255	
2022_IncS_CWRU.v17.P_3d_r1_COMS58.sb.117_sub_2022_IncS_CWRU.v17.P_3d_r1_COMS58_k141_936478_1	K02652	0.9788	0.7904	*
2022_IncS_CWRU.v17.P_3d_r1_COMS58.sb.117_sub_2022_IncS_CWRU.v17.P_3d_r1_COMS58_k141_936478_2	K02653	0.6963	0.7378	
2022_IncS_CWRU.v17.P_3d_r1_COMS58.sb.117_sub_2022_IncS_CWRU.v17.P_3d_r1_COMS58_k141_936478_3	K03744	0.2987	0.9827	
2022_IncS_CWRU.v17.P_3d_r1_COMS58.sb.117_sub_2022_IncS_CWRU.v17.P_3d_r1_COMS58_k141_936478_4	K09914	0.2374	0.9454	
2022_IncS_CWRU.v17.P_3d_r1_COMS58.sb.117_sub_2022_IncS_CWRU.v17.P_3d_r1_COMS58_k141_936478_5	K07282	0.6438	0.9926	
2022_IncS_CWRU.v17.P_3d_r1_COMS58.sb.117_sub_2022_IncS_CWRU.v17.P_3d_r1_COMS58_k141_936478_6	K07064	0.8794	0.7126	*
2022_IncS_CWRU.v17.P_3d_r1_COMS58.sb.117_sub_2022_IncS_CWRU.v17.P_3d_r1_COMS58_k141_936478_7	K28276	0.4398	0.8393	
2022_IncS_CWRU.v17.P_3d_r1_COMS58.sb.117_sub_2022_IncS_CWRU.v17.P_3d_r1_COMS58_k141_936478_8	K00522	0.16	0.8767	
2022_IncS_CWRU.v17.P_3d_r1_COMS58.sb.117_sub_2022_IncS_CWRU.v17.P_3d_r1_COMS58_k141_385243_1	K01477	0.5888	0.8658	
2022_IncS_CWRU.v17.P_3d_r1_COMS58.sb.117_sub_2022_IncS_CWRU.v17.P_3d_r1_COMS58_k141_385243_2	K19092	0.9944	0.9649	*
2022_IncS_CWRU.v17.P_3d_r1_COMS58.sb.117_sub_2022_IncS_CWRU.v17.P_3d_r1_COMS58_k141_385243_3	K07746	0.9634	0.9777	
2022_IncS_CWRU.v17.P_3d_r1_COMS58.sb.117_sub_2022_IncS_CWRU.v17.P_3d_r1_COMS58_k141_385243_4	K03168	1.0	0.916	*
2022_IncS_CWRU.v17.P_3d_r1_COMS58.sb.117_sub_2022_IncS_CWRU.v17.P_3d_r1_COMS58_k141_385243_5	K07746	0.5827	0.9777	
2022_IncS_CWRU.v17.P_3d_r1_COMS58.sb.117_sub_2022_IncS_CWRU.v17.P_3d_r1_COMS58_k141_385243_6	K02426	0.3173	0.8978	
2022_IncS_CWRU.v17.P_3d_r1_COMS58.sb.117_sub_2022_IncS_CWRU.v17.P_3d_r1_COMS58_k141_385243_7	K01174	0.2683	0.9587	
2022_IncS_CWRU.v17.P_3d_r1_COMS58.sb.117_sub_2022_IncS_CWRU.v17.P_3d_r1_COMS58_k141_385243_8	K01462	0.2355	0.9185	
2022_IncS_CWRU.v17.P_3d_r1_COMS58.sb.117_sub_2022_IncS_CWRU.v17.P_3d_r1_COMS58_k141_385243_9	K07713	0.4336	0.8268	
2022_IncS_CWRU.v17.P_3d_r1_COMS58.sb.117_sub_2022_IncS_CWRU.v17.P_3d_r1_COMS58_k141_385243_10	K02278	0.996	0.9112	*
2022_IncS_CWRU.v17.P_3d_r1_COMS58.sb.117_sub_2022_IncS_CWRU.v17.P_3d_r1_COMS58_k141_385243_11	K02282	0.9975	0.9786	*
2022_IncS_CWRU.v17.P_3d_r1_COMS58.sb.117_sub_2022_IncS_CWRU.v17.P_3d_r1_COMS58_k141_938223_1	K01972	0.987	0.843	*
2022_IncS_CWRU.v17.P_3d_r1_COMS58.sb.117_sub_2022_IncS_CWRU.v17.P_3d_r1_COMS58_k141_938223_2	K05770	0.7072	0.9783	
2022_IncS_CWRU.v17.P_3d_r1_COMS58.sb.117_sub_2022_IncS_CWRU.v17.P_3d_r1_COMS58_k141_938223_3	K02038	0.2809	0.8189	
2022_IncS_CWRU.v17.P_3d_r1_COMS58.sb.117_sub_2022_IncS_CWRU.v17.P_3d_r1_COMS58_k141_1764451_1	K02275	0.31	0.9697	
2022_IncS_CWRU.v17.P_3d_r1_COMS58.sb.117_sub_2022_IncS_CWRU.v17.P_3d_r1_COMS58_k141_1764451_2	K00099	1.0	0.8247	*
2022_IncS_CWRU.v17.P_3d_r1_COMS58.sb.117_sub_2022_IncS_CWRU.v17.P_3d_r1_COMS58_k141_1764451_3	K07733	0.299	0.9689	
2022_IncS_CWRU.v17.P_3d_r1_COMS58.sb.117_sub_2022_IncS_CWRU.v17.P_3d_r1_COMS58_k141_1764451_4	K00981	0.9679	0.9595	*
2022_IncS_CWRU.v17.P_3d_r1_COMS58.sb.117_sub_2022_IncS_CWRU.v17.P_3d_r1_COMS58_k141_1764451_5	K00806	0.928	0.785	*
2022_IncS_CWRU.v17.P_3d_r1_COMS58.sb.117_sub_2022_IncS_CWRU.v17.P_3d_r1_COMS58_k141_1764451_6	K03832	0.4161	0.9754	
2022_IncS_CWRU.v17.P_3d_r1_COMS58.sb.117_sub_2022_IncS_CWRU.v17.P_3d_r1_COMS58_k141_1764451_7	K07738	0.2652	0.9479	
2022_IncS_CWRU.v17.P_3d_r1_COMS58.sb.117_sub_2022_IncS_CWRU.v17.P_3d_r1_COMS58_k141_1764451_8	K06950	0.788	0.9563	
2022_IncS_CWRU.v17.P_3d_r1_COMS58.sb.117_sub_2022_IncS_CWRU.v17.P_3d_r1_COMS58_k141_1764451_9	K06752	0.4605	0.8945	
2022_IncS_CWRU.v17.P_3d_r1_COMS58.sb.117_sub_2022_IncS_CWRU.v17.P_3d_r1_COMS58_k141_1764451_10	K12160	0.1991	0.9374	
2022_IncS_CWRU.v17.P_3d_r1_COMS58.sb.117_sub_2022_IncS_CWRU.v17.P_3d_r1_COMS58_k141_1764451_11	K01992	0.4156	0.9181	
2022_IncS_CWRU.v17.P_3d_r1_COMS58.sb.117_sub_2022_IncS_CWRU.v17.P_3d_r1_COMS58_k141_1764451_12	K01692	0.6428	0.8243	
2022_IncS_CWRU.v17.P_3d_r1_COMS58.sb.117_sub_2022_IncS_CWRU.v17.P_3d_r1_COMS58_k141_1764451_13	K13990	0.7808	0.698	*
2022_IncS_CWRU.v17.P_3d_r1_COMS58.sb.117_sub_2022_IncS_CWRU.v17.P_3d_r1_COMS58_k141_2041958_1	K08930	0.1775	0.8942	
2022_IncS_CWRU.v17.P_3d_r1_COMS58.sb.117_sub_2022_IncS_CWRU.v17.P_3d_r1_COMS58_k141_2041958_2	K01785	0.5502	0.9566	
2022_IncS_CWRU.v17.P_3d_r1_COMS58.sb.117_sub_2022_IncS_CWRU.v17.P_3d_r1_COMS58_k141_2041958_3	K00849	0.9957	0.8287	*
2022_IncS_CWRU.v17.P_3d_r1_COMS58.sb.117_sub_2022_IncS_CWRU.v17.P_3d_r1_COMS58_k141_2041958_4	K02429	0.9999	0.9433	*
2022_IncS_CWRU.v17.P_3d_r1_COMS58.sb.117_sub_2022_IncS_CWRU.v17.P_3d_r1_COMS58_k141_2041958_5	K07407	0.9931	0.8812	*
2022_IncS_CWRU.v17.P_3d_r1_COMS58.sb.117_sub_2022_IncS_CWRU.v17.P_3d_r1_COMS58_k141_2041958_6	K11745	0.2564	0.6911	
2022_IncS_CWRU.v17.P_3d_r1_COMS58.sb.117_sub_2022_IncS_CWRU.v17.P_3d_r1_COMS58_k141_2041958_7	K06149	0.4476	0.9987	
2022_IncS_CWRU.v17.P_3d_r1_COMS58.sb.117_sub_2022_IncS_CWRU.v17.P_3d_r1_COMS58_k141_2041958_8	K07042	0.5682	0.9506	
2022_IncS_CWRU.v17.P_3d_r1_COMS58.sb.117_sub_2022_IncS_CWRU.v17.P_3d_r1_COMS58_k141_2041958_9	K08484	0.5144	0.9358	
2022_IncS_CWRU.v17.P_3d_r1_COMS58.sb.117_sub_2022_IncS_CWRU.v17.P_3d_r1_COMS58_k141_940787_1	K07133	0.7975	0.8982	
2022_IncS_CWRU.v17.P_3d_r1_COMS58.sb.117_sub_2022_IncS_CWRU.v17.P_3d_r1_COMS58_k141_940787_2	K09004	0.638	0.9747	
2022_IncS_CWRU.v17.P_3d_r1_COMS58.sb.117_sub_2022_IncS_CWRU.v17.P_3d_r1_COMS58_k141_940787_3	K07506	0.7206	0.9804	
2022_IncS_CWRU.v17.P_3d_r1_COMS58.sb.117_sub_2022_IncS_CWRU.v17.P_3d_r1_COMS58_k141_940787_4	K15773	0.8208	0.9714	
2022_IncS_CWRU.v17.P_3d_r1_COMS58.sb.117_sub_2022_IncS_CWRU.v17.P_3d_r1_COMS58_k141_940787_5	K04392	0.2289	0.7376	
2022_IncS_CWRU.v17.P_3d_r1_COMS58.sb.117_sub_2022_IncS_CWRU.v17.P_3d_r1_COMS58_k141_940787_6	K02484	0.787	0.9091	
2022_IncS_CWRU.v17.P_3d_r1_COMS58.sb.117_sub_2022_IncS_CWRU.v17.P_3d_r1_COMS58_k141_940787_7	K02483	0.4745	0.83	
2022_IncS_CWRU.v17.P_3d_r1_COMS58.sb.117_sub_2022_IncS_CWRU.v17.P_3d_r1_COMS58_k141_940787_8	K00795	0.9322	0.7433	*
2022_IncS_CWRU.v17.P_3d_r1_COMS58.sb.117_sub_2022_IncS_CWRU.v17.P_3d_r1_COMS58_k141_940787_9	K02004	0.5979	0.8778	
2022_IncS_CWRU.v17.P_3d_r1_COMS58.sb.117_sub_2022_IncS_CWRU.v17.P_3d_r1_COMS58_k141_940787_10	K09810	0.7884	0.8396	
2022_IncS_CWRU.v17.P_3d_r1_COMS58.sb.117_sub_2022_IncS_CWRU.v17.P_3d_r1_COMS58_k141_940787_11	K00404	0.9817	0.969	*
2022_IncS_CWRU.v17.P_3d_r1_COMS58.sb.117_sub_2022_IncS_CWRU.v17.P_3d_r1_COMS58_k141_940787_12	K23063	0.2813	0.5975	
2022_IncS_CWRU.v17.P_3d_r1_COMS58.sb.117_sub_2022_IncS_CWRU.v17.P_3d_r1_COMS58_k141_940787_13	K05557	0.3523	0.9658	
2022_IncS_CWRU.v17.P_3d_r1_COMS58.sb.117_sub_2022_IncS_CWRU.v17.P_3d_r1_COMS58_k141_940787_14	K09796	0.8665	0.9827	
2022_IncS_CWRU.v17.P_3d_r1_COMS58.sb.117_sub_2022_IncS_CWRU.v17.P_3d_r1_COMS58_k141_940787_15	K21138	0.436	0.9239	
2022_IncS_CWRU.v17.P_3d_r1_COMS58.sb.117_sub_2022_IncS_CWRU.v17.P_3d_r1_COMS58_k141_940787_16	K28209	0.2114	0.8449	
2022_IncS_CWRU.v17.P_3d_r1_COMS58.sb.117_sub_2022_IncS_CWRU.v17.P_3d_r1_COMS58_k141_940787_17	K18666	0.0796	0.847	
2022_IncS_CWRU.v17.P_3d_r1_COMS58.sb.117_sub_2022_IncS_CWRU.v17.P_3d_r1_COMS58_k141_940787_18	K16783	0.5363	0.836	
2022_IncS_CWRU.v17.P_3d_r1_COMS58.sb.117_sub_2022_IncS_CWRU.v17.P_3d_r1_COMS58_k141_114066_1	K17508	0.6778	0.8159	
2022_IncS_CWRU.v17.P_3d_r1_COMS58.sb.117_sub_2022_IncS_CWRU.v17.P_3d_r1_COMS58_k141_114066_2	K00971	0.7472	0.6081	*
2022_IncS_CWRU.v17.P_3d_r1_COMS58.sb.117_sub_2022_IncS_CWRU.v17.P_3d_r1_COMS58_k141_114066_3	K00812	0.996	0.8913	*
2022_IncS_CWRU.v17.P_3d_r1_COMS58.sb.117_sub_2022_IncS_CWRU.v17.P_3d_r1_COMS58_k141_114066_4	K00275	0.1185	0.9326	
2022_IncS_CWRU.v17.P_3d_r1_COMS58.sb.117_sub_2022_IncS_CWRU.v17.P_3d_r1_COMS58_k141_114066_5	K02405	0.6462	0.8885	
2022_IncS_CWRU.v17.P_3d_r1_COMS58.sb.117_sub_2022_IncS_CWRU.v17.P_3d_r1_COMS58_k141_114066_6	K03008	0.1567	0.9122	
2022_IncS_CWRU.v17.P_3d_r1_COMS58.sb.117_sub_2022_IncS_CWRU.v17.P_3d_r1_COMS58_k141_114066_7	K00954	0.9995	0.8526	*
2022_IncS_CWRU.v17.P_3d_r1_COMS58.sb.117_sub_2022_IncS_CWRU.v17.P_3d_r1_COMS58_k141_114066_8	K01668	0.8958	0.7333	*
2022_IncS_CWRU.v17.P_3d_r1_COMS58.sb.117_sub_2022_IncS_CWRU.v17.P_3d_r1_COMS58_k141_114066_9	K02119	0.3261	0.8242	
2022_IncS_CWRU.v17.P_3d_r1_COMS58.sb.117_sub_2022_IncS_CWRU.v17.P_3d_r1_COMS58_k141_1494879_1	K09791	0.2895	0.9612	
2022_IncS_CWRU.v17.P_3d_r1_COMS58.sb.117_sub_2022_IncS_CWRU.v17.P_3d_r1_COMS58_k141_1494879_2	K21449	0.7876	0.9892	
2022_IncS_CWRU.v17.P_3d_r1_COMS58.sb.117_sub_2022_IncS_CWRU.v17.P_3d_r1_COMS58_k141_1494879_3	K03789	0.3734	0.9633	
2022_IncS_CWRU.v17.P_3d_r1_COMS58.sb.117_sub_2022_IncS_CWRU.v17.P_3d_r1_COMS58_k141_1494879_4	K21449	0.9714	0.9892	
2022_IncS_CWRU.v17.P_3d_r1_COMS58.sb.117_sub_2022_IncS_CWRU.v17.P_3d_r1_COMS58_k141_390947_1	K12340	0.3979	0.7782	
2022_IncS_CWRU.v17.P_3d_r1_COMS58.sb.117_sub_2022_IncS_CWRU.v17.P_3d_r1_COMS58_k141_390947_2	K21449	0.5609	0.9892	
2022_IncS_CWRU.v17.P_3d_r1_COMS58.sb.117_sub_2022_IncS_CWRU.v17.P_3d_r1_COMS58_k141_390947_3	K02014	0.8814	0.9106	
2022_IncS_CWRU.v17.P_3d_r1_COMS58.sb.117_sub_2022_IncS_CWRU.v17.P_3d_r1_COMS58_k141_390947_4	K05986	0.9996	0.9161	*
2022_IncS_CWRU.v17.P_3d_r1_COMS58.sb.117_sub_2022_IncS_CWRU.v17.P_3d_r1_COMS58_k141_390947_5	K02972	0.2908	0.7573	
2022_IncS_CWRU.v17.P_3d_r1_COMS58.sb.117_sub_2022_IncS_CWRU.v17.P_3d_r1_COMS58_k141_390947_6	K03286	0.2197	0.9832	
2022_IncS_CWRU.v17.P_3d_r1_COMS58.sb.117_sub_2022_IncS_CWRU.v17.P_3d_r1_COMS58_k141_390947_7	K11940	0.2527	0.9149	
2022_IncS_CWRU.v17.P_3d_r1_COMS58.sb.117_sub_2022_IncS_CWRU.v17.P_3d_r1_COMS58_k141_390947_8	K09803	0.9522	0.9726	
2022_IncS_CWRU.v17.P_3d_r1_COMS58.sb.117_sub_2022_IncS_CWRU.v17.P_3d_r1_COMS58_k141_391196_1	K01293	0.3275	0.8563	
2022_IncS_CWRU.v17.P_3d_r1_COMS58.sb.117_sub_2022_IncS_CWRU.v17.P_3d_r1_COMS58_k141_391196_2	K07345	0.2707	0.9603	
2022_IncS_CWRU.v17.P_3d_r1_COMS58.sb.117_sub_2022_IncS_CWRU.v17.P_3d_r1_COMS58_k141_391196_3	K11921	0.8117	0.9712	
2022_IncS_CWRU.v17.P_3d_r1_COMS58.sb.117_sub_2022_IncS_CWRU.v17.P_3d_r1_COMS58_k141_391196_4	K07726	0.9662	0.8994	*
2022_IncS_CWRU.v17.P_3d_r1_COMS58.sb.117_sub_2022_IncS_CWRU.v17.P_3d_r1_COMS58_k141_391196_5	K18843	0.1741	0.9913	
2022_IncS_CWRU.v17.P_3d_r1_COMS58.sb.117_sub_2022_IncS_CWRU.v17.P_3d_r1_COMS58_k141_392638_1	K03594	0.9661	0.9111	*
2022_IncS_CWRU.v17.P_3d_r1_COMS58.sb.117_sub_2022_IncS_CWRU.v17.P_3d_r1_COMS58_k141_392638_2	K03325	0.9994	0.8528	*
2022_IncS_CWRU.v17.P_3d_r1_COMS58.sb.117_sub_2022_IncS_CWRU.v17.P_3d_r1_COMS58_k141_392638_3	K03741	1.0	0.9253	*
2022_IncS_CWRU.v17.P_3d_r1_COMS58.sb.117_sub_2022_IncS_CWRU.v17.P_3d_r1_COMS58_k141_392638_4	K07755	1.0	0.9732	*
2022_IncS_CWRU.v17.P_3d_r1_COMS58.sb.117_sub_2022_IncS_CWRU.v17.P_3d_r1_COMS58_k141_392638_5	K03892	0.9797	0.964	*
2022_IncS_CWRU.v17.P_3d_r1_COMS58.sb.117_sub_2022_IncS_CWRU.v17.P_3d_r1_COMS58_k141_392638_6	K01768	0.9888	0.9482	*
2022_IncS_CWRU.v17.P_3d_r1_COMS58.sb.117_sub_2022_IncS_CWRU.v17.P_3d_r1_COMS58_k141_392638_7	K25756	0.1935	0.8805	
2022_IncS_CWRU.v17.P_3d_r1_COMS58.sb.117_sub_2022_IncS_CWRU.v17.P_3d_r1_COMS58_k141_392638_8	K05337	0.1888	0.9486	
2022_IncS_CWRU.v17.P_3d_r1_COMS58.sb.117_sub_2022_IncS_CWRU.v17.P_3d_r1_COMS58_k141_392638_9	K00655	0.4425	0.9285	
2022_IncS_CWRU.v17.P_3d_r1_COMS58.sb.117_sub_2022_IncS_CWRU.v17.P_3d_r1_COMS58_k141_392638_10	K07240	0.3924	0.9444	
2022_IncS_CWRU.v17.P_3d_r1_COMS58.sb.117_sub_2022_IncS_CWRU.v17.P_3d_r1_COMS58_k141_392638_11	K08927	0.2044	0.9239	
2022_IncS_CWRU.v17.P_3d_r1_COMS58.sb.117_sub_2022_IncS_CWRU.v17.P_3d_r1_COMS58_k141_392638_12	K00640	0.1814	0.8945	
2022_IncS_CWRU.v17.P_3d_r1_COMS58.sb.117_sub_2022_IncS_CWRU.v17.P_3d_r1_COMS58_k141_392638_13	K03335	0.7334	0.9695	
2022_IncS_CWRU.v17.P_3d_r1_COMS58.sb.117_sub_2022_IncS_CWRU.v17.P_3d_r1_COMS58_k141_392638_14	K01081	0.5002	0.9272	
2022_IncS_CWRU.v17.P_3d_r1_COMS58.sb.117_sub_2022_IncS_CWRU.v17.P_3d_r1_COMS58_k141_1499277_1	K03530	0.9896	0.828	*
2022_IncS_CWRU.v17.P_3d_r1_COMS58.sb.117_sub_2022_IncS_CWRU.v17.P_3d_r1_COMS58_k141_1499277_2	K07484	0.3151	0.9506	
2022_IncS_CWRU.v17.P_3d_r1_COMS58.sb.117_sub_2022_IncS_CWRU.v17.P_3d_r1_COMS58_k141_1499277_3	K03550	0.9999	0.7828	*
2022_IncS_CWRU.v17.P_3d_r1_COMS58.sb.117_sub_2022_IncS_CWRU.v17.P_3d_r1_COMS58_k141_1499277_4	K00652	0.5855	0.6962	
2022_IncS_CWRU.v17.P_3d_r1_COMS58.sb.117_sub_2022_IncS_CWRU.v17.P_3d_r1_COMS58_k141_1226356_1	K00088	0.9998	0.7585	*
2022_IncS_CWRU.v17.P_3d_r1_COMS58.sb.117_sub_2022_IncS_CWRU.v17.P_3d_r1_COMS58_k141_1226356_2	K02902	0.9983	0.8913	*
2022_IncS_CWRU.v17.P_3d_r1_COMS58.sb.117_sub_2022_IncS_CWRU.v17.P_3d_r1_COMS58_k141_120966_1	K01626	0.9993	0.7903	*
2022_IncS_CWRU.v17.P_3d_r1_COMS58.sb.117_sub_2022_IncS_CWRU.v17.P_3d_r1_COMS58_k141_120966_2	K07404	0.7079	0.9787	
2022_IncS_CWRU.v17.P_3d_r1_COMS58.sb.117_sub_2022_IncS_CWRU.v17.P_3d_r1_COMS58_k141_120966_3	K03077	0.9982	0.8978	*
2022_IncS_CWRU.v17.P_3d_r1_COMS58.sb.117_sub_2022_IncS_CWRU.v17.P_3d_r1_COMS58_k141_120966_4	K00853	0.9897	0.7425	*
2022_IncS_CWRU.v17.P_3d_r1_COMS58.sb.117_sub_2022_IncS_CWRU.v17.P_3d_r1_COMS58_k141_120966_5	K20532	0.3232	0.8615	
2022_IncS_CWRU.v17.P_3d_r1_COMS58.sb.117_sub_2022_IncS_CWRU.v17.P_3d_r1_COMS58_k141_120966_6	K26249	0.079	0.9209	
2022_IncS_CWRU.v17.P_3d_r1_COMS58.sb.117_sub_2022_IncS_CWRU.v17.P_3d_r1_COMS58_k141_120966_7	K06177	0.4773	0.7688	
2022_IncS_CWRU.v17.P_3d_r1_COMS58.sb.117_sub_2022_IncS_CWRU.v17.P_3d_r1_COMS58_k141_120966_8	K07075	0.9147	0.9688	
2022_IncS_CWRU.v17.P_3d_r1_COMS58.sb.117_sub_2022_IncS_CWRU.v17.P_3d_r1_COMS58_k141_120966_9	K13832	0.9947	0.9199	*
2022_IncS_CWRU.v17.P_3d_r1_COMS58.sb.117_sub_2022_IncS_CWRU.v17.P_3d_r1_COMS58_k141_120966_10	K19265	0.9999	0.9033	*
2022_IncS_CWRU.v17.P_3d_r1_COMS58.sb.117_sub_2022_IncS_CWRU.v17.P_3d_r1_COMS58_k141_120966_11	K09020	0.4489	0.9914	
2022_IncS_CWRU.v17.P_3d_r1_COMS58.sb.117_sub_2022_IncS_CWRU.v17.P_3d_r1_COMS58_k141_120966_12	K08217	0.9688	0.9975	
2022_IncS_CWRU.v17.P_3d_r1_COMS58.sb.117_sub_2022_IncS_CWRU.v17.P_3d_r1_COMS58_k141_120966_13	K22705	0.9779	0.9924	
2022_IncS_CWRU.v17.P_3d_r1_COMS58.sb.117_sub_2022_IncS_CWRU.v17.P_3d_r1_COMS58_k141_120966_14	K02189	0.569	0.7975	
2022_IncS_CWRU.v17.P_3d_r1_COMS58.sb.117_sub_2022_IncS_CWRU.v17.P_3d_r1_COMS58_k141_948641_1	K00297	0.5836	0.8642	
2022_IncS_CWRU.v17.P_3d_r1_COMS58.sb.117_sub_2022_IncS_CWRU.v17.P_3d_r1_COMS58_k141_948641_2	K02014	0.3283	0.9106	
2022_IncS_CWRU.v17.P_3d_r1_COMS58.sb.117_sub_2022_IncS_CWRU.v17.P_3d_r1_COMS58_k141_948641_3	K00059	0.9983	0.9613	*
2022_IncS_CWRU.v17.P_3d_r1_COMS58.sb.117_sub_2022_IncS_CWRU.v17.P_3d_r1_COMS58_k141_948641_4	K03098	0.528	0.9562	
2022_IncS_CWRU.v17.P_3d_r1_COMS58.sb.117_sub_2022_IncS_CWRU.v17.P_3d_r1_COMS58_k141_948641_5	K08640	0.551	0.9708	
2022_IncS_CWRU.v17.P_3d_r1_COMS58.sb.117_sub_2022_IncS_CWRU.v17.P_3d_r1_COMS58_k141_948641_6	K02078	0.9739	0.9563	*
2022_IncS_CWRU.v17.P_3d_r1_COMS58.sb.117_sub_2022_IncS_CWRU.v17.P_3d_r1_COMS58_k141_948641_7	K21780	0.3375	0.8425	
2022_IncS_CWRU.v17.P_3d_r1_COMS58.sb.117_sub_2022_IncS_CWRU.v17.P_3d_r1_COMS58_k141_948641_8	K00648	0.9997	0.7828	*
2022_IncS_CWRU.v17.P_3d_r1_COMS58.sb.117_sub_2022_IncS_CWRU.v17.P_3d_r1_COMS58_k141_948641_9	K00648	0.4265	0.7828	
2022_IncS_CWRU.v17.P_3d_r1_COMS58.sb.117_sub_2022_IncS_CWRU.v17.P_3d_r1_COMS58_k141_948641_10	K09458	0.9616	0.8234	*
2022_IncS_CWRU.v17.P_3d_r1_COMS58.sb.117_sub_2022_IncS_CWRU.v17.P_3d_r1_COMS58_k141_948641_11	K02517	0.9633	0.8975	*
2022_IncS_CWRU.v17.P_3d_r1_COMS58.sb.117_sub_2022_IncS_CWRU.v17.P_3d_r1_COMS58_k141_948641_12	K08303	0.7306	0.9125	
2022_IncS_CWRU.v17.P_3d_r1_COMS58.sb.117_sub_2022_IncS_CWRU.v17.P_3d_r1_COMS58_k141_396868_1	K15455	0.2784	0.9809	
2022_IncS_CWRU.v17.P_3d_r1_COMS58.sb.117_sub_2022_IncS_CWRU.v17.P_3d_r1_COMS58_k141_396868_2	K00038	0.4285	0.8928	
2022_IncS_CWRU.v17.P_3d_r1_COMS58.sb.117_sub_2022_IncS_CWRU.v17.P_3d_r1_COMS58_k141_396868_3	K03981	0.2387	0.9769	
2022_IncS_CWRU.v17.P_3d_r1_COMS58.sb.117_sub_2022_IncS_CWRU.v17.P_3d_r1_COMS58_k141_396868_4	K07114	1.0	0.9793	*
2022_IncS_CWRU.v17.P_3d_r1_COMS58.sb.117_sub_2022_IncS_CWRU.v17.P_3d_r1_COMS58_k141_396868_5	K07284	0.9903	0.9801	*
2022_IncS_CWRU.v17.P_3d_r1_COMS58.sb.117_sub_2022_IncS_CWRU.v17.P_3d_r1_COMS58_k141_396868_6	K10914	0.9025	0.88	*
2022_IncS_CWRU.v17.P_3d_r1_COMS58.sb.117_sub_2022_IncS_CWRU.v17.P_3d_r1_COMS58_k141_396868_7	K07799	0.9898	0.6342	*
2022_IncS_CWRU.v17.P_3d_r1_COMS58.sb.117_sub_2022_IncS_CWRU.v17.P_3d_r1_COMS58_k141_396868_8	K07788	0.9997	0.6889	*
2022_IncS_CWRU.v17.P_3d_r1_COMS58.sb.117_sub_2022_IncS_CWRU.v17.P_3d_r1_COMS58_k141_396868_9	K07789	0.9073	0.7214	*
2022_IncS_CWRU.v17.P_3d_r1_COMS58.sb.117_sub_2022_IncS_CWRU.v17.P_3d_r1_COMS58_k141_396868_10	K03796	0.2542	0.9425	
2022_IncS_CWRU.v17.P_3d_r1_COMS58.sb.117_sub_2022_IncS_CWRU.v17.P_3d_r1_COMS58_k141_400337_1	K02453	0.3604	0.8575	
2022_IncS_CWRU.v17.P_3d_r1_COMS58.sb.117_sub_2022_IncS_CWRU.v17.P_3d_r1_COMS58_k141_400337_2	K02456	0.8589	0.8925	
2022_IncS_CWRU.v17.P_3d_r1_COMS58.sb.117_sub_2022_IncS_CWRU.v17.P_3d_r1_COMS58_k141_400337_3	K02456	0.977	0.8925	*
2022_IncS_CWRU.v17.P_3d_r1_COMS58.sb.117_sub_2022_IncS_CWRU.v17.P_3d_r1_COMS58_k141_400337_4	K14170	0.1476	0.9077	
2022_IncS_CWRU.v17.P_3d_r1_COMS58.sb.117_sub_2022_IncS_CWRU.v17.P_3d_r1_COMS58_k141_400337_5	K02398	0.0462	0.9519	
2022_IncS_CWRU.v17.P_3d_r1_COMS58.sb.117_sub_2022_IncS_CWRU.v17.P_3d_r1_COMS58_k141_400337_6	K03978	0.9785	0.983	
2022_IncS_CWRU.v17.P_3d_r1_COMS58.sb.117_sub_2022_IncS_CWRU.v17.P_3d_r1_COMS58_k141_400337_7	K01714	0.9993	0.733	*
2022_IncS_CWRU.v17.P_3d_r1_COMS58.sb.117_sub_2022_IncS_CWRU.v17.P_3d_r1_COMS58_k141_400337_8	K07794	0.3427	0.9582	
2022_IncS_CWRU.v17.P_3d_r1_COMS58.sb.117_sub_2022_IncS_CWRU.v17.P_3d_r1_COMS58_k141_400337_9	K11689	0.2456	0.9715	
2022_IncS_CWRU.v17.P_3d_r1_COMS58.sb.117_sub_2022_IncS_CWRU.v17.P_3d_r1_COMS58_k141_400337_10	K01058	0.4636	0.9669	
2022_IncS_CWRU.v17.P_3d_r1_COMS58.sb.117_sub_2022_IncS_CWRU.v17.P_3d_r1_COMS58_k141_400337_11	K09117	0.9997	0.9645	*
2022_IncS_CWRU.v17.P_3d_r1_COMS58.sb.117_sub_2022_IncS_CWRU.v17.P_3d_r1_COMS58_k141_400337_12	K00830	0.718	0.9855	
2022_IncS_CWRU.v17.P_3d_r1_COMS58.sb.117_sub_2022_IncS_CWRU.v17.P_3d_r1_COMS58_k141_400337_13	K00058	0.9324	0.9069	*
2022_IncS_CWRU.v17.P_3d_r1_COMS58.sb.117_sub_2022_IncS_CWRU.v17.P_3d_r1_COMS58_k141_400337_14	K13825	0.1247	0.6745	
2022_IncS_CWRU.v17.P_3d_r1_COMS58.sb.117_sub_2022_IncS_CWRU.v17.P_3d_r1_COMS58_k141_400337_15	K13963	0.9842	0.7263	*
2022_IncS_CWRU.v17.P_3d_r1_COMS58.sb.117_sub_2022_IncS_CWRU.v17.P_3d_r1_COMS58_k141_400337_16	K24117	0.2685	0.8238	
2022_IncS_CWRU.v17.P_3d_r1_COMS58.sb.117_sub_2022_IncS_CWRU.v17.P_3d_r1_COMS58_k141_400337_17	K09954	0.1245	0.9405	
2022_IncS_CWRU.v17.P_3d_r1_COMS58.sb.117_sub_2022_IncS_CWRU.v17.P_3d_r1_COMS58_k141_400337_18	K03704	0.13	0.9704	
2022_IncS_CWRU.v17.P_3d_r1_COMS58.sb.117_sub_2022_IncS_CWRU.v17.P_3d_r1_COMS58_k141_400337_19	K02356	0.9999	0.857	*
2022_IncS_CWRU.v17.P_3d_r1_COMS58.sb.117_sub_2022_IncS_CWRU.v17.P_3d_r1_COMS58_k141_400337_20	K03643	0.3571	0.9589	
2022_IncS_CWRU.v17.P_3d_r1_COMS58.sb.117_sub_2022_IncS_CWRU.v17.P_3d_r1_COMS58_k141_400337_21	K10914	0.9565	0.88	*
2022_IncS_CWRU.v17.P_3d_r1_COMS58.sb.117_sub_2022_IncS_CWRU.v17.P_3d_r1_COMS58_k141_400337_22	K19302	0.3753	0.9909	
2022_IncS_CWRU.v17.P_3d_r1_COMS58.sb.117_sub_2022_IncS_CWRU.v17.P_3d_r1_COMS58_k141_400337_23	K05349	1.0	0.8301	*
2022_IncS_CWRU.v17.P_3d_r1_COMS58.sb.117_sub_2022_IncS_CWRU.v17.P_3d_r1_COMS58_k141_124654_1	K03574	0.1573	0.9602	
2022_IncS_CWRU.v17.P_3d_r1_COMS58.sb.117_sub_2022_IncS_CWRU.v17.P_3d_r1_COMS58_k141_124654_2	K07746	0.581	0.9777	
2022_IncS_CWRU.v17.P_3d_r1_COMS58.sb.117_sub_2022_IncS_CWRU.v17.P_3d_r1_COMS58_k141_124654_3	K18828	0.5907	0.8898	
2022_IncS_CWRU.v17.P_3d_r1_COMS58.sb.117_sub_2022_IncS_CWRU.v17.P_3d_r1_COMS58_k141_124654_4	K02110	0.9974	0.9719	*
2022_IncS_CWRU.v17.P_3d_r1_COMS58.sb.117_sub_2022_IncS_CWRU.v17.P_3d_r1_COMS58_k141_124654_5	K02108	1.0	0.9371	*
2022_IncS_CWRU.v17.P_3d_r1_COMS58.sb.117_sub_2022_IncS_CWRU.v17.P_3d_r1_COMS58_k141_124654_6	K02116	0.9891	0.9863	*
2022_IncS_CWRU.v17.P_3d_r1_COMS58.sb.117_sub_2022_IncS_CWRU.v17.P_3d_r1_COMS58_k141_124654_7	K02116	0.2752	0.9863	
2022_IncS_CWRU.v17.P_3d_r1_COMS58.sb.117_sub_2022_IncS_CWRU.v17.P_3d_r1_COMS58_k141_124654_8	K09796	0.2415	0.9827	
2022_IncS_CWRU.v17.P_3d_r1_COMS58.sb.117_sub_2022_IncS_CWRU.v17.P_3d_r1_COMS58_k141_124654_9	K04567	1.0	0.8742	*
2022_IncS_CWRU.v17.P_3d_r1_COMS58.sb.117_sub_2022_IncS_CWRU.v17.P_3d_r1_COMS58_k141_124654_10	K09769	1.0	0.8797	*
2022_IncS_CWRU.v17.P_3d_r1_COMS58.sb.117_sub_2022_IncS_CWRU.v17.P_3d_r1_COMS58_k141_124654_11	K07126	0.2886	0.9766	
2022_IncS_CWRU.v17.P_3d_r1_COMS58.sb.117_sub_2022_IncS_CWRU.v17.P_3d_r1_COMS58_k141_124654_12	K07726	0.356	0.8994	
2022_IncS_CWRU.v17.P_3d_r1_COMS58.sb.117_sub_2022_IncS_CWRU.v17.P_3d_r1_COMS58_k141_124654_13	K11209	0.3199	0.7056	
2022_IncS_CWRU.v17.P_3d_r1_COMS58.sb.117_sub_2022_IncS_CWRU.v17.P_3d_r1_COMS58_k141_2052857_1	K07727	0.0507	0.925	
2022_IncS_CWRU.v17.P_3d_r1_COMS58.sb.117_sub_2022_IncS_CWRU.v17.P_3d_r1_COMS58_k141_2052857_2	K00638	0.2159	0.8982	
2022_IncS_CWRU.v17.P_3d_r1_COMS58.sb.117_sub_2022_IncS_CWRU.v17.P_3d_r1_COMS58_k141_2052857_3	K03427	0.9048	0.9953	
2022_IncS_CWRU.v17.P_3d_r1_COMS58.sb.117_sub_2022_IncS_CWRU.v17.P_3d_r1_COMS58_k141_2052857_4	K12132	0.9227	0.9474	
2022_IncS_CWRU.v17.P_3d_r1_COMS58.sb.117_sub_2022_IncS_CWRU.v17.P_3d_r1_COMS58_k141_2052857_5	K08482	0.6262	0.9707	
2022_IncS_CWRU.v17.P_3d_r1_COMS58.sb.117_sub_2022_IncS_CWRU.v17.P_3d_r1_COMS58_k141_2052857_6	K04751	0.8179	0.848	
2022_IncS_CWRU.v17.P_3d_r1_COMS58.sb.117_sub_2022_IncS_CWRU.v17.P_3d_r1_COMS58_k141_2052857_7	K03320	1.0	0.932	*
2022_IncS_CWRU.v17.P_3d_r1_COMS58.sb.117_sub_2022_IncS_CWRU.v17.P_3d_r1_COMS58_k141_2052857_8	K04751	0.7974	0.848	
2022_IncS_CWRU.v17.P_3d_r1_COMS58.sb.117_sub_2022_IncS_CWRU.v17.P_3d_r1_COMS58_k141_2052857_9	K03320	0.9977	0.932	*
2022_IncS_CWRU.v17.P_3d_r1_COMS58.sb.117_sub_2022_IncS_CWRU.v17.P_3d_r1_COMS58_k141_2052857_10	K00331	0.9975	0.7282	*
2022_IncS_CWRU.v17.P_3d_r1_COMS58.sb.117_sub_2022_IncS_CWRU.v17.P_3d_r1_COMS58_k141_2052857_11	K20838	0.1458	0.9572	
2022_IncS_CWRU.v17.P_3d_r1_COMS58.sb.117_sub_2022_IncS_CWRU.v17.P_3d_r1_COMS58_k141_1778838_1	K01881	0.4808	0.8455	
2022_IncS_CWRU.v17.P_3d_r1_COMS58.sb.117_sub_2022_IncS_CWRU.v17.P_3d_r1_COMS58_k141_1778838_2	K05365	0.6644	0.9684	
2022_IncS_CWRU.v17.P_3d_r1_COMS58.sb.117_sub_2022_IncS_CWRU.v17.P_3d_r1_COMS58_k141_1778838_3	K21498	0.4928	0.9324	
2022_IncS_CWRU.v17.P_3d_r1_COMS58.sb.117_sub_2022_IncS_CWRU.v17.P_3d_r1_COMS58_k141_1778838_4	K00064	0.4319	0.9628	
2022_IncS_CWRU.v17.P_3d_r1_COMS58.sb.117_sub_2022_IncS_CWRU.v17.P_3d_r1_COMS58_k141_127176_1	K06752	0.2861	0.8945	
2022_IncS_CWRU.v17.P_3d_r1_COMS58.sb.117_sub_2022_IncS_CWRU.v17.P_3d_r1_COMS58_k141_127176_2	K03571	0.9119	0.9702	
2022_IncS_CWRU.v17.P_3d_r1_COMS58.sb.117_sub_2022_IncS_CWRU.v17.P_3d_r1_COMS58_k141_127176_3	K07038	0.9797	0.9845	
2022_IncS_CWRU.v17.P_3d_r1_COMS58.sb.117_sub_2022_IncS_CWRU.v17.P_3d_r1_COMS58_k141_127176_4	K01972	0.9999	0.843	*
2022_IncS_CWRU.v17.P_3d_r1_COMS58.sb.117_sub_2022_IncS_CWRU.v17.P_3d_r1_COMS58_k141_127176_5	K03469	0.1245	0.9369	
2022_IncS_CWRU.v17.P_3d_r1_COMS58.sb.117_sub_2022_IncS_CWRU.v17.P_3d_r1_COMS58_k141_127176_6	K07114	0.7738	0.9793	
2022_IncS_CWRU.v17.P_3d_r1_COMS58.sb.117_sub_2022_IncS_CWRU.v17.P_3d_r1_COMS58_k141_127176_7	K06180	0.8745	0.6934	*
2022_IncS_CWRU.v17.P_3d_r1_COMS58.sb.117_sub_2022_IncS_CWRU.v17.P_3d_r1_COMS58_k141_127176_8	K13292	0.8738	0.9776	
2022_IncS_CWRU.v17.P_3d_r1_COMS58.sb.117_sub_2022_IncS_CWRU.v17.P_3d_r1_COMS58_k141_127176_9	K09580	0.5229	0.8712	
2022_IncS_CWRU.v17.P_3d_r1_COMS58.sb.117_sub_2022_IncS_CWRU.v17.P_3d_r1_COMS58_k141_127176_10	K09888	0.9671	0.8969	*
2022_IncS_CWRU.v17.P_3d_r1_COMS58.sb.117_sub_2022_IncS_CWRU.v17.P_3d_r1_COMS58_k141_127176_11	K09892	0.3465	0.9748	
2022_IncS_CWRU.v17.P_3d_r1_COMS58.sb.117_sub_2022_IncS_CWRU.v17.P_3d_r1_COMS58_k141_127176_12	K00525	0.2769	0.9096	
2022_IncS_CWRU.v17.P_3d_r1_COMS58.sb.117_sub_2022_IncS_CWRU.v17.P_3d_r1_COMS58_k141_127216_1	K02520	0.9902	0.9013	*
2022_IncS_CWRU.v17.P_3d_r1_COMS58.sb.117_sub_2022_IncS_CWRU.v17.P_3d_r1_COMS58_k141_127216_2	K02916	0.9999	0.9249	*
2022_IncS_CWRU.v17.P_3d_r1_COMS58.sb.117_sub_2022_IncS_CWRU.v17.P_3d_r1_COMS58_k141_127216_3	K02887	0.9829	0.8161	*
2022_IncS_CWRU.v17.P_3d_r1_COMS58.sb.117_sub_2022_IncS_CWRU.v17.P_3d_r1_COMS58_k141_127216_4	K07339	0.9914	0.9979	
2022_IncS_CWRU.v17.P_3d_r1_COMS58.sb.117_sub_2022_IncS_CWRU.v17.P_3d_r1_COMS58_k141_127216_5	K05337	0.4535	0.9486	
2022_IncS_CWRU.v17.P_3d_r1_COMS58.sb.117_sub_2022_IncS_CWRU.v17.P_3d_r1_COMS58_k141_127216_6	K01889	0.3617	0.8494	
2022_IncS_CWRU.v17.P_3d_r1_COMS58.sb.117_sub_2022_IncS_CWRU.v17.P_3d_r1_COMS58_k141_127216_7	K07474	0.2036	0.8652	
2022_IncS_CWRU.v17.P_3d_r1_COMS58.sb.117_sub_2022_IncS_CWRU.v17.P_3d_r1_COMS58_k141_127216_8	K00974	0.3584	0.8907	
2022_IncS_CWRU.v17.P_3d_r1_COMS58.sb.117_sub_2022_IncS_CWRU.v17.P_3d_r1_COMS58_k141_404270_1	K21007	0.6322	0.9725	
2022_IncS_CWRU.v17.P_3d_r1_COMS58.sb.117_sub_2022_IncS_CWRU.v17.P_3d_r1_COMS58_k141_404270_2	K07114	0.7702	0.9793	
2022_IncS_CWRU.v17.P_3d_r1_COMS58.sb.117_sub_2022_IncS_CWRU.v17.P_3d_r1_COMS58_k141_404270_3	K03442	0.3612	0.9762	
2022_IncS_CWRU.v17.P_3d_r1_COMS58.sb.117_sub_2022_IncS_CWRU.v17.P_3d_r1_COMS58_k141_404270_4	K17713	0.379	0.9924	
2022_IncS_CWRU.v17.P_3d_r1_COMS58.sb.117_sub_2022_IncS_CWRU.v17.P_3d_r1_COMS58_k141_404270_5	K12132	0.7116	0.9474	
2022_IncS_CWRU.v17.P_3d_r1_COMS58.sb.117_sub_2022_IncS_CWRU.v17.P_3d_r1_COMS58_k141_404270_6	K20074	0.9985	0.9518	*
2022_IncS_CWRU.v17.P_3d_r1_COMS58.sb.117_sub_2022_IncS_CWRU.v17.P_3d_r1_COMS58_k141_404270_7	K15973	0.1252	0.8568	
2022_IncS_CWRU.v17.P_3d_r1_COMS58.sb.117_sub_2022_IncS_CWRU.v17.P_3d_r1_COMS58_k141_676433_1	K05834	0.4266	0.9862	
2022_IncS_CWRU.v17.P_3d_r1_COMS58.sb.117_sub_2022_IncS_CWRU.v17.P_3d_r1_COMS58_k141_676433_2	K08224	0.947	0.9776	
2022_IncS_CWRU.v17.P_3d_r1_COMS58.sb.117_sub_2022_IncS_CWRU.v17.P_3d_r1_COMS58_k141_676433_3	K04091	0.448	0.9644	
2022_IncS_CWRU.v17.P_3d_r1_COMS58.sb.117_sub_2022_IncS_CWRU.v17.P_3d_r1_COMS58_k141_676433_4	K00681	0.9997	0.8976	*
2022_IncS_CWRU.v17.P_3d_r1_COMS58.sb.117_sub_2022_IncS_CWRU.v17.P_3d_r1_COMS58_k141_676433_5	K09942	0.5276	0.8622	
2022_IncS_CWRU.v17.P_3d_r1_COMS58.sb.117_sub_2022_IncS_CWRU.v17.P_3d_r1_COMS58_k141_676433_6	K17430	0.1242	0.8454	
2022_IncS_CWRU.v17.P_3d_r1_COMS58.sb.117_sub_2022_IncS_CWRU.v17.P_3d_r1_COMS58_k141_1510934_1	K24093	0.6755	0.8174	
2022_IncS_CWRU.v17.P_3d_r1_COMS58.sb.117_sub_2022_IncS_CWRU.v17.P_3d_r1_COMS58_k141_1510934_2	K01081	0.5512	0.9272	
2022_IncS_CWRU.v17.P_3d_r1_COMS58.sb.117_sub_2022_IncS_CWRU.v17.P_3d_r1_COMS58_k141_1510934_3	K07164	0.9989	0.9713	*
2022_IncS_CWRU.v17.P_3d_r1_COMS58.sb.117_sub_2022_IncS_CWRU.v17.P_3d_r1_COMS58_k141_1510934_4	K02067	0.2804	0.9674	
2022_IncS_CWRU.v17.P_3d_r1_COMS58.sb.117_sub_2022_IncS_CWRU.v17.P_3d_r1_COMS58_k141_1510934_5	K03812	0.3078	0.9647	
2022_IncS_CWRU.v17.P_3d_r1_COMS58.sb.117_sub_2022_IncS_CWRU.v17.P_3d_r1_COMS58_k141_1510934_6	K00864	0.999	0.7892	*
2022_IncS_CWRU.v17.P_3d_r1_COMS58.sb.117_sub_2022_IncS_CWRU.v17.P_3d_r1_COMS58_k141_1510934_7	K19157	0.4003	0.8921	
2022_IncS_CWRU.v17.P_3d_r1_COMS58.sb.117_sub_2022_IncS_CWRU.v17.P_3d_r1_COMS58_k141_1510934_8	K07473	0.9996	0.9286	*
2022_IncS_CWRU.v17.P_3d_r1_COMS58.sb.117_sub_2022_IncS_CWRU.v17.P_3d_r1_COMS58_k141_1510934_9	K15521	0.8044	0.9415	
2022_IncS_CWRU.v17.P_3d_r1_COMS58.sb.117_sub_2022_IncS_CWRU.v17.P_3d_r1_COMS58_k141_1510934_10	K02945	0.9952	0.8247	*
2022_IncS_CWRU.v17.P_3d_r1_COMS58.sb.117_sub_2022_IncS_CWRU.v17.P_3d_r1_COMS58_k141_1236606_1	K00368	0.2594	0.9711	
2022_IncS_CWRU.v17.P_3d_r1_COMS58.sb.117_sub_2022_IncS_CWRU.v17.P_3d_r1_COMS58_k141_1236606_2	K00874	0.6392	0.7574	
2022_IncS_CWRU.v17.P_3d_r1_COMS58.sb.117_sub_2022_IncS_CWRU.v17.P_3d_r1_COMS58_k141_1236606_3	K01625	0.9998	0.843	*
2022_IncS_CWRU.v17.P_3d_r1_COMS58.sb.117_sub_2022_IncS_CWRU.v17.P_3d_r1_COMS58_k141_1236606_4	K03586	0.9325	0.9662	
2022_IncS_CWRU.v17.P_3d_r1_COMS58.sb.117_sub_2022_IncS_CWRU.v17.P_3d_r1_COMS58_k141_1236606_5	K06041	0.9998	0.9554	*
2022_IncS_CWRU.v17.P_3d_r1_COMS58.sb.117_sub_2022_IncS_CWRU.v17.P_3d_r1_COMS58_k141_1236606_6	K02199	0.9927	0.9972	
2022_IncS_CWRU.v17.P_3d_r1_COMS58.sb.117_sub_2022_IncS_CWRU.v17.P_3d_r1_COMS58_k141_1236606_7	K09914	0.2955	0.9454	
2022_IncS_CWRU.v17.P_3d_r1_COMS58.sb.117_sub_2022_IncS_CWRU.v17.P_3d_r1_COMS58_k141_1236606_8	K03929	0.8291	0.8935	
2022_IncS_CWRU.v17.P_3d_r1_COMS58.sb.117_sub_2022_IncS_CWRU.v17.P_3d_r1_COMS58_k141_678877_1	K01674	0.2174	0.9021	
2022_IncS_CWRU.v17.P_3d_r1_COMS58.sb.117_sub_2022_IncS_CWRU.v17.P_3d_r1_COMS58_k141_678877_2	K01468	0.9998	0.8865	*
2022_IncS_CWRU.v17.P_3d_r1_COMS58.sb.117_sub_2022_IncS_CWRU.v17.P_3d_r1_COMS58_k141_678877_3	K03522	1.0	0.832	*
2022_IncS_CWRU.v17.P_3d_r1_COMS58.sb.117_sub_2022_IncS_CWRU.v17.P_3d_r1_COMS58_k141_678877_4	K03521	0.9951	0.6807	*
2022_IncS_CWRU.v17.P_3d_r1_COMS58.sb.117_sub_2022_IncS_CWRU.v17.P_3d_r1_COMS58_k141_678877_5	K14073	0.3459	0.8079	
2022_IncS_CWRU.v17.P_3d_r1_COMS58.sb.117_sub_2022_IncS_CWRU.v17.P_3d_r1_COMS58_k141_678877_6	K13015	0.998	0.9332	*
2022_IncS_CWRU.v17.P_3d_r1_COMS58.sb.117_sub_2022_IncS_CWRU.v17.P_3d_r1_COMS58_k141_678877_7	K01784	0.585	0.957	
2022_IncS_CWRU.v17.P_3d_r1_COMS58.sb.117_sub_2022_IncS_CWRU.v17.P_3d_r1_COMS58_k141_678877_8	K21498	0.9994	0.9324	*
2022_IncS_CWRU.v17.P_3d_r1_COMS58.sb.117_sub_2022_IncS_CWRU.v17.P_3d_r1_COMS58_k141_678877_9	K00472	0.1937	0.9176	
2022_IncS_CWRU.v17.P_3d_r1_COMS58.sb.117_sub_2022_IncS_CWRU.v17.P_3d_r1_COMS58_k141_678877_10	K15977	0.9922	0.992	*
2022_IncS_CWRU.v17.P_3d_r1_COMS58.sb.117_sub_2022_IncS_CWRU.v17.P_3d_r1_COMS58_k141_678877_11	K05020	0.8197	0.8706	
2022_IncS_CWRU.v17.P_3d_r1_COMS58.sb.117_sub_2022_IncS_CWRU.v17.P_3d_r1_COMS58_k141_678877_12	K03980	0.9792	0.9643	*
2022_IncS_CWRU.v17.P_3d_r1_COMS58.sb.117_sub_2022_IncS_CWRU.v17.P_3d_r1_COMS58_k141_678877_13	K02806	0.1911	0.7702	
2022_IncS_CWRU.v17.P_3d_r1_COMS58.sb.117_sub_2022_IncS_CWRU.v17.P_3d_r1_COMS58_k141_678877_14	K07341	0.3625	0.9088	
2022_IncS_CWRU.v17.P_3d_r1_COMS58.sb.117_sub_2022_IncS_CWRU.v17.P_3d_r1_COMS58_k141_678877_15	K16365	0.411	0.8871	
2022_IncS_CWRU.v17.P_3d_r1_COMS58.sb.117_sub_2022_IncS_CWRU.v17.P_3d_r1_COMS58_k141_1786427_1	K07027	0.9884	0.9289	*
2022_IncS_CWRU.v17.P_3d_r1_COMS58.sb.117_sub_2022_IncS_CWRU.v17.P_3d_r1_COMS58_k141_1786427_2	K08995	0.8894	0.9905	
2022_IncS_CWRU.v17.P_3d_r1_COMS58.sb.117_sub_2022_IncS_CWRU.v17.P_3d_r1_COMS58_k141_1786427_3	K21064	0.7187	0.9974	
2022_IncS_CWRU.v17.P_3d_r1_COMS58.sb.117_sub_2022_IncS_CWRU.v17.P_3d_r1_COMS58_k141_1786427_4	K18829	0.4807	0.8689	
2022_IncS_CWRU.v17.P_3d_r1_COMS58.sb.117_sub_2022_IncS_CWRU.v17.P_3d_r1_COMS58_k141_1786427_5	K07517	0.1261	0.8876	
2022_IncS_CWRU.v17.P_3d_r1_COMS58.sb.117_sub_2022_IncS_CWRU.v17.P_3d_r1_COMS58_k141_1786427_6	K09808	0.9969	0.704	*
2022_IncS_CWRU.v17.P_3d_r1_COMS58.sb.117_sub_2022_IncS_CWRU.v17.P_3d_r1_COMS58_k141_1516023_1	K03981	0.9075	0.9769	
2022_IncS_CWRU.v17.P_3d_r1_COMS58.sb.117_sub_2022_IncS_CWRU.v17.P_3d_r1_COMS58_k141_1516023_2	K07533	0.4672	0.912	
2022_IncS_CWRU.v17.P_3d_r1_COMS58.sb.117_sub_2022_IncS_CWRU.v17.P_3d_r1_COMS58_k141_682758_1	K15203	0.185	0.9066	
2022_IncS_CWRU.v17.P_3d_r1_COMS58.sb.117_sub_2022_IncS_CWRU.v17.P_3d_r1_COMS58_k141_682758_2	K01872	0.9999	0.8902	*
2022_IncS_CWRU.v17.P_3d_r1_COMS58.sb.117_sub_2022_IncS_CWRU.v17.P_3d_r1_COMS58_k141_682758_3	K07346	0.4836	0.9137	
2022_IncS_CWRU.v17.P_3d_r1_COMS58.sb.117_sub_2022_IncS_CWRU.v17.P_3d_r1_COMS58_k141_682758_4	K16785	0.4278	0.9055	
2022_IncS_CWRU.v17.P_3d_r1_COMS58.sb.117_sub_2022_IncS_CWRU.v17.P_3d_r1_COMS58_k141_682758_5	K02841	0.9925	0.8152	*
2022_IncS_CWRU.v17.P_3d_r1_COMS58.sb.117_sub_2022_IncS_CWRU.v17.P_3d_r1_COMS58_k141_682758_6	K00912	1.0	0.8166	*
2022_IncS_CWRU.v17.P_3d_r1_COMS58.sb.117_sub_2022_IncS_CWRU.v17.P_3d_r1_COMS58_k141_1517020_1	K25147	0.4184	0.9125	
2022_IncS_CWRU.v17.P_3d_r1_COMS58.sb.117_sub_2022_IncS_CWRU.v17.P_3d_r1_COMS58_k141_1517020_2	K02493	1.0	0.9523	*
2022_IncS_CWRU.v17.P_3d_r1_COMS58.sb.117_sub_2022_IncS_CWRU.v17.P_3d_r1_COMS58_k141_1517020_3	K02835	0.9994	0.6323	*
2022_IncS_CWRU.v17.P_3d_r1_COMS58.sb.117_sub_2022_IncS_CWRU.v17.P_3d_r1_COMS58_k141_1517020_4	K01126	0.359	0.9337	
2022_IncS_CWRU.v17.P_3d_r1_COMS58.sb.117_sub_2022_IncS_CWRU.v17.P_3d_r1_COMS58_k141_1517020_5	K21495	0.8884	0.8969	
2022_IncS_CWRU.v17.P_3d_r1_COMS58.sb.117_sub_2022_IncS_CWRU.v17.P_3d_r1_COMS58_k141_1517020_6	K06978	0.9564	0.9586	
2022_IncS_CWRU.v17.P_3d_r1_COMS58.sb.117_sub_2022_IncS_CWRU.v17.P_3d_r1_COMS58_k141_1517020_7	K16264	0.999	0.9938	*
2022_IncS_CWRU.v17.P_3d_r1_COMS58.sb.117_sub_2022_IncS_CWRU.v17.P_3d_r1_COMS58_k141_141661_1	K06384	0.7139	0.9791	
2022_IncS_CWRU.v17.P_3d_r1_COMS58.sb.117_sub_2022_IncS_CWRU.v17.P_3d_r1_COMS58_k141_141661_2	K00338	0.9955	0.8935	*
2022_IncS_CWRU.v17.P_3d_r1_COMS58.sb.117_sub_2022_IncS_CWRU.v17.P_3d_r1_COMS58_k141_141661_3	K00333	0.9823	0.5545	*
2022_IncS_CWRU.v17.P_3d_r1_COMS58.sb.117_sub_2022_IncS_CWRU.v17.P_3d_r1_COMS58_k141_141661_4	K00332	0.9993	0.8741	*
2022_IncS_CWRU.v17.P_3d_r1_COMS58.sb.117_sub_2022_IncS_CWRU.v17.P_3d_r1_COMS58_k141_141661_5	K00331	0.9896	0.7282	*
2022_IncS_CWRU.v17.P_3d_r1_COMS58.sb.117_sub_2022_IncS_CWRU.v17.P_3d_r1_COMS58_k141_141661_6	K00330	0.5665	0.8573	
2022_IncS_CWRU.v17.P_3d_r1_COMS58.sb.117_sub_2022_IncS_CWRU.v17.P_3d_r1_COMS58_k141_141661_7	K03465	0.2351	0.8729	
2022_IncS_CWRU.v17.P_3d_r1_COMS58.sb.117_sub_2022_IncS_CWRU.v17.P_3d_r1_COMS58_k141_141661_8	K01198	0.7759	0.9479	
2022_IncS_CWRU.v17.P_3d_r1_COMS58.sb.117_sub_2022_IncS_CWRU.v17.P_3d_r1_COMS58_k141_141661_9	K00847	0.8673	0.8157	*
2022_IncS_CWRU.v17.P_3d_r1_COMS58.sb.117_sub_2022_IncS_CWRU.v17.P_3d_r1_COMS58_k141_141661_10	K03439	0.9512	0.9426	*
2022_IncS_CWRU.v17.P_3d_r1_COMS58.sb.117_sub_2022_IncS_CWRU.v17.P_3d_r1_COMS58_k141_141661_11	K02004	0.1697	0.8778	
2022_IncS_CWRU.v17.P_3d_r1_COMS58.sb.117_sub_2022_IncS_CWRU.v17.P_3d_r1_COMS58_k141_141661_12	K07402	0.5291	0.852	
2022_IncS_CWRU.v17.P_3d_r1_COMS58.sb.117_sub_2022_IncS_CWRU.v17.P_3d_r1_COMS58_k141_141661_13	K07704	0.6236	0.7451	
2022_IncS_CWRU.v17.P_3d_r1_COMS58.sb.117_sub_2022_IncS_CWRU.v17.P_3d_r1_COMS58_k141_141661_14	K06958	1.0	0.9707	*
2022_IncS_CWRU.v17.P_3d_r1_COMS58.sb.117_sub_2022_IncS_CWRU.v17.P_3d_r1_COMS58_k141_141661_15	K00974	0.5201	0.8907	
2022_IncS_CWRU.v17.P_3d_r1_COMS58.sb.117_sub_2022_IncS_CWRU.v17.P_3d_r1_COMS58_k141_141661_16	K05808	0.9873	0.9392	*
2022_IncS_CWRU.v17.P_3d_r1_COMS58.sb.117_sub_2022_IncS_CWRU.v17.P_3d_r1_COMS58_k141_141661_17	K03092	0.9994	0.9228	*
2022_IncS_CWRU.v17.P_3d_r1_COMS58.sb.117_sub_2022_IncS_CWRU.v17.P_3d_r1_COMS58_k141_970880_1	K02460	0.3634	0.9481	
2022_IncS_CWRU.v17.P_3d_r1_COMS58.sb.117_sub_2022_IncS_CWRU.v17.P_3d_r1_COMS58_k141_970880_2	K01881	0.9992	0.8455	*
2022_IncS_CWRU.v17.P_3d_r1_COMS58.sb.117_sub_2022_IncS_CWRU.v17.P_3d_r1_COMS58_k141_970880_3	K11085	0.9952	0.7468	*
2022_IncS_CWRU.v17.P_3d_r1_COMS58.sb.117_sub_2022_IncS_CWRU.v17.P_3d_r1_COMS58_k141_970880_4	K03771	0.1974	0.8766	
2022_IncS_CWRU.v17.P_3d_r1_COMS58.sb.117_sub_2022_IncS_CWRU.v17.P_3d_r1_COMS58_k141_970880_5	K00942	0.996	0.9453	*
2022_IncS_CWRU.v17.P_3d_r1_COMS58.sb.117_sub_2022_IncS_CWRU.v17.P_3d_r1_COMS58_k141_970880_6	K03060	0.903	0.9109	
2022_IncS_CWRU.v17.P_3d_r1_COMS58.sb.117_sub_2022_IncS_CWRU.v17.P_3d_r1_COMS58_k141_970880_7	K21929	1.0	0.959	*
2022_IncS_CWRU.v17.P_3d_r1_COMS58.sb.117_sub_2022_IncS_CWRU.v17.P_3d_r1_COMS58_k141_690455_1	K23490	0.6193	0.9186	
2022_IncS_CWRU.v17.P_3d_r1_COMS58.sb.117_sub_2022_IncS_CWRU.v17.P_3d_r1_COMS58_k141_690455_2	K01014	0.4106	0.6349	
2022_IncS_CWRU.v17.P_3d_r1_COMS58.sb.117_sub_2022_IncS_CWRU.v17.P_3d_r1_COMS58_k141_690455_3	K00338	0.9993	0.8935	*
2022_IncS_CWRU.v17.P_3d_r1_COMS58.sb.117_sub_2022_IncS_CWRU.v17.P_3d_r1_COMS58_k141_690455_4	K00548	0.996	0.9036	*
2022_IncS_CWRU.v17.P_3d_r1_COMS58.sb.117_sub_2022_IncS_CWRU.v17.P_3d_r1_COMS58_k141_690455_5	K04518	0.9974	0.7155	*
2022_IncS_CWRU.v17.P_3d_r1_COMS58.sb.117_sub_2022_IncS_CWRU.v17.P_3d_r1_COMS58_k141_690455_6	K03179	1.0	0.8961	*
2022_IncS_CWRU.v17.P_3d_r1_COMS58.sb.117_sub_2022_IncS_CWRU.v17.P_3d_r1_COMS58_k141_690455_7	K04762	1.0	0.958	*
2022_IncS_CWRU.v17.P_3d_r1_COMS58.sb.117_sub_2022_IncS_CWRU.v17.P_3d_r1_COMS58_k141_690455_8	K06752	0.5851	0.8945	
2022_IncS_CWRU.v17.P_3d_r1_COMS58.sb.117_sub_2022_IncS_CWRU.v17.P_3d_r1_COMS58_k141_690455_9	K01258	0.95	0.8532	*
2022_IncS_CWRU.v17.P_3d_r1_COMS58.sb.117_sub_2022_IncS_CWRU.v17.P_3d_r1_COMS58_k141_690455_10	K19159	0.9629	0.91	*
2022_IncS_CWRU.v17.P_3d_r1_COMS58.sb.117_sub_2022_IncS_CWRU.v17.P_3d_r1_COMS58_k141_690455_11	K06173	0.9379	0.9022	*
2022_IncS_CWRU.v17.P_3d_r1_COMS58.sb.117_sub_2022_IncS_CWRU.v17.P_3d_r1_COMS58_k141_690455_12	K12340	0.9974	0.7782	*
2022_IncS_CWRU.v17.P_3d_r1_COMS58.sb.117_sub_2022_IncS_CWRU.v17.P_3d_r1_COMS58_k141_690455_13	K22033	0.5586	0.9333	
2022_IncS_CWRU.v17.P_3d_r1_COMS58.sb.117_sub_2022_IncS_CWRU.v17.P_3d_r1_COMS58_k141_690455_14	K10822	0.1857	0.9405	
2022_IncS_CWRU.v17.P_3d_r1_COMS58.sb.117_sub_2022_IncS_CWRU.v17.P_3d_r1_COMS58_k141_690455_15	K00800	1.0	0.7676	*
2022_IncS_CWRU.v17.P_3d_r1_COMS58.sb.117_sub_2022_IncS_CWRU.v17.P_3d_r1_COMS58_k141_690455_16	K20977	0.8871	0.9964	
2022_IncS_CWRU.v17.P_3d_r1_COMS58.sb.117_sub_2022_IncS_CWRU.v17.P_3d_r1_COMS58_k141_690455_17	K02851	0.1837	0.993	
2022_IncS_CWRU.v17.P_3d_r1_COMS58.sb.117_sub_2022_IncS_CWRU.v17.P_3d_r1_COMS58_k141_690455_18	K02377	0.6533	0.9346	
2022_IncS_CWRU.v17.P_3d_r1_COMS58.sb.117_sub_2022_IncS_CWRU.v17.P_3d_r1_COMS58_k141_690455_19	K01951	0.3137	0.9574	
2022_IncS_CWRU.v17.P_3d_r1_COMS58.sb.117_sub_2022_IncS_CWRU.v17.P_3d_r1_COMS58_k141_690455_20	K00721	0.6621	0.9904	
2022_IncS_CWRU.v17.P_3d_r1_COMS58.sb.117_sub_2022_IncS_CWRU.v17.P_3d_r1_COMS58_k141_690455_21	K00472	0.7229	0.9176	
2022_IncS_CWRU.v17.P_3d_r1_COMS58.sb.117_sub_2022_IncS_CWRU.v17.P_3d_r1_COMS58_k141_690455_22	K01619	0.9993	0.8472	*
2022_IncS_CWRU.v17.P_3d_r1_COMS58.sb.117_sub_2022_IncS_CWRU.v17.P_3d_r1_COMS58_k141_690455_23	K00760	0.9997	0.7691	*
2022_IncS_CWRU.v17.P_3d_r1_COMS58.sb.117_sub_2022_IncS_CWRU.v17.P_3d_r1_COMS58_k141_690455_24	K13292	0.9997	0.9776	*
2022_IncS_CWRU.v17.P_3d_r1_COMS58.sb.117_sub_2022_IncS_CWRU.v17.P_3d_r1_COMS58_k141_690455_25	K21495	0.9986	0.8969	*
2022_IncS_CWRU.v17.P_3d_r1_COMS58.sb.117_sub_2022_IncS_CWRU.v17.P_3d_r1_COMS58_k141_690455_26	K05835	0.9636	0.9633	*
2022_IncS_CWRU.v17.P_3d_r1_COMS58.sb.117_sub_2022_IncS_CWRU.v17.P_3d_r1_COMS58_k141_690455_27	K02574	0.7333	0.9981	
2022_IncS_CWRU.v17.P_3d_r1_COMS58.sb.117_sub_2022_IncS_CWRU.v17.P_3d_r1_COMS58_k141_690455_28	K13443	0.6365	0.98	
2022_IncS_CWRU.v17.P_3d_r1_COMS58.sb.117_sub_2022_IncS_CWRU.v17.P_3d_r1_COMS58_k141_690455_29	K07482	0.4931	0.9146	
2022_IncS_CWRU.v17.P_3d_r1_COMS58.sb.117_sub_2022_IncS_CWRU.v17.P_3d_r1_COMS58_k141_690455_30	K19292	0.2605	0.9965	
2022_IncS_CWRU.v17.P_3d_r1_COMS58.sb.117_sub_2022_IncS_CWRU.v17.P_3d_r1_COMS58_k141_690455_31	K03769	0.0798	0.8562	
2022_IncS_CWRU.v17.P_3d_r1_COMS58.sb.117_sub_2022_IncS_CWRU.v17.P_3d_r1_COMS58_k141_690455_32	K09791	0.4795	0.9612	
2022_IncS_CWRU.v17.P_3d_r1_COMS58.sb.117_sub_2022_IncS_CWRU.v17.P_3d_r1_COMS58_k141_690455_33	K01990	0.4826	0.816	
2022_IncS_CWRU.v17.P_3d_r1_COMS58.sb.117_sub_2022_IncS_CWRU.v17.P_3d_r1_COMS58_k141_1248276_1	K07171	0.2453	0.903	
2022_IncS_CWRU.v17.P_3d_r1_COMS58.sb.117_sub_2022_IncS_CWRU.v17.P_3d_r1_COMS58_k141_1248276_2	K23909	0.3433	0.8931	
2022_IncS_CWRU.v17.P_3d_r1_COMS58.sb.117_sub_2022_IncS_CWRU.v17.P_3d_r1_COMS58_k141_1248276_3	K09803	0.9504	0.9726	
2022_IncS_CWRU.v17.P_3d_r1_COMS58.sb.117_sub_2022_IncS_CWRU.v17.P_3d_r1_COMS58_k141_1248276_4	K01195	0.9998	0.879	*
2022_IncS_CWRU.v17.P_3d_r1_COMS58.sb.117_sub_2022_IncS_CWRU.v17.P_3d_r1_COMS58_k141_1248276_5	K12513	0.1607	0.9805	
2022_IncS_CWRU.v17.P_3d_r1_COMS58.sb.117_sub_2022_IncS_CWRU.v17.P_3d_r1_COMS58_k141_972801_1	K00335	0.7535	0.7874	
2022_IncS_CWRU.v17.P_3d_r1_COMS58.sb.117_sub_2022_IncS_CWRU.v17.P_3d_r1_COMS58_k141_972801_2	K17999	0.9419	0.5164	*
2022_IncS_CWRU.v17.P_3d_r1_COMS58.sb.117_sub_2022_IncS_CWRU.v17.P_3d_r1_COMS58_k141_972801_3	K00525	0.4205	0.9096	
2022_IncS_CWRU.v17.P_3d_r1_COMS58.sb.117_sub_2022_IncS_CWRU.v17.P_3d_r1_COMS58_k141_972801_4	K25180	0.7713	0.562	*
2022_IncS_CWRU.v17.P_3d_r1_COMS58.sb.117_sub_2022_IncS_CWRU.v17.P_3d_r1_COMS58_k141_972801_5	K25181	0.9902	0.6539	*
2022_IncS_CWRU.v17.P_3d_r1_COMS58.sb.117_sub_2022_IncS_CWRU.v17.P_3d_r1_COMS58_k141_972801_6	K25182	0.9995	0.6517	*
2022_IncS_CWRU.v17.P_3d_r1_COMS58.sb.117_sub_2022_IncS_CWRU.v17.P_3d_r1_COMS58_k141_972801_7	K25182	0.8641	0.6517	*
2022_IncS_CWRU.v17.P_3d_r1_COMS58.sb.117_sub_2022_IncS_CWRU.v17.P_3d_r1_COMS58_k141_972801_8	K25183	0.9913	0.8065	*
2022_IncS_CWRU.v17.P_3d_r1_COMS58.sb.117_sub_2022_IncS_CWRU.v17.P_3d_r1_COMS58_k141_972801_9	K12340	0.9634	0.7782	*
2022_IncS_CWRU.v17.P_3d_r1_COMS58.sb.117_sub_2022_IncS_CWRU.v17.P_3d_r1_COMS58_k141_972801_10	K22107	0.4316	0.9877	
2022_IncS_CWRU.v17.P_3d_r1_COMS58.sb.117_sub_2022_IncS_CWRU.v17.P_3d_r1_COMS58_k141_145337_1	K02129	0.2745	0.908	
2022_IncS_CWRU.v17.P_3d_r1_COMS58.sb.117_sub_2022_IncS_CWRU.v17.P_3d_r1_COMS58_k141_145337_2	K04763	0.8315	0.9302	
2022_IncS_CWRU.v17.P_3d_r1_COMS58.sb.117_sub_2022_IncS_CWRU.v17.P_3d_r1_COMS58_k141_145337_3	K01179	0.6089	0.9131	
2022_IncS_CWRU.v17.P_3d_r1_COMS58.sb.117_sub_2022_IncS_CWRU.v17.P_3d_r1_COMS58_k141_145337_4	K01179	0.7142	0.9131	
2022_IncS_CWRU.v17.P_3d_r1_COMS58.sb.117_sub_2022_IncS_CWRU.v17.P_3d_r1_COMS58_k141_145337_5	K02529	0.9423	0.7283	*
2022_IncS_CWRU.v17.P_3d_r1_COMS58.sb.117_sub_2022_IncS_CWRU.v17.P_3d_r1_COMS58_k141_145337_6	K02014	0.7319	0.9106	
2022_IncS_CWRU.v17.P_3d_r1_COMS58.sb.117_sub_2022_IncS_CWRU.v17.P_3d_r1_COMS58_k141_145337_7	K11745	0.1791	0.6911	
2022_IncS_CWRU.v17.P_3d_r1_COMS58.sb.117_sub_2022_IncS_CWRU.v17.P_3d_r1_COMS58_k141_145337_8	K07284	0.578	0.9801	
2022_IncS_CWRU.v17.P_3d_r1_COMS58.sb.117_sub_2022_IncS_CWRU.v17.P_3d_r1_COMS58_k141_145337_9	K01284	0.9885	0.9182	*
2022_IncS_CWRU.v17.P_3d_r1_COMS58.sb.117_sub_2022_IncS_CWRU.v17.P_3d_r1_COMS58_k141_145337_10	K06995	0.3858	0.9467	
2022_IncS_CWRU.v17.P_3d_r1_COMS58.sb.117_sub_2022_IncS_CWRU.v17.P_3d_r1_COMS58_k141_145337_11	K07124	0.9983	0.9912	*
2022_IncS_CWRU.v17.P_3d_r1_COMS58.sb.117_sub_2022_IncS_CWRU.v17.P_3d_r1_COMS58_k141_145337_12	K01426	0.7711	0.7749	
2022_IncS_CWRU.v17.P_3d_r1_COMS58.sb.117_sub_2022_IncS_CWRU.v17.P_3d_r1_COMS58_k141_145337_13	K05575	0.8746	0.8177	*
2022_IncS_CWRU.v17.P_3d_r1_COMS58.sb.117_sub_2022_IncS_CWRU.v17.P_3d_r1_COMS58_k141_145337_14	K06133	0.798	0.8992	
2022_IncS_CWRU.v17.P_3d_r1_COMS58.sb.117_sub_2022_IncS_CWRU.v17.P_3d_r1_COMS58_k141_145337_15	K21498	0.7105	0.9324	
2022_IncS_CWRU.v17.P_3d_r1_COMS58.sb.117_sub_2022_IncS_CWRU.v17.P_3d_r1_COMS58_k141_145337_16	K05785	0.9417	0.8558	*
2022_IncS_CWRU.v17.P_3d_r1_COMS58.sb.117_sub_2022_IncS_CWRU.v17.P_3d_r1_COMS58_k141_145337_17	K01950	0.337	0.8853	
2022_IncS_CWRU.v17.P_3d_r1_COMS58.sb.117_sub_2022_IncS_CWRU.v17.P_3d_r1_COMS58_k141_145337_18	K11936	0.8116	0.9892	
2022_IncS_CWRU.v17.P_3d_r1_COMS58.sb.117_sub_2022_IncS_CWRU.v17.P_3d_r1_COMS58_k141_145337_19	K01991	0.8997	0.8761	*
2022_IncS_CWRU.v17.P_3d_r1_COMS58.sb.117_sub_2022_IncS_CWRU.v17.P_3d_r1_COMS58_k141_145337_20	K16554	0.9174	0.87	*
2022_IncS_CWRU.v17.P_3d_r1_COMS58.sb.117_sub_2022_IncS_CWRU.v17.P_3d_r1_COMS58_k141_145337_21	K01114	0.6802	0.9344	
2022_IncS_CWRU.v17.P_3d_r1_COMS58.sb.117_sub_2022_IncS_CWRU.v17.P_3d_r1_COMS58_k141_145337_22	K21470	0.3983	0.893	
2022_IncS_CWRU.v17.P_3d_r1_COMS58.sb.117_sub_2022_IncS_CWRU.v17.P_3d_r1_COMS58_k141_145337_23	K12242	0.6457	0.9842	
2022_IncS_CWRU.v17.P_3d_r1_COMS58.sb.117_sub_2022_IncS_CWRU.v17.P_3d_r1_COMS58_k141_145337_24	K03606	0.8325	0.9766	
2022_IncS_CWRU.v17.P_3d_r1_COMS58.sb.117_sub_2022_IncS_CWRU.v17.P_3d_r1_COMS58_k141_145337_25	K21470	0.1662	0.893	
2022_IncS_CWRU.v17.P_3d_r1_COMS58.sb.117_sub_2022_IncS_CWRU.v17.P_3d_r1_COMS58_k141_145337_26	K28239	0.2529	0.8604	
2022_IncS_CWRU.v17.P_3d_r1_COMS58.sb.117_sub_2022_IncS_CWRU.v17.P_3d_r1_COMS58_k141_145337_27	K03328	0.7403	0.9404	
2022_IncS_CWRU.v17.P_3d_r1_COMS58.sb.117_sub_2022_IncS_CWRU.v17.P_3d_r1_COMS58_k141_145337_28	K21780	0.4443	0.8425	
2022_IncS_CWRU.v17.P_3d_r1_COMS58.sb.117_sub_2022_IncS_CWRU.v17.P_3d_r1_COMS58_k141_145337_29	K15314	0.3551	0.9459	
2022_IncS_CWRU.v17.P_3d_r1_COMS58.sb.117_sub_2022_IncS_CWRU.v17.P_3d_r1_COMS58_k141_145337_30	K01595	0.4467	0.8415	
2022_IncS_CWRU.v17.P_3d_r1_COMS58.sb.117_sub_2022_IncS_CWRU.v17.P_3d_r1_COMS58_k141_145337_31	K01669	0.2229	0.8852	
2022_IncS_CWRU.v17.P_3d_r1_COMS58.sb.117_sub_2022_IncS_CWRU.v17.P_3d_r1_COMS58_k141_145337_32	K16150	0.6309	0.9278	
2022_IncS_CWRU.v17.P_3d_r1_COMS58.sb.117_sub_2022_IncS_CWRU.v17.P_3d_r1_COMS58_k141_145337_33	K00754	0.5018	0.9792	
2022_IncS_CWRU.v17.P_3d_r1_COMS58.sb.117_sub_2022_IncS_CWRU.v17.P_3d_r1_COMS58_k141_145337_34	K12990	0.5072	0.9639	
2022_IncS_CWRU.v17.P_3d_r1_COMS58.sb.117_sub_2022_IncS_CWRU.v17.P_3d_r1_COMS58_k141_145337_35	K00640	0.6788	0.8945	
2022_IncS_CWRU.v17.P_3d_r1_COMS58.sb.117_sub_2022_IncS_CWRU.v17.P_3d_r1_COMS58_k141_145337_36	K03429	0.2288	0.9536	
2022_IncS_CWRU.v17.P_3d_r1_COMS58.sb.117_sub_2022_IncS_CWRU.v17.P_3d_r1_COMS58_k141_145337_37	K00640	0.9753	0.8945	*
2022_IncS_CWRU.v17.P_3d_r1_COMS58.sb.117_sub_2022_IncS_CWRU.v17.P_3d_r1_COMS58_k141_145337_38	K20534	0.5773	0.9613	
2022_IncS_CWRU.v17.P_3d_r1_COMS58.sb.117_sub_2022_IncS_CWRU.v17.P_3d_r1_COMS58_k141_145337_39	K02014	0.8338	0.9106	
2022_IncS_CWRU.v17.P_3d_r1_COMS58.sb.117_sub_2022_IncS_CWRU.v17.P_3d_r1_COMS58_k141_145337_40	K21449	0.7749	0.9892	
2022_IncS_CWRU.v17.P_3d_r1_COMS58.sb.117_sub_2022_IncS_CWRU.v17.P_3d_r1_COMS58_k141_1526698_1	K17779	0.099	0.8681	
2022_IncS_CWRU.v17.P_3d_r1_COMS58.sb.117_sub_2022_IncS_CWRU.v17.P_3d_r1_COMS58_k141_1526698_2	K01129	0.995	0.8233	*
2022_IncS_CWRU.v17.P_3d_r1_COMS58.sb.117_sub_2022_IncS_CWRU.v17.P_3d_r1_COMS58_k141_1526698_3	K07263	0.8537	0.9787	
2022_IncS_CWRU.v17.P_3d_r1_COMS58.sb.117_sub_2022_IncS_CWRU.v17.P_3d_r1_COMS58_k141_1526698_4	K06941	0.9098	0.9053	*
2022_IncS_CWRU.v17.P_3d_r1_COMS58.sb.117_sub_2022_IncS_CWRU.v17.P_3d_r1_COMS58_k141_1526698_5	K06218	0.5113	0.9677	
2022_IncS_CWRU.v17.P_3d_r1_COMS58.sb.117_sub_2022_IncS_CWRU.v17.P_3d_r1_COMS58_k141_1526698_6	K18831	0.6047	0.9354	
2022_IncS_CWRU.v17.P_3d_r1_COMS58.sb.117_sub_2022_IncS_CWRU.v17.P_3d_r1_COMS58_k141_1526698_7	K07726	0.1236	0.8994	
2022_IncS_CWRU.v17.P_3d_r1_COMS58.sb.117_sub_2022_IncS_CWRU.v17.P_3d_r1_COMS58_k141_1526698_8	K06218	0.6962	0.9677	
2022_IncS_CWRU.v17.P_3d_r1_COMS58.sb.117_sub_2022_IncS_CWRU.v17.P_3d_r1_COMS58_k141_1526698_9	K07474	0.5148	0.8652	
2022_IncS_CWRU.v17.P_3d_r1_COMS58.sb.117_sub_2022_IncS_CWRU.v17.P_3d_r1_COMS58_k141_2072787_1	K09113	0.3375	0.9363	
2022_IncS_CWRU.v17.P_3d_r1_COMS58.sb.117_sub_2022_IncS_CWRU.v17.P_3d_r1_COMS58_k141_2072787_2	K05287	0.4167	0.908	
2022_IncS_CWRU.v17.P_3d_r1_COMS58.sb.117_sub_2022_IncS_CWRU.v17.P_3d_r1_COMS58_k141_2072787_3	K02014	0.9462	0.9106	*
2022_IncS_CWRU.v17.P_3d_r1_COMS58.sb.117_sub_2022_IncS_CWRU.v17.P_3d_r1_COMS58_k141_422710_1	K11877	0.1642	0.8995	
2022_IncS_CWRU.v17.P_3d_r1_COMS58.sb.117_sub_2022_IncS_CWRU.v17.P_3d_r1_COMS58_k141_422710_2	K00903	0.4813	0.9031	
2022_IncS_CWRU.v17.P_3d_r1_COMS58.sb.117_sub_2022_IncS_CWRU.v17.P_3d_r1_COMS58_k141_422710_3	K03446	0.9806	0.9853	
2022_IncS_CWRU.v17.P_3d_r1_COMS58.sb.117_sub_2022_IncS_CWRU.v17.P_3d_r1_COMS58_k141_422710_4	K00275	0.1835	0.9326	
2022_IncS_CWRU.v17.P_3d_r1_COMS58.sb.117_sub_2022_IncS_CWRU.v17.P_3d_r1_COMS58_k141_422710_5	K07064	0.5566	0.7126	
2022_IncS_CWRU.v17.P_3d_r1_COMS58.sb.117_sub_2022_IncS_CWRU.v17.P_3d_r1_COMS58_k141_422710_6	K28280	0.259	0.9348	
2022_IncS_CWRU.v17.P_3d_r1_COMS58.sb.117_sub_2022_IncS_CWRU.v17.P_3d_r1_COMS58_k141_422710_7	K01286	0.414	0.9666	
2022_IncS_CWRU.v17.P_3d_r1_COMS58.sb.117_sub_2022_IncS_CWRU.v17.P_3d_r1_COMS58_k141_422710_8	K01611	0.0829	0.8748	
2022_IncS_CWRU.v17.P_3d_r1_COMS58.sb.117_sub_2022_IncS_CWRU.v17.P_3d_r1_COMS58_k141_422710_9	K01669	0.5898	0.8852	
2022_IncS_CWRU.v17.P_3d_r1_COMS58.sb.117_sub_2022_IncS_CWRU.v17.P_3d_r1_COMS58_k141_422710_10	K15429	0.078	0.7593	
2022_IncS_CWRU.v17.P_3d_r1_COMS58.sb.117_sub_2022_IncS_CWRU.v17.P_3d_r1_COMS58_k141_422710_11	K03106	1.0	0.9157	*
2022_IncS_CWRU.v17.P_3d_r1_COMS58.sb.117_sub_2022_IncS_CWRU.v17.P_3d_r1_COMS58_k141_422710_12	K03671	0.6875	0.9801	
2022_IncS_CWRU.v17.P_3d_r1_COMS58.sb.117_sub_2022_IncS_CWRU.v17.P_3d_r1_COMS58_k141_422710_13	K10914	0.6945	0.88	
2022_IncS_CWRU.v17.P_3d_r1_COMS58.sb.117_sub_2022_IncS_CWRU.v17.P_3d_r1_COMS58_k141_422710_14	K07334	0.9921	0.9204	*
2022_IncS_CWRU.v17.P_3d_r1_COMS58.sb.117_sub_2022_IncS_CWRU.v17.P_3d_r1_COMS58_k141_422710_15	K21498	0.998	0.9324	*
2022_IncS_CWRU.v17.P_3d_r1_COMS58.sb.117_sub_2022_IncS_CWRU.v17.P_3d_r1_COMS58_k141_422710_16	K01916	0.481	0.732	
2022_IncS_CWRU.v17.P_3d_r1_COMS58.sb.117_sub_2022_IncS_CWRU.v17.P_3d_r1_COMS58_k141_422710_17	K00571	0.3652	0.8525	
2022_IncS_CWRU.v17.P_3d_r1_COMS58.sb.117_sub_2022_IncS_CWRU.v17.P_3d_r1_COMS58_k141_422710_18	K28280	0.999	0.9348	*
2022_IncS_CWRU.v17.P_3d_r1_COMS58.sb.117_sub_2022_IncS_CWRU.v17.P_3d_r1_COMS58_k141_422710_19	K28279	0.8563	0.8787	
2022_IncS_CWRU.v17.P_3d_r1_COMS58.sb.117_sub_2022_IncS_CWRU.v17.P_3d_r1_COMS58_k141_422710_20	K21498	0.9981	0.9324	*
2022_IncS_CWRU.v17.P_3d_r1_COMS58.sb.117_sub_2022_IncS_CWRU.v17.P_3d_r1_COMS58_k141_422710_21	K07404	0.8237	0.9787	
2022_IncS_CWRU.v17.P_3d_r1_COMS58.sb.117_sub_2022_IncS_CWRU.v17.P_3d_r1_COMS58_k141_422710_22	K01095	0.9995	0.9589	*
2022_IncS_CWRU.v17.P_3d_r1_COMS58.sb.117_sub_2022_IncS_CWRU.v17.P_3d_r1_COMS58_k141_422710_23	K09862	0.7534	0.952	
2022_IncS_CWRU.v17.P_3d_r1_COMS58.sb.117_sub_2022_IncS_CWRU.v17.P_3d_r1_COMS58_k141_422710_24	K14441	0.9242	0.9154	*
2022_IncS_CWRU.v17.P_3d_r1_COMS58.sb.117_sub_2022_IncS_CWRU.v17.P_3d_r1_COMS58_k141_422710_25	K02035	0.7111	0.8709	
2022_IncS_CWRU.v17.P_3d_r1_COMS58.sb.117_sub_2022_IncS_CWRU.v17.P_3d_r1_COMS58_k141_422710_26	K00648	0.9981	0.7828	*
2022_IncS_CWRU.v17.P_3d_r1_COMS58.sb.117_sub_2022_IncS_CWRU.v17.P_3d_r1_COMS58_k141_422710_27	K21893	0.1791	0.8769	
2022_IncS_CWRU.v17.P_3d_r1_COMS58.sb.117_sub_2022_IncS_CWRU.v17.P_3d_r1_COMS58_k141_978145_1	K00294	0.9932	0.7418	*
2022_IncS_CWRU.v17.P_3d_r1_COMS58.sb.117_sub_2022_IncS_CWRU.v17.P_3d_r1_COMS58_k141_978145_2	K01738	0.8514	0.7639	*
2022_IncS_CWRU.v17.P_3d_r1_COMS58.sb.117_sub_2022_IncS_CWRU.v17.P_3d_r1_COMS58_k141_978145_3	K22278	0.9928	0.9747	*
2022_IncS_CWRU.v17.P_3d_r1_COMS58.sb.117_sub_2022_IncS_CWRU.v17.P_3d_r1_COMS58_k141_978145_4	K13671	0.3065	0.9854	
2022_IncS_CWRU.v17.P_3d_r1_COMS58.sb.117_sub_2022_IncS_CWRU.v17.P_3d_r1_COMS58_k141_978145_5	K07283	0.2175	0.8899	
2022_IncS_CWRU.v17.P_3d_r1_COMS58.sb.117_sub_2022_IncS_CWRU.v17.P_3d_r1_COMS58_k141_978145_6	K03832	0.1261	0.9754	
2022_IncS_CWRU.v17.P_3d_r1_COMS58.sb.117_sub_2022_IncS_CWRU.v17.P_3d_r1_COMS58_k141_978145_7	K01875	0.9999	0.8315	*
2022_IncS_CWRU.v17.P_3d_r1_COMS58.sb.117_sub_2022_IncS_CWRU.v17.P_3d_r1_COMS58_k141_978145_8	K00384	0.9995	0.9288	*
2022_IncS_CWRU.v17.P_3d_r1_COMS58.sb.117_sub_2022_IncS_CWRU.v17.P_3d_r1_COMS58_k141_978145_9	K09922	0.9957	0.9207	*
2022_IncS_CWRU.v17.P_3d_r1_COMS58.sb.117_sub_2022_IncS_CWRU.v17.P_3d_r1_COMS58_k141_978145_10	K06997	1.0	0.8336	*
2022_IncS_CWRU.v17.P_3d_r1_COMS58.sb.117_sub_2022_IncS_CWRU.v17.P_3d_r1_COMS58_k141_978145_11	K09131	0.9982	0.8424	*
2022_IncS_CWRU.v17.P_3d_r1_COMS58.sb.117_sub_2022_IncS_CWRU.v17.P_3d_r1_COMS58_k141_978145_12	K08591	1.0	0.888	*
2022_IncS_CWRU.v17.P_3d_r1_COMS58.sb.117_sub_2022_IncS_CWRU.v17.P_3d_r1_COMS58_k141_978145_13	K00057	1.0	0.818	*
2022_IncS_CWRU.v17.P_3d_r1_COMS58.sb.117_sub_2022_IncS_CWRU.v17.P_3d_r1_COMS58_k141_978145_14	K15727	0.3727	0.9185	
2022_IncS_CWRU.v17.P_3d_r1_COMS58.sb.117_sub_2022_IncS_CWRU.v17.P_3d_r1_COMS58_k141_978145_15	K10439	0.2759	0.6026	
2022_IncS_CWRU.v17.P_3d_r1_COMS58.sb.117_sub_2022_IncS_CWRU.v17.P_3d_r1_COMS58_k141_978145_16	K12976	0.7044	0.9846	
2022_IncS_CWRU.v17.P_3d_r1_COMS58.sb.117_sub_2022_IncS_CWRU.v17.P_3d_r1_COMS58_k141_978145_17	K18637	0.6136	0.9817	
2022_IncS_CWRU.v17.P_3d_r1_COMS58.sb.117_sub_2022_IncS_CWRU.v17.P_3d_r1_COMS58_k141_425955_1	K28144	0.9948	0.8784	*
2022_IncS_CWRU.v17.P_3d_r1_COMS58.sb.117_sub_2022_IncS_CWRU.v17.P_3d_r1_COMS58_k141_425955_2	K28143	0.8737	0.8511	*
2022_IncS_CWRU.v17.P_3d_r1_COMS58.sb.117_sub_2022_IncS_CWRU.v17.P_3d_r1_COMS58_k141_425955_3	K02626	0.9979	0.8491	*
2022_IncS_CWRU.v17.P_3d_r1_COMS58.sb.117_sub_2022_IncS_CWRU.v17.P_3d_r1_COMS58_k141_425955_4	K12251	0.9989	0.9289	*
2022_IncS_CWRU.v17.P_3d_r1_COMS58.sb.117_sub_2022_IncS_CWRU.v17.P_3d_r1_COMS58_k141_425955_5	K10536	1.0	0.9341	*
2022_IncS_CWRU.v17.P_3d_r1_COMS58.sb.117_sub_2022_IncS_CWRU.v17.P_3d_r1_COMS58_k141_425955_6	K11991	0.9991	0.9601	*
2022_IncS_CWRU.v17.P_3d_r1_COMS58.sb.117_sub_2022_IncS_CWRU.v17.P_3d_r1_COMS58_k141_425955_7	K06191	0.8728	0.9289	
2022_IncS_CWRU.v17.P_3d_r1_COMS58.sb.117_sub_2022_IncS_CWRU.v17.P_3d_r1_COMS58_k141_425955_8	K01756	0.9973	0.7949	*
2022_IncS_CWRU.v17.P_3d_r1_COMS58.sb.117_sub_2022_IncS_CWRU.v17.P_3d_r1_COMS58_k141_425955_9	K07491	0.9938	0.9251	*
2022_IncS_CWRU.v17.P_3d_r1_COMS58.sb.117_sub_2022_IncS_CWRU.v17.P_3d_r1_COMS58_k141_425955_10	K04758	0.2066	0.9092	
2022_IncS_CWRU.v17.P_3d_r1_COMS58.sb.117_sub_2022_IncS_CWRU.v17.P_3d_r1_COMS58_k141_425955_11	K03186	0.9985	0.8536	*
2022_IncS_CWRU.v17.P_3d_r1_COMS58.sb.117_sub_2022_IncS_CWRU.v17.P_3d_r1_COMS58_k141_425955_12	K01740	0.9998	0.7112	*
2022_IncS_CWRU.v17.P_3d_r1_COMS58.sb.117_sub_2022_IncS_CWRU.v17.P_3d_r1_COMS58_k141_425955_13	K00641	0.9986	0.9604	*
2022_IncS_CWRU.v17.P_3d_r1_COMS58.sb.117_sub_2022_IncS_CWRU.v17.P_3d_r1_COMS58_k141_425955_14	K07483	0.1442	0.9439	
2022_IncS_CWRU.v17.P_3d_r1_COMS58.sb.117_sub_2022_IncS_CWRU.v17.P_3d_r1_COMS58_k141_427899_1	K02433	0.939	0.7035	*
2022_IncS_CWRU.v17.P_3d_r1_COMS58.sb.117_sub_2022_IncS_CWRU.v17.P_3d_r1_COMS58_k141_427899_2	K09705	0.2496	0.9433	
2022_IncS_CWRU.v17.P_3d_r1_COMS58.sb.117_sub_2022_IncS_CWRU.v17.P_3d_r1_COMS58_k141_427899_3	K03210	0.9998	0.9362	*
2022_IncS_CWRU.v17.P_3d_r1_COMS58.sb.117_sub_2022_IncS_CWRU.v17.P_3d_r1_COMS58_k141_427899_4	K03072	0.9993	0.9387	*
2022_IncS_CWRU.v17.P_3d_r1_COMS58.sb.117_sub_2022_IncS_CWRU.v17.P_3d_r1_COMS58_k141_427899_5	K03074	1.0	0.9658	*
2022_IncS_CWRU.v17.P_3d_r1_COMS58.sb.117_sub_2022_IncS_CWRU.v17.P_3d_r1_COMS58_k141_427899_6	K03832	0.5892	0.9754	
2022_IncS_CWRU.v17.P_3d_r1_COMS58.sb.117_sub_2022_IncS_CWRU.v17.P_3d_r1_COMS58_k141_1536847_1	K01042	0.2026	0.8734	
2022_IncS_CWRU.v17.P_3d_r1_COMS58.sb.117_sub_2022_IncS_CWRU.v17.P_3d_r1_COMS58_k141_1536847_2	K27269	0.7842	0.8771	
2022_IncS_CWRU.v17.P_3d_r1_COMS58.sb.117_sub_2022_IncS_CWRU.v17.P_3d_r1_COMS58_k141_1536847_3	K04027	0.4832	0.8351	
2022_IncS_CWRU.v17.P_3d_r1_COMS58.sb.117_sub_2022_IncS_CWRU.v17.P_3d_r1_COMS58_k141_1536847_4	K04027	0.5915	0.8351	
2022_IncS_CWRU.v17.P_3d_r1_COMS58.sb.117_sub_2022_IncS_CWRU.v17.P_3d_r1_COMS58_k141_1536847_5	K27260	0.6162	0.3999	*
2022_IncS_CWRU.v17.P_3d_r1_COMS58.sb.117_sub_2022_IncS_CWRU.v17.P_3d_r1_COMS58_k141_1536847_6	K15024	0.999	0.9418	*
2022_IncS_CWRU.v17.P_3d_r1_COMS58.sb.117_sub_2022_IncS_CWRU.v17.P_3d_r1_COMS58_k141_1536847_7	K00925	0.9994	0.7713	*
2022_IncS_CWRU.v17.P_3d_r1_COMS58.sb.117_sub_2022_IncS_CWRU.v17.P_3d_r1_COMS58_k141_1536847_8	K27271	0.9992	0.5526	*
2022_IncS_CWRU.v17.P_3d_r1_COMS58.sb.117_sub_2022_IncS_CWRU.v17.P_3d_r1_COMS58_k141_1536847_9	K27272	0.9763	0.9555	*
2022_IncS_CWRU.v17.P_3d_r1_COMS58.sb.117_sub_2022_IncS_CWRU.v17.P_3d_r1_COMS58_k141_1536847_10	K22468	0.9996	0.9953	*
2022_IncS_CWRU.v17.P_3d_r1_COMS58.sb.117_sub_2022_IncS_CWRU.v17.P_3d_r1_COMS58_k141_986088_1	K01990	0.4136	0.816	
2022_IncS_CWRU.v17.P_3d_r1_COMS58.sb.117_sub_2022_IncS_CWRU.v17.P_3d_r1_COMS58_k141_986088_2	K01515	0.9858	0.914	*
2022_IncS_CWRU.v17.P_3d_r1_COMS58.sb.117_sub_2022_IncS_CWRU.v17.P_3d_r1_COMS58_k141_986088_3	K12976	0.309	0.9846	
2022_IncS_CWRU.v17.P_3d_r1_COMS58.sb.117_sub_2022_IncS_CWRU.v17.P_3d_r1_COMS58_k141_986088_4	K07481	0.6648	0.9745	
2022_IncS_CWRU.v17.P_3d_r1_COMS58.sb.117_sub_2022_IncS_CWRU.v17.P_3d_r1_COMS58_k141_986088_5	K00606	1.0	0.6763	*
2022_IncS_CWRU.v17.P_3d_r1_COMS58.sb.117_sub_2022_IncS_CWRU.v17.P_3d_r1_COMS58_k141_986088_6	K01610	0.9994	0.8981	*
2022_IncS_CWRU.v17.P_3d_r1_COMS58.sb.117_sub_2022_IncS_CWRU.v17.P_3d_r1_COMS58_k141_986088_7	K19623	0.5641	0.9629	
2022_IncS_CWRU.v17.P_3d_r1_COMS58.sb.117_sub_2022_IncS_CWRU.v17.P_3d_r1_COMS58_k141_986088_8	K02482	0.9584	0.968	
2022_IncS_CWRU.v17.P_3d_r1_COMS58.sb.117_sub_2022_IncS_CWRU.v17.P_3d_r1_COMS58_k141_986088_9	K13815	0.5695	0.7239	
2022_IncS_CWRU.v17.P_3d_r1_COMS58.sb.117_sub_2022_IncS_CWRU.v17.P_3d_r1_COMS58_k141_986088_10	K10914	0.4549	0.88	
2022_IncS_CWRU.v17.P_3d_r1_COMS58.sb.117_sub_2022_IncS_CWRU.v17.P_3d_r1_COMS58_k141_986088_11	K02924	0.1188	0.9475	
2022_IncS_CWRU.v17.P_3d_r1_COMS58.sb.117_sub_2022_IncS_CWRU.v17.P_3d_r1_COMS58_k141_1262956_1	K05759	0.227	0.9354	
2022_IncS_CWRU.v17.P_3d_r1_COMS58.sb.117_sub_2022_IncS_CWRU.v17.P_3d_r1_COMS58_k141_1262956_2	K18841	0.9274	0.7102	*
2022_IncS_CWRU.v17.P_3d_r1_COMS58.sb.117_sub_2022_IncS_CWRU.v17.P_3d_r1_COMS58_k141_1262956_3	K18842	0.2929	0.7999	
2022_IncS_CWRU.v17.P_3d_r1_COMS58.sb.117_sub_2022_IncS_CWRU.v17.P_3d_r1_COMS58_k141_1262956_4	K03565	0.9997	0.8631	*
2022_IncS_CWRU.v17.P_3d_r1_COMS58.sb.117_sub_2022_IncS_CWRU.v17.P_3d_r1_COMS58_k141_1262956_5	K02004	0.9999	0.8778	*
2022_IncS_CWRU.v17.P_3d_r1_COMS58.sb.117_sub_2022_IncS_CWRU.v17.P_3d_r1_COMS58_k141_1262956_6	K01607	0.2268	0.9801	
2022_IncS_CWRU.v17.P_3d_r1_COMS58.sb.117_sub_2022_IncS_CWRU.v17.P_3d_r1_COMS58_k141_1262956_7	K02004	0.9786	0.8778	*
2022_IncS_CWRU.v17.P_3d_r1_COMS58.sb.117_sub_2022_IncS_CWRU.v17.P_3d_r1_COMS58_k141_1262956_8	K08676	0.9983	0.9838	*
2022_IncS_CWRU.v17.P_3d_r1_COMS58.sb.117_sub_2022_IncS_CWRU.v17.P_3d_r1_COMS58_k141_1262956_9	K01520	0.9541	0.8899	*
2022_IncS_CWRU.v17.P_3d_r1_COMS58.sb.117_sub_2022_IncS_CWRU.v17.P_3d_r1_COMS58_k141_1262956_10	K03801	0.2862	0.8191	
2022_IncS_CWRU.v17.P_3d_r1_COMS58.sb.117_sub_2022_IncS_CWRU.v17.P_3d_r1_COMS58_k141_1262956_11	K00627	0.9681	0.8213	*
2022_IncS_CWRU.v17.P_3d_r1_COMS58.sb.117_sub_2022_IncS_CWRU.v17.P_3d_r1_COMS58_k141_1262956_12	K01187	0.9936	0.8886	*
2022_IncS_CWRU.v17.P_3d_r1_COMS58.sb.117_sub_2022_IncS_CWRU.v17.P_3d_r1_COMS58_k141_1262956_13	K18578	0.7779	0.9943	
2022_IncS_CWRU.v17.P_3d_r1_COMS58.sb.117_sub_2022_IncS_CWRU.v17.P_3d_r1_COMS58_k141_1262956_14	K02081	0.8639	0.89	
2022_IncS_CWRU.v17.P_3d_r1_COMS58.sb.117_sub_2022_IncS_CWRU.v17.P_3d_r1_COMS58_k141_1262956_15	K03537	0.4233	0.8422	
2022_IncS_CWRU.v17.P_3d_r1_COMS58.sb.117_sub_2022_IncS_CWRU.v17.P_3d_r1_COMS58_k141_1262956_16	K16348	0.8315	0.8343	
2022_IncS_CWRU.v17.P_3d_r1_COMS58.sb.117_sub_2022_IncS_CWRU.v17.P_3d_r1_COMS58_k141_1262956_17	K07346	0.2124	0.9137	
2022_IncS_CWRU.v17.P_3d_r1_COMS58.sb.117_sub_2022_IncS_CWRU.v17.P_3d_r1_COMS58_k141_1262956_18	K12948	0.4294	0.8888	
2022_IncS_CWRU.v17.P_3d_r1_COMS58.sb.117_sub_2022_IncS_CWRU.v17.P_3d_r1_COMS58_k141_1262956_19	K03060	0.468	0.9109	
2022_IncS_CWRU.v17.P_3d_r1_COMS58.sb.117_sub_2022_IncS_CWRU.v17.P_3d_r1_COMS58_k141_1262956_20	K03406	0.5009	0.9545	
2022_IncS_CWRU.v17.P_3d_r1_COMS58.sb.117_sub_2022_IncS_CWRU.v17.P_3d_r1_COMS58_k141_1262956_21	K01772	0.9904	0.73	*
2022_IncS_CWRU.v17.P_3d_r1_COMS58.sb.117_sub_2022_IncS_CWRU.v17.P_3d_r1_COMS58_k141_1262956_22	K01599	0.9997	0.9872	*
2022_IncS_CWRU.v17.P_3d_r1_COMS58.sb.117_sub_2022_IncS_CWRU.v17.P_3d_r1_COMS58_k141_1810868_1	K03924	0.7916	0.9819	
2022_IncS_CWRU.v17.P_3d_r1_COMS58.sb.117_sub_2022_IncS_CWRU.v17.P_3d_r1_COMS58_k141_1810868_2	K03685	0.9979	0.9039	*
2022_IncS_CWRU.v17.P_3d_r1_COMS58.sb.117_sub_2022_IncS_CWRU.v17.P_3d_r1_COMS58_k141_1810868_3	K03100	0.99	0.9424	*
2022_IncS_CWRU.v17.P_3d_r1_COMS58.sb.117_sub_2022_IncS_CWRU.v17.P_3d_r1_COMS58_k141_1810868_4	K03100	0.9995	0.9424	*
2022_IncS_CWRU.v17.P_3d_r1_COMS58.sb.117_sub_2022_IncS_CWRU.v17.P_3d_r1_COMS58_k141_1810868_5	K07289	0.836	0.9805	
2022_IncS_CWRU.v17.P_3d_r1_COMS58.sb.117_sub_2022_IncS_CWRU.v17.P_3d_r1_COMS58_k141_1810868_6	K07486	0.9756	0.9643	*
2022_IncS_CWRU.v17.P_3d_r1_COMS58.sb.117_sub_2022_IncS_CWRU.v17.P_3d_r1_COMS58_k141_1810868_7	K04744	0.9713	0.9622	*
2022_IncS_CWRU.v17.P_3d_r1_COMS58.sb.117_sub_2022_IncS_CWRU.v17.P_3d_r1_COMS58_k141_1810868_8	K03406	0.9972	0.9545	*
2022_IncS_CWRU.v17.P_3d_r1_COMS58.sb.117_sub_2022_IncS_CWRU.v17.P_3d_r1_COMS58_k141_1810868_9	K00619	0.4136	0.9779	
2022_IncS_CWRU.v17.P_3d_r1_COMS58.sb.117_sub_2022_IncS_CWRU.v17.P_3d_r1_COMS58_k141_1810868_10	K19090	0.4175	0.8627	
2022_IncS_CWRU.v17.P_3d_r1_COMS58.sb.117_sub_2022_IncS_CWRU.v17.P_3d_r1_COMS58_k141_1810868_11	K06372	0.86	0.8089	*
2022_IncS_CWRU.v17.P_3d_r1_COMS58.sb.117_sub_2022_IncS_CWRU.v17.P_3d_r1_COMS58_k141_1810868_12	K07040	0.9996	0.947	*
2022_IncS_CWRU.v17.P_3d_r1_COMS58.sb.117_sub_2022_IncS_CWRU.v17.P_3d_r1_COMS58_k141_1810868_13	K02911	0.9936	0.9416	*
2022_IncS_CWRU.v17.P_3d_r1_COMS58.sb.117_sub_2022_IncS_CWRU.v17.P_3d_r1_COMS58_k141_1810868_14	K03621	1.0	0.6874	*
2022_IncS_CWRU.v17.P_3d_r1_COMS58.sb.117_sub_2022_IncS_CWRU.v17.P_3d_r1_COMS58_k141_1810868_15	K10118	0.2095	0.7189	
2022_IncS_CWRU.v17.P_3d_r1_COMS58.sb.117_sub_2022_IncS_CWRU.v17.P_3d_r1_COMS58_k141_1810868_16	K02004	1.0	0.8778	*
2022_IncS_CWRU.v17.P_3d_r1_COMS58.sb.117_sub_2022_IncS_CWRU.v17.P_3d_r1_COMS58_k141_1810868_17	K02884	0.9999	0.9341	*
2022_IncS_CWRU.v17.P_3d_r1_COMS58.sb.117_sub_2022_IncS_CWRU.v17.P_3d_r1_COMS58_k141_1810868_18	K09983	0.1987	0.823	
2022_IncS_CWRU.v17.P_3d_r1_COMS58.sb.117_sub_2022_IncS_CWRU.v17.P_3d_r1_COMS58_k141_1810868_19	K06830	0.166	0.8326	
2022_IncS_CWRU.v17.P_3d_r1_COMS58.sb.117_sub_2022_IncS_CWRU.v17.P_3d_r1_COMS58_k141_1810868_20	K18920	0.2993	0.834	
2022_IncS_CWRU.v17.P_3d_r1_COMS58.sb.117_sub_2022_IncS_CWRU.v17.P_3d_r1_COMS58_k141_1810868_21	K02015	0.4672	0.7882	
2022_IncS_CWRU.v17.P_3d_r1_COMS58.sb.117_sub_2022_IncS_CWRU.v17.P_3d_r1_COMS58_k141_1810868_22	K00554	0.9999	0.855	*
2022_IncS_CWRU.v17.P_3d_r1_COMS58.sb.117_sub_2022_IncS_CWRU.v17.P_3d_r1_COMS58_k141_1810868_23	K06418	0.3159	0.9397	
2022_IncS_CWRU.v17.P_3d_r1_COMS58.sb.117_sub_2022_IncS_CWRU.v17.P_3d_r1_COMS58_k141_1810868_24	K05594	0.9738	0.9998	
2022_IncS_CWRU.v17.P_3d_r1_COMS58.sb.117_sub_2022_IncS_CWRU.v17.P_3d_r1_COMS58_k141_1810868_25	K02860	0.9903	0.8399	*
2022_IncS_CWRU.v17.P_3d_r1_COMS58.sb.117_sub_2022_IncS_CWRU.v17.P_3d_r1_COMS58_k141_1810868_26	K06960	0.9994	0.8623	*
2022_IncS_CWRU.v17.P_3d_r1_COMS58.sb.117_sub_2022_IncS_CWRU.v17.P_3d_r1_COMS58_k141_1810868_27	K03111	0.3558	0.945	
2022_IncS_CWRU.v17.P_3d_r1_COMS58.sb.117_sub_2022_IncS_CWRU.v17.P_3d_r1_COMS58_k141_434321_1	K07738	0.9875	0.9479	*
2022_IncS_CWRU.v17.P_3d_r1_COMS58.sb.117_sub_2022_IncS_CWRU.v17.P_3d_r1_COMS58_k141_434321_2	K01433	0.9999	0.7249	*
2022_IncS_CWRU.v17.P_3d_r1_COMS58.sb.117_sub_2022_IncS_CWRU.v17.P_3d_r1_COMS58_k141_434321_3	K02910	0.296	0.8974	
2022_IncS_CWRU.v17.P_3d_r1_COMS58.sb.117_sub_2022_IncS_CWRU.v17.P_3d_r1_COMS58_k141_434321_4	K03060	0.3524	0.9109	
2022_IncS_CWRU.v17.P_3d_r1_COMS58.sb.117_sub_2022_IncS_CWRU.v17.P_3d_r1_COMS58_k141_434321_5	K06919	0.3435	0.9327	
2022_IncS_CWRU.v17.P_3d_r1_COMS58.sb.117_sub_2022_IncS_CWRU.v17.P_3d_r1_COMS58_k141_434321_6	K05919	0.4246	0.9444	
2022_IncS_CWRU.v17.P_3d_r1_COMS58.sb.117_sub_2022_IncS_CWRU.v17.P_3d_r1_COMS58_k141_434321_7	K22010	0.3494	0.8629	
2022_IncS_CWRU.v17.P_3d_r1_COMS58.sb.117_sub_2022_IncS_CWRU.v17.P_3d_r1_COMS58_k141_434321_8	K07714	0.3854	0.5927	
2022_IncS_CWRU.v17.P_3d_r1_COMS58.sb.117_sub_2022_IncS_CWRU.v17.P_3d_r1_COMS58_k141_434321_9	K07709	0.2512	0.9318	
2022_IncS_CWRU.v17.P_3d_r1_COMS58.sb.117_sub_2022_IncS_CWRU.v17.P_3d_r1_COMS58_k141_434321_10	K00989	1.0	0.8366	*
2022_IncS_CWRU.v17.P_3d_r1_COMS58.sb.117_sub_2022_IncS_CWRU.v17.P_3d_r1_COMS58_k141_434321_11	K19092	0.974	0.9649	*
2022_IncS_CWRU.v17.P_3d_r1_COMS58.sb.117_sub_2022_IncS_CWRU.v17.P_3d_r1_COMS58_k141_434321_12	K07746	0.9962	0.9777	*
2022_IncS_CWRU.v17.P_3d_r1_COMS58.sb.117_sub_2022_IncS_CWRU.v17.P_3d_r1_COMS58_k141_434321_13	K03299	0.7731	0.9583	
2022_IncS_CWRU.v17.P_3d_r1_COMS58.sb.117_sub_2022_IncS_CWRU.v17.P_3d_r1_COMS58_k141_704940_1	K18828	0.7371	0.8898	
2022_IncS_CWRU.v17.P_3d_r1_COMS58.sb.117_sub_2022_IncS_CWRU.v17.P_3d_r1_COMS58_k141_704940_2	K01069	0.9989	0.979	*
2022_IncS_CWRU.v17.P_3d_r1_COMS58.sb.117_sub_2022_IncS_CWRU.v17.P_3d_r1_COMS58_k141_704940_3	K05786	0.5401	0.9832	
2022_IncS_CWRU.v17.P_3d_r1_COMS58.sb.117_sub_2022_IncS_CWRU.v17.P_3d_r1_COMS58_k141_704940_4	K06906	0.4159	0.8982	
2022_IncS_CWRU.v17.P_3d_r1_COMS58.sb.117_sub_2022_IncS_CWRU.v17.P_3d_r1_COMS58_k141_1539860_1	K05375	0.4969	0.9668	
2022_IncS_CWRU.v17.P_3d_r1_COMS58.sb.117_sub_2022_IncS_CWRU.v17.P_3d_r1_COMS58_k141_1539860_2	K07733	0.9805	0.9689	*
2022_IncS_CWRU.v17.P_3d_r1_COMS58.sb.117_sub_2022_IncS_CWRU.v17.P_3d_r1_COMS58_k141_1539860_3	K03540	0.3014	0.9136	
2022_IncS_CWRU.v17.P_3d_r1_COMS58.sb.117_sub_2022_IncS_CWRU.v17.P_3d_r1_COMS58_k141_1539860_4	K14059	0.6458	0.989	
2022_IncS_CWRU.v17.P_3d_r1_COMS58.sb.117_sub_2022_IncS_CWRU.v17.P_3d_r1_COMS58_k141_1539860_5	K03650	1.0	0.853	*
2022_IncS_CWRU.v17.P_3d_r1_COMS58.sb.117_sub_2022_IncS_CWRU.v17.P_3d_r1_COMS58_k141_707986_1	K00602	1.0	0.8661	*
2022_IncS_CWRU.v17.P_3d_r1_COMS58.sb.117_sub_2022_IncS_CWRU.v17.P_3d_r1_COMS58_k141_707986_2	K09749	0.6757	0.942	
2022_IncS_CWRU.v17.P_3d_r1_COMS58.sb.117_sub_2022_IncS_CWRU.v17.P_3d_r1_COMS58_k141_707986_3	K09808	0.9913	0.704	*
2022_IncS_CWRU.v17.P_3d_r1_COMS58.sb.117_sub_2022_IncS_CWRU.v17.P_3d_r1_COMS58_k141_2090139_1	K06343	0.1136	0.9191	
2022_IncS_CWRU.v17.P_3d_r1_COMS58.sb.117_sub_2022_IncS_CWRU.v17.P_3d_r1_COMS58_k141_2090139_2	K01173	0.2133	0.9446	
2022_IncS_CWRU.v17.P_3d_r1_COMS58.sb.117_sub_2022_IncS_CWRU.v17.P_3d_r1_COMS58_k141_2090139_3	K02372	1.0	0.9753	*
2022_IncS_CWRU.v17.P_3d_r1_COMS58.sb.117_sub_2022_IncS_CWRU.v17.P_3d_r1_COMS58_k141_2090139_4	K00677	0.9993	0.9669	*
2022_IncS_CWRU.v17.P_3d_r1_COMS58.sb.117_sub_2022_IncS_CWRU.v17.P_3d_r1_COMS58_k141_2090139_5	K09949	0.9933	0.7805	*
2022_IncS_CWRU.v17.P_3d_r1_COMS58.sb.117_sub_2022_IncS_CWRU.v17.P_3d_r1_COMS58_k141_2090139_6	K03564	0.9847	0.9531	*
2022_IncS_CWRU.v17.P_3d_r1_COMS58.sb.117_sub_2022_IncS_CWRU.v17.P_3d_r1_COMS58_k141_993416_1	K15876	0.9582	0.953	*
2022_IncS_CWRU.v17.P_3d_r1_COMS58.sb.117_sub_2022_IncS_CWRU.v17.P_3d_r1_COMS58_k141_993416_2	K17220	0.8939	0.9951	
2022_IncS_CWRU.v17.P_3d_r1_COMS58.sb.117_sub_2022_IncS_CWRU.v17.P_3d_r1_COMS58_k141_993416_3	K26731	0.2977	0.8731	
2022_IncS_CWRU.v17.P_3d_r1_COMS58.sb.117_sub_2022_IncS_CWRU.v17.P_3d_r1_COMS58_k141_993416_4	K12066	0.3484	0.8512	
2022_IncS_CWRU.v17.P_3d_r1_COMS58.sb.117_sub_2022_IncS_CWRU.v17.P_3d_r1_COMS58_k141_993416_5	K03088	0.4277	0.9501	
2022_IncS_CWRU.v17.P_3d_r1_COMS58.sb.117_sub_2022_IncS_CWRU.v17.P_3d_r1_COMS58_k141_993416_6	K15539	0.2354	0.9969	
2022_IncS_CWRU.v17.P_3d_r1_COMS58.sb.117_sub_2022_IncS_CWRU.v17.P_3d_r1_COMS58_k141_993416_7	K00334	0.1178	0.8405	
2022_IncS_CWRU.v17.P_3d_r1_COMS58.sb.117_sub_2022_IncS_CWRU.v17.P_3d_r1_COMS58_k141_993416_8	K00318	1.0	0.8958	*
2022_IncS_CWRU.v17.P_3d_r1_COMS58.sb.117_sub_2022_IncS_CWRU.v17.P_3d_r1_COMS58_k141_993416_9	K09974	0.8724	0.9173	
2022_IncS_CWRU.v17.P_3d_r1_COMS58.sb.117_sub_2022_IncS_CWRU.v17.P_3d_r1_COMS58_k141_993416_10	K07407	0.9539	0.8812	*
2022_IncS_CWRU.v17.P_3d_r1_COMS58.sb.117_sub_2022_IncS_CWRU.v17.P_3d_r1_COMS58_k141_993416_11	K27318	0.2539	0.7944	
2022_IncS_CWRU.v17.P_3d_r1_COMS58.sb.117_sub_2022_IncS_CWRU.v17.P_3d_r1_COMS58_k141_993416_12	K00688	0.9999	0.9312	*
2022_IncS_CWRU.v17.P_3d_r1_COMS58.sb.117_sub_2022_IncS_CWRU.v17.P_3d_r1_COMS58_k141_993416_13	K18676	0.6846	0.9298	
2022_IncS_CWRU.v17.P_3d_r1_COMS58.sb.117_sub_2022_IncS_CWRU.v17.P_3d_r1_COMS58_k141_993416_14	K01443	0.9932	0.8554	*
2022_IncS_CWRU.v17.P_3d_r1_COMS58.sb.117_sub_2022_IncS_CWRU.v17.P_3d_r1_COMS58_k141_993416_15	K00241	0.7475	0.938	
2022_IncS_CWRU.v17.P_3d_r1_COMS58.sb.117_sub_2022_IncS_CWRU.v17.P_3d_r1_COMS58_k141_993416_16	K02362	0.2893	0.866	
2022_IncS_CWRU.v17.P_3d_r1_COMS58.sb.117_sub_2022_IncS_CWRU.v17.P_3d_r1_COMS58_k141_993416_17	K07482	0.9971	0.9146	*
2022_IncS_CWRU.v17.P_3d_r1_COMS58.sb.117_sub_2022_IncS_CWRU.v17.P_3d_r1_COMS58_k141_993416_18	K12340	0.9885	0.7782	*
2022_IncS_CWRU.v17.P_3d_r1_COMS58.sb.117_sub_2022_IncS_CWRU.v17.P_3d_r1_COMS58_k141_993416_19	K03543	0.9988	0.9123	*
2022_IncS_CWRU.v17.P_3d_r1_COMS58.sb.117_sub_2022_IncS_CWRU.v17.P_3d_r1_COMS58_k141_993416_20	K03709	0.7473	0.8746	
2022_IncS_CWRU.v17.P_3d_r1_COMS58.sb.117_sub_2022_IncS_CWRU.v17.P_3d_r1_COMS58_k141_993416_21	K03322	1.0	0.9939	*
2022_IncS_CWRU.v17.P_3d_r1_COMS58.sb.117_sub_2022_IncS_CWRU.v17.P_3d_r1_COMS58_k141_993416_22	K23997	0.9971	0.8866	*
2022_IncS_CWRU.v17.P_3d_r1_COMS58.sb.117_sub_2022_IncS_CWRU.v17.P_3d_r1_COMS58_k141_993416_23	K06925	1.0	0.9699	*
2022_IncS_CWRU.v17.P_3d_r1_COMS58.sb.117_sub_2022_IncS_CWRU.v17.P_3d_r1_COMS58_k141_993416_24	K00857	0.8201	0.9203	
2022_IncS_CWRU.v17.P_3d_r1_COMS58.sb.117_sub_2022_IncS_CWRU.v17.P_3d_r1_COMS58_k141_993421_1	K18139	0.9656	0.7489	*
2022_IncS_CWRU.v17.P_3d_r1_COMS58.sb.117_sub_2022_IncS_CWRU.v17.P_3d_r1_COMS58_k141_993421_2	K01535	0.9969	0.753	*
2022_IncS_CWRU.v17.P_3d_r1_COMS58.sb.117_sub_2022_IncS_CWRU.v17.P_3d_r1_COMS58_k141_993421_3	K06149	0.7911	0.9987	
2022_IncS_CWRU.v17.P_3d_r1_COMS58.sb.117_sub_2022_IncS_CWRU.v17.P_3d_r1_COMS58_k141_993421_4	K27358	0.2421	0.939	
2022_IncS_CWRU.v17.P_3d_r1_COMS58.sb.117_sub_2022_IncS_CWRU.v17.P_3d_r1_COMS58_k141_993421_5	K02066	0.9996	0.9053	*
2022_IncS_CWRU.v17.P_3d_r1_COMS58.sb.117_sub_2022_IncS_CWRU.v17.P_3d_r1_COMS58_k141_993421_6	K02065	0.988	0.7816	*
2022_IncS_CWRU.v17.P_3d_r1_COMS58.sb.117_sub_2022_IncS_CWRU.v17.P_3d_r1_COMS58_k141_993421_7	K02067	0.9343	0.9674	
2022_IncS_CWRU.v17.P_3d_r1_COMS58.sb.117_sub_2022_IncS_CWRU.v17.P_3d_r1_COMS58_k141_993421_8	K02651	0.5354	0.9965	
2022_IncS_CWRU.v17.P_3d_r1_COMS58.sb.117_sub_2022_IncS_CWRU.v17.P_3d_r1_COMS58_k141_993421_9	K27028	0.8093	0.9982	
2022_IncS_CWRU.v17.P_3d_r1_COMS58.sb.117_sub_2022_IncS_CWRU.v17.P_3d_r1_COMS58_k141_993421_10	K03286	0.8131	0.9832	
2022_IncS_CWRU.v17.P_3d_r1_COMS58.sb.117_sub_2022_IncS_CWRU.v17.P_3d_r1_COMS58_k141_993421_11	K15849	0.2304	0.5784	
2022_IncS_CWRU.v17.P_3d_r1_COMS58.sb.117_sub_2022_IncS_CWRU.v17.P_3d_r1_COMS58_k141_993421_12	K20885	0.6481	0.9182	
2022_IncS_CWRU.v17.P_3d_r1_COMS58.sb.117_sub_2022_IncS_CWRU.v17.P_3d_r1_COMS58_k141_993421_13	K03975	0.7401	0.9991	
2022_IncS_CWRU.v17.P_3d_r1_COMS58.sb.117_sub_2022_IncS_CWRU.v17.P_3d_r1_COMS58_k141_2091000_1	K07875	0.1214	0.6212	
2022_IncS_CWRU.v17.P_3d_r1_COMS58.sb.117_sub_2022_IncS_CWRU.v17.P_3d_r1_COMS58_k141_2091000_2	K02595	0.9954	0.829	*
2022_IncS_CWRU.v17.P_3d_r1_COMS58.sb.117_sub_2022_IncS_CWRU.v17.P_3d_r1_COMS58_k141_2091000_3	K03294	0.6995	0.9586	
2022_IncS_CWRU.v17.P_3d_r1_COMS58.sb.117_sub_2022_IncS_CWRU.v17.P_3d_r1_COMS58_k141_2091000_4	K14170	0.6527	0.9077	
2022_IncS_CWRU.v17.P_3d_r1_COMS58.sb.117_sub_2022_IncS_CWRU.v17.P_3d_r1_COMS58_k141_2091000_5	K18929	0.9982	0.9931	*
2022_IncS_CWRU.v17.P_3d_r1_COMS58.sb.117_sub_2022_IncS_CWRU.v17.P_3d_r1_COMS58_k141_2091000_6	K18928	0.9998	0.4752	*
2022_IncS_CWRU.v17.P_3d_r1_COMS58.sb.117_sub_2022_IncS_CWRU.v17.P_3d_r1_COMS58_k141_2091000_7	K03534	0.9997	0.9537	*
2022_IncS_CWRU.v17.P_3d_r1_COMS58.sb.117_sub_2022_IncS_CWRU.v17.P_3d_r1_COMS58_k141_2091000_8	K02856	1.0	0.9738	*
2022_IncS_CWRU.v17.P_3d_r1_COMS58.sb.117_sub_2022_IncS_CWRU.v17.P_3d_r1_COMS58_k141_2091000_9	K05989	0.9254	0.923	*
2022_IncS_CWRU.v17.P_3d_r1_COMS58.sb.117_sub_2022_IncS_CWRU.v17.P_3d_r1_COMS58_k141_2091000_10	K01813	1.0	0.8606	*
2022_IncS_CWRU.v17.P_3d_r1_COMS58.sb.117_sub_2022_IncS_CWRU.v17.P_3d_r1_COMS58_k141_2091000_11	K00848	0.9986	0.8723	*
2022_IncS_CWRU.v17.P_3d_r1_COMS58.sb.117_sub_2022_IncS_CWRU.v17.P_3d_r1_COMS58_k141_2091000_12	K02529	0.968	0.7283	*
2022_IncS_CWRU.v17.P_3d_r1_COMS58.sb.117_sub_2022_IncS_CWRU.v17.P_3d_r1_COMS58_k141_2091000_13	K01785	0.9921	0.9566	*
2022_IncS_CWRU.v17.P_3d_r1_COMS58.sb.117_sub_2022_IncS_CWRU.v17.P_3d_r1_COMS58_k141_2091000_14	K00249	0.5546	0.9509	
2022_IncS_CWRU.v17.P_3d_r1_COMS58.sb.117_sub_2022_IncS_CWRU.v17.P_3d_r1_COMS58_k141_2091000_15	K00854	0.9876	0.8346	*
2022_IncS_CWRU.v17.P_3d_r1_COMS58.sb.117_sub_2022_IncS_CWRU.v17.P_3d_r1_COMS58_k141_2091000_16	K13020	0.3235	0.9776	
2022_IncS_CWRU.v17.P_3d_r1_COMS58.sb.117_sub_2022_IncS_CWRU.v17.P_3d_r1_COMS58_k141_2091000_17	K09779	0.9293	0.9877	
2022_IncS_CWRU.v17.P_3d_r1_COMS58.sb.117_sub_2022_IncS_CWRU.v17.P_3d_r1_COMS58_k141_2091000_18	K03307	0.9566	0.8934	*
2022_IncS_CWRU.v17.P_3d_r1_COMS58.sb.117_sub_2022_IncS_CWRU.v17.P_3d_r1_COMS58_k141_2091000_19	K06381	0.9392	0.9578	
2022_IncS_CWRU.v17.P_3d_r1_COMS58.sb.117_sub_2022_IncS_CWRU.v17.P_3d_r1_COMS58_k141_2091000_20	K02272	0.617	0.9752	
2022_IncS_CWRU.v17.P_3d_r1_COMS58.sb.117_sub_2022_IncS_CWRU.v17.P_3d_r1_COMS58_k141_2091000_21	K17836	0.574	0.9576	
2022_IncS_CWRU.v17.P_3d_r1_COMS58.sb.117_sub_2022_IncS_CWRU.v17.P_3d_r1_COMS58_k141_2091000_22	K08309	0.2918	0.9688	
2022_IncS_CWRU.v17.P_3d_r1_COMS58.sb.117_sub_2022_IncS_CWRU.v17.P_3d_r1_COMS58_k141_2091000_23	K03546	0.3677	0.9913	
2022_IncS_CWRU.v17.P_3d_r1_COMS58.sb.117_sub_2022_IncS_CWRU.v17.P_3d_r1_COMS58_k141_441245_1	K01581	0.9075	0.8626	*
2022_IncS_CWRU.v17.P_3d_r1_COMS58.sb.117_sub_2022_IncS_CWRU.v17.P_3d_r1_COMS58_k141_441245_2	K28484	0.4024	0.9903	
2022_IncS_CWRU.v17.P_3d_r1_COMS58.sb.117_sub_2022_IncS_CWRU.v17.P_3d_r1_COMS58_k141_441245_3	K02030	0.4453	0.871	
2022_IncS_CWRU.v17.P_3d_r1_COMS58.sb.117_sub_2022_IncS_CWRU.v17.P_3d_r1_COMS58_k141_441245_4	K00632	0.5134	0.7251	
2022_IncS_CWRU.v17.P_3d_r1_COMS58.sb.117_sub_2022_IncS_CWRU.v17.P_3d_r1_COMS58_k141_1820274_1	K16092	0.294	0.8218	
2022_IncS_CWRU.v17.P_3d_r1_COMS58.sb.117_sub_2022_IncS_CWRU.v17.P_3d_r1_COMS58_k141_1820274_2	K09228	0.1853	0.9519	
2022_IncS_CWRU.v17.P_3d_r1_COMS58.sb.117_sub_2022_IncS_CWRU.v17.P_3d_r1_COMS58_k141_1820274_3	K06158	0.9997	0.9892	*
2022_IncS_CWRU.v17.P_3d_r1_COMS58.sb.117_sub_2022_IncS_CWRU.v17.P_3d_r1_COMS58_k141_1820274_4	K19236	0.828	0.9554	
2022_IncS_CWRU.v17.P_3d_r1_COMS58.sb.117_sub_2022_IncS_CWRU.v17.P_3d_r1_COMS58_k141_1820274_5	K02275	0.2887	0.9697	
2022_IncS_CWRU.v17.P_3d_r1_COMS58.sb.117_sub_2022_IncS_CWRU.v17.P_3d_r1_COMS58_k141_1820274_6	K06024	0.9728	0.901	*
2022_IncS_CWRU.v17.P_3d_r1_COMS58.sb.117_sub_2022_IncS_CWRU.v17.P_3d_r1_COMS58_k141_1820274_7	K06178	0.9982	0.6577	*
2022_IncS_CWRU.v17.P_3d_r1_COMS58.sb.117_sub_2022_IncS_CWRU.v17.P_3d_r1_COMS58_k141_443738_1	K15152	0.3126	0.9478	
2022_IncS_CWRU.v17.P_3d_r1_COMS58.sb.117_sub_2022_IncS_CWRU.v17.P_3d_r1_COMS58_k141_443738_2	K07116	0.5411	0.8289	
2022_IncS_CWRU.v17.P_3d_r1_COMS58.sb.117_sub_2022_IncS_CWRU.v17.P_3d_r1_COMS58_k141_443738_3	K01151	0.9962	0.8304	*
2022_IncS_CWRU.v17.P_3d_r1_COMS58.sb.117_sub_2022_IncS_CWRU.v17.P_3d_r1_COMS58_k141_443738_4	K02237	0.4414	0.9807	
2022_IncS_CWRU.v17.P_3d_r1_COMS58.sb.117_sub_2022_IncS_CWRU.v17.P_3d_r1_COMS58_k141_443738_5	K01869	0.9999	0.8784	*
2022_IncS_CWRU.v17.P_3d_r1_COMS58.sb.117_sub_2022_IncS_CWRU.v17.P_3d_r1_COMS58_k141_443738_6	K11689	0.4129	0.9715	
2022_IncS_CWRU.v17.P_3d_r1_COMS58.sb.117_sub_2022_IncS_CWRU.v17.P_3d_r1_COMS58_k141_443738_7	K02025	0.7868	0.7008	*
2022_IncS_CWRU.v17.P_3d_r1_COMS58.sb.117_sub_2022_IncS_CWRU.v17.P_3d_r1_COMS58_k141_443738_8	K02067	0.9999	0.9674	*
2022_IncS_CWRU.v17.P_3d_r1_COMS58.sb.117_sub_2022_IncS_CWRU.v17.P_3d_r1_COMS58_k141_443738_9	K00997	1.0	0.8833	*
2022_IncS_CWRU.v17.P_3d_r1_COMS58.sb.117_sub_2022_IncS_CWRU.v17.P_3d_r1_COMS58_k141_443738_10	K04651	0.3295	0.9328	
2022_IncS_CWRU.v17.P_3d_r1_COMS58.sb.117_sub_2022_IncS_CWRU.v17.P_3d_r1_COMS58_k141_443738_11	K06867	0.7404	0.9848	
2022_IncS_CWRU.v17.P_3d_r1_COMS58.sb.117_sub_2022_IncS_CWRU.v17.P_3d_r1_COMS58_k141_2094519_1	K06152	0.4698	0.9767	
2022_IncS_CWRU.v17.P_3d_r1_COMS58.sb.117_sub_2022_IncS_CWRU.v17.P_3d_r1_COMS58_k141_2094519_2	K15865	0.7711	0.8506	
2022_IncS_CWRU.v17.P_3d_r1_COMS58.sb.117_sub_2022_IncS_CWRU.v17.P_3d_r1_COMS58_k141_2094519_3	K01046	0.9998	0.9817	*
2022_IncS_CWRU.v17.P_3d_r1_COMS58.sb.117_sub_2022_IncS_CWRU.v17.P_3d_r1_COMS58_k141_2094519_4	K09992	0.999	0.9668	*
2022_IncS_CWRU.v17.P_3d_r1_COMS58.sb.117_sub_2022_IncS_CWRU.v17.P_3d_r1_COMS58_k141_2094519_5	K08224	0.6046	0.9776	
2022_IncS_CWRU.v17.P_3d_r1_COMS58.sb.117_sub_2022_IncS_CWRU.v17.P_3d_r1_COMS58_k141_2094519_6	K18918	0.9804	0.914	*
2022_IncS_CWRU.v17.P_3d_r1_COMS58.sb.117_sub_2022_IncS_CWRU.v17.P_3d_r1_COMS58_k141_2094519_7	K06218	0.998	0.9677	*
2022_IncS_CWRU.v17.P_3d_r1_COMS58.sb.117_sub_2022_IncS_CWRU.v17.P_3d_r1_COMS58_k141_2094519_8	K02945	0.9999	0.8247	*
2022_IncS_CWRU.v17.P_3d_r1_COMS58.sb.117_sub_2022_IncS_CWRU.v17.P_3d_r1_COMS58_k141_1821049_1	K01515	0.19	0.914	
2022_IncS_CWRU.v17.P_3d_r1_COMS58.sb.117_sub_2022_IncS_CWRU.v17.P_3d_r1_COMS58_k141_1821049_2	K21498	0.9969	0.9324	*
2022_IncS_CWRU.v17.P_3d_r1_COMS58.sb.117_sub_2022_IncS_CWRU.v17.P_3d_r1_COMS58_k141_1821049_3	K21232	0.5202	0.8772	
2022_IncS_CWRU.v17.P_3d_r1_COMS58.sb.117_sub_2022_IncS_CWRU.v17.P_3d_r1_COMS58_k141_1821049_4	K01082	0.8279	0.778	*
2022_IncS_CWRU.v17.P_3d_r1_COMS58.sb.117_sub_2022_IncS_CWRU.v17.P_3d_r1_COMS58_k141_1821049_5	K07114	0.9975	0.9793	*
2022_IncS_CWRU.v17.P_3d_r1_COMS58.sb.117_sub_2022_IncS_CWRU.v17.P_3d_r1_COMS58_k141_1821049_6	K02715	0.9079	0.9596	
2022_IncS_CWRU.v17.P_3d_r1_COMS58.sb.117_sub_2022_IncS_CWRU.v17.P_3d_r1_COMS58_k141_1821049_7	K03498	0.34	0.8717	
2022_IncS_CWRU.v17.P_3d_r1_COMS58.sb.117_sub_2022_IncS_CWRU.v17.P_3d_r1_COMS58_k141_1549240_1	K15383	0.5342	0.973	
2022_IncS_CWRU.v17.P_3d_r1_COMS58.sb.117_sub_2022_IncS_CWRU.v17.P_3d_r1_COMS58_k141_1549240_2	K09794	0.9389	0.958	
2022_IncS_CWRU.v17.P_3d_r1_COMS58.sb.117_sub_2022_IncS_CWRU.v17.P_3d_r1_COMS58_k141_1549240_3	K03789	0.9649	0.9633	*
2022_IncS_CWRU.v17.P_3d_r1_COMS58.sb.117_sub_2022_IncS_CWRU.v17.P_3d_r1_COMS58_k141_1549240_4	K14742	0.9777	0.8077	*
2022_IncS_CWRU.v17.P_3d_r1_COMS58.sb.117_sub_2022_IncS_CWRU.v17.P_3d_r1_COMS58_k141_1549240_5	K01739	0.7057	0.7323	
2022_IncS_CWRU.v17.P_3d_r1_COMS58.sb.117_sub_2022_IncS_CWRU.v17.P_3d_r1_COMS58_k141_1549240_6	K07114	1.0	0.9793	*
2022_IncS_CWRU.v17.P_3d_r1_COMS58.sb.117_sub_2022_IncS_CWRU.v17.P_3d_r1_COMS58_k141_1549240_7	K00764	0.4055	0.8803	
2022_IncS_CWRU.v17.P_3d_r1_COMS58.sb.117_sub_2022_IncS_CWRU.v17.P_3d_r1_COMS58_k141_1549240_8	K01448	0.999	0.9058	*
2022_IncS_CWRU.v17.P_3d_r1_COMS58.sb.117_sub_2022_IncS_CWRU.v17.P_3d_r1_COMS58_k141_1549240_9	K02279	0.9038	0.9338	
2022_IncS_CWRU.v17.P_3d_r1_COMS58.sb.117_sub_2022_IncS_CWRU.v17.P_3d_r1_COMS58_k141_1549240_10	K01776	1.0	0.9226	*
2022_IncS_CWRU.v17.P_3d_r1_COMS58.sb.117_sub_2022_IncS_CWRU.v17.P_3d_r1_COMS58_k141_1549240_11	K00208	0.9996	0.8287	*
2022_IncS_CWRU.v17.P_3d_r1_COMS58.sb.117_sub_2022_IncS_CWRU.v17.P_3d_r1_COMS58_k141_2095012_1	K08906	0.9321	0.8875	*
2022_IncS_CWRU.v17.P_3d_r1_COMS58.sb.117_sub_2022_IncS_CWRU.v17.P_3d_r1_COMS58_k141_2095012_2	K03738	0.7745	0.7586	*
2022_IncS_CWRU.v17.P_3d_r1_COMS58.sb.117_sub_2022_IncS_CWRU.v17.P_3d_r1_COMS58_k141_2095012_3	K07127	0.2646	0.9433	
2022_IncS_CWRU.v17.P_3d_r1_COMS58.sb.117_sub_2022_IncS_CWRU.v17.P_3d_r1_COMS58_k141_2095012_4	K03636	0.7073	0.8704	
2022_IncS_CWRU.v17.P_3d_r1_COMS58.sb.117_sub_2022_IncS_CWRU.v17.P_3d_r1_COMS58_k141_445498_1	K06958	0.512	0.9707	
2022_IncS_CWRU.v17.P_3d_r1_COMS58.sb.117_sub_2022_IncS_CWRU.v17.P_3d_r1_COMS58_k141_445498_2	K07483	0.2141	0.9439	
2022_IncS_CWRU.v17.P_3d_r1_COMS58.sb.117_sub_2022_IncS_CWRU.v17.P_3d_r1_COMS58_k141_445498_3	K08998	0.3607	0.9628	
2022_IncS_CWRU.v17.P_3d_r1_COMS58.sb.117_sub_2022_IncS_CWRU.v17.P_3d_r1_COMS58_k141_445498_4	K02100	0.7758	0.8974	
2022_IncS_CWRU.v17.P_3d_r1_COMS58.sb.117_sub_2022_IncS_CWRU.v17.P_3d_r1_COMS58_k141_445498_5	K01439	0.4685	0.8672	
2022_IncS_CWRU.v17.P_3d_r1_COMS58.sb.117_sub_2022_IncS_CWRU.v17.P_3d_r1_COMS58_k141_445498_6	K04069	0.9991	0.9069	*
2022_IncS_CWRU.v17.P_3d_r1_COMS58.sb.117_sub_2022_IncS_CWRU.v17.P_3d_r1_COMS58_k141_445498_7	K06990	0.9985	0.9372	*
2022_IncS_CWRU.v17.P_3d_r1_COMS58.sb.117_sub_2022_IncS_CWRU.v17.P_3d_r1_COMS58_k141_445498_8	K02300	0.5492	0.9199	
2022_IncS_CWRU.v17.P_3d_r1_COMS58.sb.117_sub_2022_IncS_CWRU.v17.P_3d_r1_COMS58_k141_445498_9	K00797	0.9742	0.9588	*
2022_IncS_CWRU.v17.P_3d_r1_COMS58.sb.117_sub_2022_IncS_CWRU.v17.P_3d_r1_COMS58_k141_447154_1	K21703	0.1198	0.9448	
2022_IncS_CWRU.v17.P_3d_r1_COMS58.sb.117_sub_2022_IncS_CWRU.v17.P_3d_r1_COMS58_k141_447154_2	K02896	0.6638	0.9363	
2022_IncS_CWRU.v17.P_3d_r1_COMS58.sb.117_sub_2022_IncS_CWRU.v17.P_3d_r1_COMS58_k141_447154_3	K07483	0.1796	0.9439	
2022_IncS_CWRU.v17.P_3d_r1_COMS58.sb.117_sub_2022_IncS_CWRU.v17.P_3d_r1_COMS58_k141_447154_4	K00748	0.3106	0.9411	
2022_IncS_CWRU.v17.P_3d_r1_COMS58.sb.117_sub_2022_IncS_CWRU.v17.P_3d_r1_COMS58_k141_447154_5	K06409	0.5617	0.9573	
2022_IncS_CWRU.v17.P_3d_r1_COMS58.sb.117_sub_2022_IncS_CWRU.v17.P_3d_r1_COMS58_k141_447154_6	K07126	0.7881	0.9766	
2022_IncS_CWRU.v17.P_3d_r1_COMS58.sb.117_sub_2022_IncS_CWRU.v17.P_3d_r1_COMS58_k141_447154_7	K09815	0.256	0.861	
2022_IncS_CWRU.v17.P_3d_r1_COMS58.sb.117_sub_2022_IncS_CWRU.v17.P_3d_r1_COMS58_k141_447154_8	K09971	0.5279	0.8935	
2022_IncS_CWRU.v17.P_3d_r1_COMS58.sb.117_sub_2022_IncS_CWRU.v17.P_3d_r1_COMS58_k141_447154_9	K07714	0.2867	0.5927	
2022_IncS_CWRU.v17.P_3d_r1_COMS58.sb.117_sub_2022_IncS_CWRU.v17.P_3d_r1_COMS58_k141_447154_10	K01991	0.9986	0.8761	*
2022_IncS_CWRU.v17.P_3d_r1_COMS58.sb.117_sub_2022_IncS_CWRU.v17.P_3d_r1_COMS58_k141_447154_11	K02014	0.47	0.9106	
2022_IncS_CWRU.v17.P_3d_r1_COMS58.sb.117_sub_2022_IncS_CWRU.v17.P_3d_r1_COMS58_k141_447154_12	K25590	0.9623	0.9627	
2022_IncS_CWRU.v17.P_3d_r1_COMS58.sb.117_sub_2022_IncS_CWRU.v17.P_3d_r1_COMS58_k141_447154_13	K06921	0.3959	0.9455	
2022_IncS_CWRU.v17.P_3d_r1_COMS58.sb.117_sub_2022_IncS_CWRU.v17.P_3d_r1_COMS58_k141_447154_14	K00903	0.9998	0.9031	*
2022_IncS_CWRU.v17.P_3d_r1_COMS58.sb.117_sub_2022_IncS_CWRU.v17.P_3d_r1_COMS58_k141_447154_15	K10716	0.9337	0.9526	
2022_IncS_CWRU.v17.P_3d_r1_COMS58.sb.117_sub_2022_IncS_CWRU.v17.P_3d_r1_COMS58_k141_447622_1	K02196	0.0728	0.992	
2022_IncS_CWRU.v17.P_3d_r1_COMS58.sb.117_sub_2022_IncS_CWRU.v17.P_3d_r1_COMS58_k141_447622_2	K15977	0.9683	0.992	
2022_IncS_CWRU.v17.P_3d_r1_COMS58.sb.117_sub_2022_IncS_CWRU.v17.P_3d_r1_COMS58_k141_447622_3	K15777	0.9996	0.9585	*
2022_IncS_CWRU.v17.P_3d_r1_COMS58.sb.117_sub_2022_IncS_CWRU.v17.P_3d_r1_COMS58_k141_447622_4	K07112	0.406	0.9821	
2022_IncS_CWRU.v17.P_3d_r1_COMS58.sb.117_sub_2022_IncS_CWRU.v17.P_3d_r1_COMS58_k141_447622_5	K03088	0.9983	0.9501	*
2022_IncS_CWRU.v17.P_3d_r1_COMS58.sb.117_sub_2022_IncS_CWRU.v17.P_3d_r1_COMS58_k141_447622_6	K09928	0.5719	0.9871	
2022_IncS_CWRU.v17.P_3d_r1_COMS58.sb.117_sub_2022_IncS_CWRU.v17.P_3d_r1_COMS58_k141_447622_7	K18843	0.1331	0.9913	
2022_IncS_CWRU.v17.P_3d_r1_COMS58.sb.117_sub_2022_IncS_CWRU.v17.P_3d_r1_COMS58_k141_447622_8	K00766	1.0	0.911	*
2022_IncS_CWRU.v17.P_3d_r1_COMS58.sb.117_sub_2022_IncS_CWRU.v17.P_3d_r1_COMS58_k141_447622_9	K01903	0.9974	0.7891	*
2022_IncS_CWRU.v17.P_3d_r1_COMS58.sb.117_sub_2022_IncS_CWRU.v17.P_3d_r1_COMS58_k141_447622_10	K01902	0.9999	0.7956	*
2022_IncS_CWRU.v17.P_3d_r1_COMS58.sb.117_sub_2022_IncS_CWRU.v17.P_3d_r1_COMS58_k141_447622_11	K02913	0.1527	0.9638	
2022_IncS_CWRU.v17.P_3d_r1_COMS58.sb.117_sub_2022_IncS_CWRU.v17.P_3d_r1_COMS58_k141_447622_12	K07386	0.9752	0.9353	*
2022_IncS_CWRU.v17.P_3d_r1_COMS58.sb.117_sub_2022_IncS_CWRU.v17.P_3d_r1_COMS58_k141_447622_13	K00571	0.8753	0.8525	*
2022_IncS_CWRU.v17.P_3d_r1_COMS58.sb.117_sub_2022_IncS_CWRU.v17.P_3d_r1_COMS58_k141_1554439_1	K01703	0.9999	0.7906	*
2022_IncS_CWRU.v17.P_3d_r1_COMS58.sb.117_sub_2022_IncS_CWRU.v17.P_3d_r1_COMS58_k141_1554439_2	K01704	1.0	0.7785	*
2022_IncS_CWRU.v17.P_3d_r1_COMS58.sb.117_sub_2022_IncS_CWRU.v17.P_3d_r1_COMS58_k141_1554439_3	K01687	1.0	0.9652	*
2022_IncS_CWRU.v17.P_3d_r1_COMS58.sb.117_sub_2022_IncS_CWRU.v17.P_3d_r1_COMS58_k141_1554439_4	K01652	0.9995	0.838	*
2022_IncS_CWRU.v17.P_3d_r1_COMS58.sb.117_sub_2022_IncS_CWRU.v17.P_3d_r1_COMS58_k141_1554439_5	K01653	0.9998	0.8646	*
2022_IncS_CWRU.v17.P_3d_r1_COMS58.sb.117_sub_2022_IncS_CWRU.v17.P_3d_r1_COMS58_k141_1554439_6	K00053	1.0	0.7981	*
2022_IncS_CWRU.v17.P_3d_r1_COMS58.sb.117_sub_2022_IncS_CWRU.v17.P_3d_r1_COMS58_k141_1554439_7	K07079	0.9999	0.8409	*
2022_IncS_CWRU.v17.P_3d_r1_COMS58.sb.117_sub_2022_IncS_CWRU.v17.P_3d_r1_COMS58_k141_1554439_8	K04758	0.863	0.9092	
2022_IncS_CWRU.v17.P_3d_r1_COMS58.sb.117_sub_2022_IncS_CWRU.v17.P_3d_r1_COMS58_k141_1554439_9	K04759	1.0	0.904	*
2022_IncS_CWRU.v17.P_3d_r1_COMS58.sb.117_sub_2022_IncS_CWRU.v17.P_3d_r1_COMS58_k141_1554439_10	K02784	0.1782	0.8869	
2022_IncS_CWRU.v17.P_3d_r1_COMS58.sb.117_sub_2022_IncS_CWRU.v17.P_3d_r1_COMS58_k141_1554439_11	K00970	0.4958	0.7899	
2022_IncS_CWRU.v17.P_3d_r1_COMS58.sb.117_sub_2022_IncS_CWRU.v17.P_3d_r1_COMS58_k141_1554439_12	K02860	0.5217	0.8399	
2022_IncS_CWRU.v17.P_3d_r1_COMS58.sb.117_sub_2022_IncS_CWRU.v17.P_3d_r1_COMS58_k141_1554439_13	K02536	1.0	0.9873	*
2022_IncS_CWRU.v17.P_3d_r1_COMS58.sb.117_sub_2022_IncS_CWRU.v17.P_3d_r1_COMS58_k141_1554439_14	K09796	0.7547	0.9827	
2022_IncS_CWRU.v17.P_3d_r1_COMS58.sb.117_sub_2022_IncS_CWRU.v17.P_3d_r1_COMS58_k141_1554439_15	K21084	0.4526	0.9956	
2022_IncS_CWRU.v17.P_3d_r1_COMS58.sb.117_sub_2022_IncS_CWRU.v17.P_3d_r1_COMS58_k141_1554439_16	K09775	0.0839	0.9818	
2022_IncS_CWRU.v17.P_3d_r1_COMS58.sb.117_sub_2022_IncS_CWRU.v17.P_3d_r1_COMS58_k141_721744_1	K02635	0.6395	0.8428	
2022_IncS_CWRU.v17.P_3d_r1_COMS58.sb.117_sub_2022_IncS_CWRU.v17.P_3d_r1_COMS58_k141_721744_2	K00615	0.9991	0.8909	*
2022_IncS_CWRU.v17.P_3d_r1_COMS58.sb.117_sub_2022_IncS_CWRU.v17.P_3d_r1_COMS58_k141_721744_3	K00812	0.7516	0.8913	
2022_IncS_CWRU.v17.P_3d_r1_COMS58.sb.117_sub_2022_IncS_CWRU.v17.P_3d_r1_COMS58_k141_721744_4	K03719	0.9972	0.88	*
2022_IncS_CWRU.v17.P_3d_r1_COMS58.sb.117_sub_2022_IncS_CWRU.v17.P_3d_r1_COMS58_k141_721744_5	K03592	0.8508	0.9302	
2022_IncS_CWRU.v17.P_3d_r1_COMS58.sb.117_sub_2022_IncS_CWRU.v17.P_3d_r1_COMS58_k141_1556493_1	K00948	1.0	0.9129	*
2022_IncS_CWRU.v17.P_3d_r1_COMS58.sb.117_sub_2022_IncS_CWRU.v17.P_3d_r1_COMS58_k141_1556493_2	K02897	1.0	0.8633	*
2022_IncS_CWRU.v17.P_3d_r1_COMS58.sb.117_sub_2022_IncS_CWRU.v17.P_3d_r1_COMS58_k141_1556493_3	K01056	0.9538	0.7228	*
2022_IncS_CWRU.v17.P_3d_r1_COMS58.sb.117_sub_2022_IncS_CWRU.v17.P_3d_r1_COMS58_k141_1556493_4	K02990	0.9964	0.861	*
2022_IncS_CWRU.v17.P_3d_r1_COMS58.sb.117_sub_2022_IncS_CWRU.v17.P_3d_r1_COMS58_k141_1556493_5	K02963	0.9994	0.8809	*
2022_IncS_CWRU.v17.P_3d_r1_COMS58.sb.117_sub_2022_IncS_CWRU.v17.P_3d_r1_COMS58_k141_1556493_6	K02939	0.9976	0.8062	*
2022_IncS_CWRU.v17.P_3d_r1_COMS58.sb.117_sub_2022_IncS_CWRU.v17.P_3d_r1_COMS58_k141_1556493_7	K07064	0.1966	0.7126	
2022_IncS_CWRU.v17.P_3d_r1_COMS58.sb.117_sub_2022_IncS_CWRU.v17.P_3d_r1_COMS58_k141_1556493_8	K28280	0.4562	0.9348	
2022_IncS_CWRU.v17.P_3d_r1_COMS58.sb.117_sub_2022_IncS_CWRU.v17.P_3d_r1_COMS58_k141_1556493_9	K12132	0.2567	0.9474	
2022_IncS_CWRU.v17.P_3d_r1_COMS58.sb.117_sub_2022_IncS_CWRU.v17.P_3d_r1_COMS58_k141_1556493_10	K22304	0.2499	0.9663	
2022_IncS_CWRU.v17.P_3d_r1_COMS58.sb.117_sub_2022_IncS_CWRU.v17.P_3d_r1_COMS58_k141_1830765_1	K09903	0.7739	0.8145	
2022_IncS_CWRU.v17.P_3d_r1_COMS58.sb.117_sub_2022_IncS_CWRU.v17.P_3d_r1_COMS58_k141_1830765_2	K03767	0.8552	0.8182	*
2022_IncS_CWRU.v17.P_3d_r1_COMS58.sb.117_sub_2022_IncS_CWRU.v17.P_3d_r1_COMS58_k141_1830765_3	K01992	0.166	0.9181	
2022_IncS_CWRU.v17.P_3d_r1_COMS58.sb.117_sub_2022_IncS_CWRU.v17.P_3d_r1_COMS58_k141_1830765_4	K02357	0.9733	0.8971	*
2022_IncS_CWRU.v17.P_3d_r1_COMS58.sb.117_sub_2022_IncS_CWRU.v17.P_3d_r1_COMS58_k141_2104672_1	K03809	0.4991	0.9004	
2022_IncS_CWRU.v17.P_3d_r1_COMS58.sb.117_sub_2022_IncS_CWRU.v17.P_3d_r1_COMS58_k141_2104672_2	K07274	0.3126	0.9395	
2022_IncS_CWRU.v17.P_3d_r1_COMS58.sb.117_sub_2022_IncS_CWRU.v17.P_3d_r1_COMS58_k141_2104672_3	K02197	0.7419	0.9695	
2022_IncS_CWRU.v17.P_3d_r1_COMS58.sb.117_sub_2022_IncS_CWRU.v17.P_3d_r1_COMS58_k141_2104672_4	K06076	0.9603	0.9883	
2022_IncS_CWRU.v17.P_3d_r1_COMS58.sb.117_sub_2022_IncS_CWRU.v17.P_3d_r1_COMS58_k141_2104672_5	K02298	0.2441	0.717	
2022_IncS_CWRU.v17.P_3d_r1_COMS58.sb.117_sub_2022_IncS_CWRU.v17.P_3d_r1_COMS58_k141_2104672_6	K02636	0.9102	0.983	
2022_IncS_CWRU.v17.P_3d_r1_COMS58.sb.117_sub_2022_IncS_CWRU.v17.P_3d_r1_COMS58_k141_2104672_7	K00065	0.9782	0.9495	*
2022_IncS_CWRU.v17.P_3d_r1_COMS58.sb.117_sub_2022_IncS_CWRU.v17.P_3d_r1_COMS58_k141_2104672_8	K23765	0.1289	0.727	
2022_IncS_CWRU.v17.P_3d_r1_COMS58.sb.117_sub_2022_IncS_CWRU.v17.P_3d_r1_COMS58_k141_2104672_9	K00412	0.7638	0.9195	
2022_IncS_CWRU.v17.P_3d_r1_COMS58.sb.117_sub_2022_IncS_CWRU.v17.P_3d_r1_COMS58_k141_2104672_10	K15862	0.7495	0.9839	
2022_IncS_CWRU.v17.P_3d_r1_COMS58.sb.117_sub_2022_IncS_CWRU.v17.P_3d_r1_COMS58_k141_2104672_11	K04488	0.7338	0.8737	
2022_IncS_CWRU.v17.P_3d_r1_COMS58.sb.117_sub_2022_IncS_CWRU.v17.P_3d_r1_COMS58_k141_2104672_12	K03673	0.8816	0.9965	
2022_IncS_CWRU.v17.P_3d_r1_COMS58.sb.117_sub_2022_IncS_CWRU.v17.P_3d_r1_COMS58_k141_2104672_13	K22227	0.8049	0.9497	
2022_IncS_CWRU.v17.P_3d_r1_COMS58.sb.117_sub_2022_IncS_CWRU.v17.P_3d_r1_COMS58_k141_2104672_14	K07491	0.7394	0.9251	
2022_IncS_CWRU.v17.P_3d_r1_COMS58.sb.117_sub_2022_IncS_CWRU.v17.P_3d_r1_COMS58_k141_2104672_15	K07483	0.2162	0.9439	
2022_IncS_CWRU.v17.P_3d_r1_COMS58.sb.117_sub_2022_IncS_CWRU.v17.P_3d_r1_COMS58_k141_2104672_16	K01649	0.9992	0.8514	*
2022_IncS_CWRU.v17.P_3d_r1_COMS58.sb.117_sub_2022_IncS_CWRU.v17.P_3d_r1_COMS58_k141_2104672_17	K04771	0.6589	0.941	
2022_IncS_CWRU.v17.P_3d_r1_COMS58.sb.117_sub_2022_IncS_CWRU.v17.P_3d_r1_COMS58_k141_2104672_18	K02200	0.8385	0.9733	
2022_IncS_CWRU.v17.P_3d_r1_COMS58.sb.117_sub_2022_IncS_CWRU.v17.P_3d_r1_COMS58_k141_2104672_19	K03088	0.903	0.9501	
2022_IncS_CWRU.v17.P_3d_r1_COMS58.sb.117_sub_2022_IncS_CWRU.v17.P_3d_r1_COMS58_k141_2104672_20	K03469	0.9956	0.9369	*
2022_IncS_CWRU.v17.P_3d_r1_COMS58.sb.117_sub_2022_IncS_CWRU.v17.P_3d_r1_COMS58_k141_2104672_21	K07729	0.918	0.9744	
2022_IncS_CWRU.v17.P_3d_r1_COMS58.sb.117_sub_2022_IncS_CWRU.v17.P_3d_r1_COMS58_k141_2104672_22	K07304	0.2005	0.893	
2022_IncS_CWRU.v17.P_3d_r1_COMS58.sb.117_sub_2022_IncS_CWRU.v17.P_3d_r1_COMS58_k141_1559178_1	K03530	0.5363	0.828	
2022_IncS_CWRU.v17.P_3d_r1_COMS58.sb.117_sub_2022_IncS_CWRU.v17.P_3d_r1_COMS58_k141_1559178_2	K14623	0.3694	0.9262	
2022_IncS_CWRU.v17.P_3d_r1_COMS58.sb.117_sub_2022_IncS_CWRU.v17.P_3d_r1_COMS58_k141_1559178_3	K05020	0.3429	0.8706	
2022_IncS_CWRU.v17.P_3d_r1_COMS58.sb.117_sub_2022_IncS_CWRU.v17.P_3d_r1_COMS58_k141_1559178_4	K04066	1.0	0.9328	*
2022_IncS_CWRU.v17.P_3d_r1_COMS58.sb.117_sub_2022_IncS_CWRU.v17.P_3d_r1_COMS58_k141_1559178_5	K09803	0.9474	0.9726	
2022_IncS_CWRU.v17.P_3d_r1_COMS58.sb.117_sub_2022_IncS_CWRU.v17.P_3d_r1_COMS58_k141_1559178_6	K04093	0.3501	0.9077	
2022_IncS_CWRU.v17.P_3d_r1_COMS58.sb.117_sub_2022_IncS_CWRU.v17.P_3d_r1_COMS58_k141_1559178_7	K00886	1.0	0.8341	*
2022_IncS_CWRU.v17.P_3d_r1_COMS58.sb.117_sub_2022_IncS_CWRU.v17.P_3d_r1_COMS58_k141_1559443_1	K26003	0.1721	0.9496	
2022_IncS_CWRU.v17.P_3d_r1_COMS58.sb.117_sub_2022_IncS_CWRU.v17.P_3d_r1_COMS58_k141_1559443_2	K02112	0.9534	0.831	*
2022_IncS_CWRU.v17.P_3d_r1_COMS58.sb.117_sub_2022_IncS_CWRU.v17.P_3d_r1_COMS58_k141_1559443_3	K02114	0.995	0.9005	*
2022_IncS_CWRU.v17.P_3d_r1_COMS58.sb.117_sub_2022_IncS_CWRU.v17.P_3d_r1_COMS58_k141_1559443_4	K14475	0.9939	0.9747	*
2022_IncS_CWRU.v17.P_3d_r1_COMS58.sb.117_sub_2022_IncS_CWRU.v17.P_3d_r1_COMS58_k141_1559443_5	K07065	0.4206	0.8647	
2022_IncS_CWRU.v17.P_3d_r1_COMS58.sb.117_sub_2022_IncS_CWRU.v17.P_3d_r1_COMS58_k141_1559443_6	K07497	0.0813	0.9505	
2022_IncS_CWRU.v17.P_3d_r1_COMS58.sb.117_sub_2022_IncS_CWRU.v17.P_3d_r1_COMS58_k141_1559443_7	K04755	0.2626	0.9095	
2022_IncS_CWRU.v17.P_3d_r1_COMS58.sb.117_sub_2022_IncS_CWRU.v17.P_3d_r1_COMS58_k141_1559443_8	K02114	0.2588	0.9005	
2022_IncS_CWRU.v17.P_3d_r1_COMS58.sb.117_sub_2022_IncS_CWRU.v17.P_3d_r1_COMS58_k141_1559443_9	K05275	0.9999	0.9923	*
2022_IncS_CWRU.v17.P_3d_r1_COMS58.sb.117_sub_2022_IncS_CWRU.v17.P_3d_r1_COMS58_k141_1559443_10	K00795	0.8255	0.7433	*
2022_IncS_CWRU.v17.P_3d_r1_COMS58.sb.117_sub_2022_IncS_CWRU.v17.P_3d_r1_COMS58_k141_1559443_11	K05499	0.5034	0.5377	
2022_IncS_CWRU.v17.P_3d_r1_COMS58.sb.117_sub_2022_IncS_CWRU.v17.P_3d_r1_COMS58_k141_1559443_12	K01434	0.9998	0.8903	*
2022_IncS_CWRU.v17.P_3d_r1_COMS58.sb.117_sub_2022_IncS_CWRU.v17.P_3d_r1_COMS58_k141_1559443_13	K00215	1.0	0.908	*
2022_IncS_CWRU.v17.P_3d_r1_COMS58.sb.117_sub_2022_IncS_CWRU.v17.P_3d_r1_COMS58_k141_1559443_14	K03832	0.8318	0.9754	
2022_IncS_CWRU.v17.P_3d_r1_COMS58.sb.117_sub_2022_IncS_CWRU.v17.P_3d_r1_COMS58_k141_1559443_15	K00928	0.1661	0.8157	
2022_IncS_CWRU.v17.P_3d_r1_COMS58.sb.117_sub_2022_IncS_CWRU.v17.P_3d_r1_COMS58_k141_1832973_1	K07172	0.6983	0.8573	
2022_IncS_CWRU.v17.P_3d_r1_COMS58.sb.117_sub_2022_IncS_CWRU.v17.P_3d_r1_COMS58_k141_1832973_2	K08984	0.6376	0.9907	
2022_IncS_CWRU.v17.P_3d_r1_COMS58.sb.117_sub_2022_IncS_CWRU.v17.P_3d_r1_COMS58_k141_1832973_3	K00620	0.9996	0.6845	*
2022_IncS_CWRU.v17.P_3d_r1_COMS58.sb.117_sub_2022_IncS_CWRU.v17.P_3d_r1_COMS58_k141_1832973_4	K07345	0.7547	0.9603	
2022_IncS_CWRU.v17.P_3d_r1_COMS58.sb.117_sub_2022_IncS_CWRU.v17.P_3d_r1_COMS58_k141_182488_1	K06218	0.8775	0.9677	
2022_IncS_CWRU.v17.P_3d_r1_COMS58.sb.117_sub_2022_IncS_CWRU.v17.P_3d_r1_COMS58_k141_182488_2	K18918	0.9861	0.914	*
2022_IncS_CWRU.v17.P_3d_r1_COMS58.sb.117_sub_2022_IncS_CWRU.v17.P_3d_r1_COMS58_k141_182488_3	K08151	0.3946	0.9817	
2022_IncS_CWRU.v17.P_3d_r1_COMS58.sb.117_sub_2022_IncS_CWRU.v17.P_3d_r1_COMS58_k141_182488_4	K09992	0.9978	0.9668	*
2022_IncS_CWRU.v17.P_3d_r1_COMS58.sb.117_sub_2022_IncS_CWRU.v17.P_3d_r1_COMS58_k141_182488_5	K15865	0.9809	0.8506	*
2022_IncS_CWRU.v17.P_3d_r1_COMS58.sb.117_sub_2022_IncS_CWRU.v17.P_3d_r1_COMS58_k141_182488_6	K19686	0.9952	0.9228	*
2022_IncS_CWRU.v17.P_3d_r1_COMS58.sb.117_sub_2022_IncS_CWRU.v17.P_3d_r1_COMS58_k141_182488_7	K19687	0.6109	0.7441	
2022_IncS_CWRU.v17.P_3d_r1_COMS58.sb.117_sub_2022_IncS_CWRU.v17.P_3d_r1_COMS58_k141_182488_8	K19687	0.7557	0.7441	*
2022_IncS_CWRU.v17.P_3d_r1_COMS58.sb.117_sub_2022_IncS_CWRU.v17.P_3d_r1_COMS58_k141_1837196_1	K05540	0.9942	0.9902	*
2022_IncS_CWRU.v17.P_3d_r1_COMS58.sb.117_sub_2022_IncS_CWRU.v17.P_3d_r1_COMS58_k141_1837196_2	K00626	0.9994	0.9019	*
2022_IncS_CWRU.v17.P_3d_r1_COMS58.sb.117_sub_2022_IncS_CWRU.v17.P_3d_r1_COMS58_k141_1837196_3	K20074	0.9997	0.9518	*
2022_IncS_CWRU.v17.P_3d_r1_COMS58.sb.117_sub_2022_IncS_CWRU.v17.P_3d_r1_COMS58_k141_1837196_4	K01990	0.8811	0.816	*
2022_IncS_CWRU.v17.P_3d_r1_COMS58.sb.117_sub_2022_IncS_CWRU.v17.P_3d_r1_COMS58_k141_1837196_5	K01992	0.9592	0.9181	*
2022_IncS_CWRU.v17.P_3d_r1_COMS58.sb.117_sub_2022_IncS_CWRU.v17.P_3d_r1_COMS58_k141_1837196_6	K07004	0.4368	0.8693	
2022_IncS_CWRU.v17.P_3d_r1_COMS58.sb.117_sub_2022_IncS_CWRU.v17.P_3d_r1_COMS58_k141_1837196_7	K26960	0.9931	0.5027	*
2022_IncS_CWRU.v17.P_3d_r1_COMS58.sb.117_sub_2022_IncS_CWRU.v17.P_3d_r1_COMS58_k141_1837196_8	K03060	0.423	0.9109	
2022_IncS_CWRU.v17.P_3d_r1_COMS58.sb.117_sub_2022_IncS_CWRU.v17.P_3d_r1_COMS58_k141_1837196_9	K19686	0.9841	0.9228	*
2022_IncS_CWRU.v17.P_3d_r1_COMS58.sb.117_sub_2022_IncS_CWRU.v17.P_3d_r1_COMS58_k141_1837196_10	K21449	0.3506	0.9892	
2022_IncS_CWRU.v17.P_3d_r1_COMS58.sb.117_sub_2022_IncS_CWRU.v17.P_3d_r1_COMS58_k141_1837196_11	K18244	0.7172	0.7842	
2022_IncS_CWRU.v17.P_3d_r1_COMS58.sb.117_sub_2022_IncS_CWRU.v17.P_3d_r1_COMS58_k141_1837196_12	K03297	0.4677	0.9395	
2022_IncS_CWRU.v17.P_3d_r1_COMS58.sb.117_sub_2022_IncS_CWRU.v17.P_3d_r1_COMS58_k141_1837196_13	K15579	0.1926	0.7802	
2022_IncS_CWRU.v17.P_3d_r1_COMS58.sb.117_sub_2022_IncS_CWRU.v17.P_3d_r1_COMS58_k141_2115470_1	K07497	0.1677	0.9505	
2022_IncS_CWRU.v17.P_3d_r1_COMS58.sb.117_sub_2022_IncS_CWRU.v17.P_3d_r1_COMS58_k141_2115470_2	K19164	0.7856	0.9088	
2022_IncS_CWRU.v17.P_3d_r1_COMS58.sb.117_sub_2022_IncS_CWRU.v17.P_3d_r1_COMS58_k141_2115470_3	K21575	0.9996	0.846	*
2022_IncS_CWRU.v17.P_3d_r1_COMS58.sb.117_sub_2022_IncS_CWRU.v17.P_3d_r1_COMS58_k141_2115470_4	K03641	0.9947	0.9853	*
2022_IncS_CWRU.v17.P_3d_r1_COMS58.sb.117_sub_2022_IncS_CWRU.v17.P_3d_r1_COMS58_k141_2115470_5	K00705	0.9977	0.8718	*
2022_IncS_CWRU.v17.P_3d_r1_COMS58.sb.117_sub_2022_IncS_CWRU.v17.P_3d_r1_COMS58_k141_2115470_6	K16211	0.9769	0.8769	*
2022_IncS_CWRU.v17.P_3d_r1_COMS58.sb.117_sub_2022_IncS_CWRU.v17.P_3d_r1_COMS58_k141_2115470_7	K17362	0.0376	0.9658	
2022_IncS_CWRU.v17.P_3d_r1_COMS58.sb.117_sub_2022_IncS_CWRU.v17.P_3d_r1_COMS58_k141_1844053_1	K09125	0.1449	0.9076	
2022_IncS_CWRU.v17.P_3d_r1_COMS58.sb.117_sub_2022_IncS_CWRU.v17.P_3d_r1_COMS58_k141_1844053_2	K03529	1.0	0.9515	*
2022_IncS_CWRU.v17.P_3d_r1_COMS58.sb.117_sub_2022_IncS_CWRU.v17.P_3d_r1_COMS58_k141_1844053_3	K03185	0.5144	0.9143	
2022_IncS_CWRU.v17.P_3d_r1_COMS58.sb.117_sub_2022_IncS_CWRU.v17.P_3d_r1_COMS58_k141_1844053_4	K01988	0.4443	0.8581	
2022_IncS_CWRU.v17.P_3d_r1_COMS58.sb.117_sub_2022_IncS_CWRU.v17.P_3d_r1_COMS58_k141_1844053_5	K16167	0.7528	0.9895	
2022_IncS_CWRU.v17.P_3d_r1_COMS58.sb.117_sub_2022_IncS_CWRU.v17.P_3d_r1_COMS58_k141_1844053_6	K07025	0.7384	0.8331	
2022_IncS_CWRU.v17.P_3d_r1_COMS58.sb.117_sub_2022_IncS_CWRU.v17.P_3d_r1_COMS58_k141_1844053_7	K00812	0.8097	0.8913	
2022_IncS_CWRU.v17.P_3d_r1_COMS58.sb.117_sub_2022_IncS_CWRU.v17.P_3d_r1_COMS58_k141_1844053_8	K03530	0.4474	0.828	
2022_IncS_CWRU.v17.P_3d_r1_COMS58.sb.117_sub_2022_IncS_CWRU.v17.P_3d_r1_COMS58_k141_1844053_9	K07800	0.4838	0.9743	
2022_IncS_CWRU.v17.P_3d_r1_COMS58.sb.117_sub_2022_IncS_CWRU.v17.P_3d_r1_COMS58_k141_1300790_1	K13280	0.1056	0.9713	
2022_IncS_CWRU.v17.P_3d_r1_COMS58.sb.117_sub_2022_IncS_CWRU.v17.P_3d_r1_COMS58_k141_1300790_2	K02014	0.9151	0.9106	*
2022_IncS_CWRU.v17.P_3d_r1_COMS58.sb.117_sub_2022_IncS_CWRU.v17.P_3d_r1_COMS58_k141_1300790_3	K03634	0.2499	0.979	
2022_IncS_CWRU.v17.P_3d_r1_COMS58.sb.117_sub_2022_IncS_CWRU.v17.P_3d_r1_COMS58_k141_1300790_4	K20966	0.738	0.9887	
2022_IncS_CWRU.v17.P_3d_r1_COMS58.sb.117_sub_2022_IncS_CWRU.v17.P_3d_r1_COMS58_k141_1300790_5	K03075	0.9999	0.983	*
2022_IncS_CWRU.v17.P_3d_r1_COMS58.sb.117_sub_2022_IncS_CWRU.v17.P_3d_r1_COMS58_k141_198023_1	K00891	0.7706	0.8883	
2022_IncS_CWRU.v17.P_3d_r1_COMS58.sb.117_sub_2022_IncS_CWRU.v17.P_3d_r1_COMS58_k141_198023_2	K01990	0.9998	0.816	*
2022_IncS_CWRU.v17.P_3d_r1_COMS58.sb.117_sub_2022_IncS_CWRU.v17.P_3d_r1_COMS58_k141_198023_3	K01992	0.9999	0.9181	*
2022_IncS_CWRU.v17.P_3d_r1_COMS58.sb.117_sub_2022_IncS_CWRU.v17.P_3d_r1_COMS58_k141_198023_4	K23864	0.216	0.9491	
2022_IncS_CWRU.v17.P_3d_r1_COMS58.sb.117_sub_2022_IncS_CWRU.v17.P_3d_r1_COMS58_k141_198023_5	K07568	1.0	0.9074	*
2022_IncS_CWRU.v17.P_3d_r1_COMS58.sb.117_sub_2022_IncS_CWRU.v17.P_3d_r1_COMS58_k141_198023_6	K07304	0.1378	0.893	
2022_IncS_CWRU.v17.P_3d_r1_COMS58.sb.117_sub_2022_IncS_CWRU.v17.P_3d_r1_COMS58_k141_198023_7	K02335	1.0	0.9346	*
2022_IncS_CWRU.v17.P_3d_r1_COMS58.sb.117_sub_2022_IncS_CWRU.v17.P_3d_r1_COMS58_k141_198023_8	K08995	0.6943	0.9905	
2022_IncS_CWRU.v17.P_3d_r1_COMS58.sb.117_sub_2022_IncS_CWRU.v17.P_3d_r1_COMS58_k141_198023_9	K00681	0.0538	0.8976	
2022_IncS_CWRU.v17.P_3d_r1_COMS58.sb.117_sub_2022_IncS_CWRU.v17.P_3d_r1_COMS58_k141_1852782_1	K18843	0.3551	0.9913	
2022_IncS_CWRU.v17.P_3d_r1_COMS58.sb.117_sub_2022_IncS_CWRU.v17.P_3d_r1_COMS58_k141_1852782_2	K01895	1.0	0.8024	*
2022_IncS_CWRU.v17.P_3d_r1_COMS58.sb.117_sub_2022_IncS_CWRU.v17.P_3d_r1_COMS58_k141_1852782_3	K09167	0.8616	0.9944	
2022_IncS_CWRU.v17.P_3d_r1_COMS58.sb.117_sub_2022_IncS_CWRU.v17.P_3d_r1_COMS58_k141_1852782_4	K08307	0.3213	0.9535	
2022_IncS_CWRU.v17.P_3d_r1_COMS58.sb.117_sub_2022_IncS_CWRU.v17.P_3d_r1_COMS58_k141_1852782_5	K00075	0.9982	0.7289	*
2022_IncS_CWRU.v17.P_3d_r1_COMS58.sb.117_sub_2022_IncS_CWRU.v17.P_3d_r1_COMS58_k141_1852782_6	K09791	0.2539	0.9612	
2022_IncS_CWRU.v17.P_3d_r1_COMS58.sb.117_sub_2022_IncS_CWRU.v17.P_3d_r1_COMS58_k141_1852782_7	K03294	0.9999	0.9586	*
2022_IncS_CWRU.v17.P_3d_r1_COMS58.sb.117_sub_2022_IncS_CWRU.v17.P_3d_r1_COMS58_k141_1852782_8	K03294	0.9835	0.9586	*
2022_IncS_CWRU.v17.P_3d_r1_COMS58.sb.117_sub_2022_IncS_CWRU.v17.P_3d_r1_COMS58_k141_1031193_1	K03111	0.1345	0.945	
2022_IncS_CWRU.v17.P_3d_r1_COMS58.sb.117_sub_2022_IncS_CWRU.v17.P_3d_r1_COMS58_k141_1031193_2	K07646	0.9769	0.9519	*
2022_IncS_CWRU.v17.P_3d_r1_COMS58.sb.117_sub_2022_IncS_CWRU.v17.P_3d_r1_COMS58_k141_1031193_3	K07667	0.976	0.9077	*
2022_IncS_CWRU.v17.P_3d_r1_COMS58.sb.117_sub_2022_IncS_CWRU.v17.P_3d_r1_COMS58_k141_1031193_4	K00242	0.7174	0.9286	
2022_IncS_CWRU.v17.P_3d_r1_COMS58.sb.117_sub_2022_IncS_CWRU.v17.P_3d_r1_COMS58_k141_1031193_5	K02718	0.555	0.959	
2022_IncS_CWRU.v17.P_3d_r1_COMS58.sb.117_sub_2022_IncS_CWRU.v17.P_3d_r1_COMS58_k141_1031193_6	K01546	1.0	0.7177	*
2022_IncS_CWRU.v17.P_3d_r1_COMS58.sb.117_sub_2022_IncS_CWRU.v17.P_3d_r1_COMS58_k141_1031193_7	K01547	0.9989	0.6556	*
2022_IncS_CWRU.v17.P_3d_r1_COMS58.sb.117_sub_2022_IncS_CWRU.v17.P_3d_r1_COMS58_k141_1031193_8	K01548	1.0	0.948	*
2022_IncS_CWRU.v17.P_3d_r1_COMS58.sb.117_sub_2022_IncS_CWRU.v17.P_3d_r1_COMS58_k141_1031193_9	K01745	0.992	0.8938	*
2022_IncS_CWRU.v17.P_3d_r1_COMS58.sb.117_sub_2022_IncS_CWRU.v17.P_3d_r1_COMS58_k141_1031193_10	K19048	0.4259	0.8962	
2022_IncS_CWRU.v17.P_3d_r1_COMS58.sb.117_sub_2022_IncS_CWRU.v17.P_3d_r1_COMS58_k141_1031193_11	K14652	1.0	0.8316	*
2022_IncS_CWRU.v17.P_3d_r1_COMS58.sb.117_sub_2022_IncS_CWRU.v17.P_3d_r1_COMS58_k141_1031193_12	K13601	0.1962	0.8864	
2022_IncS_CWRU.v17.P_3d_r1_COMS58.sb.117_sub_2022_IncS_CWRU.v17.P_3d_r1_COMS58_k141_1031193_13	K06147	0.9575	0.8608	*
2022_IncS_CWRU.v17.P_3d_r1_COMS58.sb.117_sub_2022_IncS_CWRU.v17.P_3d_r1_COMS58_k141_1031193_14	K07112	0.2691	0.9821	
2022_IncS_CWRU.v17.P_3d_r1_COMS58.sb.117_sub_2022_IncS_CWRU.v17.P_3d_r1_COMS58_k141_1031193_15	K24915	0.5962	0.9617	
2022_IncS_CWRU.v17.P_3d_r1_COMS58.sb.117_sub_2022_IncS_CWRU.v17.P_3d_r1_COMS58_k141_1031193_16	K12340	0.5678	0.7782	
2022_IncS_CWRU.v17.P_3d_r1_COMS58.sb.117_sub_2022_IncS_CWRU.v17.P_3d_r1_COMS58_k141_2127156_1	K07386	0.734	0.9353	
2022_IncS_CWRU.v17.P_3d_r1_COMS58.sb.117_sub_2022_IncS_CWRU.v17.P_3d_r1_COMS58_k141_2127156_2	K19159	0.8883	0.91	
2022_IncS_CWRU.v17.P_3d_r1_COMS58.sb.117_sub_2022_IncS_CWRU.v17.P_3d_r1_COMS58_k141_2127156_3	K19158	0.9984	0.9123	*
2022_IncS_CWRU.v17.P_3d_r1_COMS58.sb.117_sub_2022_IncS_CWRU.v17.P_3d_r1_COMS58_k141_2127156_4	K20866	0.248	0.7068	
2022_IncS_CWRU.v17.P_3d_r1_COMS58.sb.117_sub_2022_IncS_CWRU.v17.P_3d_r1_COMS58_k141_2127156_5	K01725	0.7258	0.8881	
2022_IncS_CWRU.v17.P_3d_r1_COMS58.sb.117_sub_2022_IncS_CWRU.v17.P_3d_r1_COMS58_k141_2127156_6	K01951	0.9999	0.9574	*
2022_IncS_CWRU.v17.P_3d_r1_COMS58.sb.117_sub_2022_IncS_CWRU.v17.P_3d_r1_COMS58_k141_2127156_7	K06903	0.3515	0.93	
2022_IncS_CWRU.v17.P_3d_r1_COMS58.sb.117_sub_2022_IncS_CWRU.v17.P_3d_r1_COMS58_k141_2127156_8	K12511	0.2915	0.9249	
2022_IncS_CWRU.v17.P_3d_r1_COMS58.sb.117_sub_2022_IncS_CWRU.v17.P_3d_r1_COMS58_k141_2127156_9	K28143	0.9468	0.8511	*
2022_IncS_CWRU.v17.P_3d_r1_COMS58.sb.117_sub_2022_IncS_CWRU.v17.P_3d_r1_COMS58_k141_2127156_10	K03060	0.2314	0.9109	
2022_IncS_CWRU.v17.P_3d_r1_COMS58.sb.117_sub_2022_IncS_CWRU.v17.P_3d_r1_COMS58_k141_2127156_11	K07172	0.8864	0.8573	*
2022_IncS_CWRU.v17.P_3d_r1_COMS58.sb.117_sub_2022_IncS_CWRU.v17.P_3d_r1_COMS58_k141_2127156_12	K19686	0.9302	0.9228	*
2022_IncS_CWRU.v17.P_3d_r1_COMS58.sb.117_sub_2022_IncS_CWRU.v17.P_3d_r1_COMS58_k141_2127156_13	K03286	0.3279	0.9832	
2022_IncS_CWRU.v17.P_3d_r1_COMS58.sb.117_sub_2022_IncS_CWRU.v17.P_3d_r1_COMS58_k141_2127156_14	K01809	0.8934	0.9117	
2022_IncS_CWRU.v17.P_3d_r1_COMS58.sb.117_sub_2022_IncS_CWRU.v17.P_3d_r1_COMS58_k141_2127156_15	K08992	0.3081	0.9917	
2022_IncS_CWRU.v17.P_3d_r1_COMS58.sb.117_sub_2022_IncS_CWRU.v17.P_3d_r1_COMS58_k141_2127156_16	K02195	0.9993	0.9736	*
2022_IncS_CWRU.v17.P_3d_r1_COMS58.sb.117_sub_2022_IncS_CWRU.v17.P_3d_r1_COMS58_k141_2127156_17	K02004	0.9977	0.8778	*
2022_IncS_CWRU.v17.P_3d_r1_COMS58.sb.117_sub_2022_IncS_CWRU.v17.P_3d_r1_COMS58_k141_2127156_18	K01185	0.4036	0.9235	
2022_IncS_CWRU.v17.P_3d_r1_COMS58.sb.117_sub_2022_IncS_CWRU.v17.P_3d_r1_COMS58_k141_2127156_19	K06989	0.2455	0.8295	
2022_IncS_CWRU.v17.P_3d_r1_COMS58.sb.117_sub_2022_IncS_CWRU.v17.P_3d_r1_COMS58_k141_2127156_20	K01053	0.3702	0.9684	
2022_IncS_CWRU.v17.P_3d_r1_COMS58.sb.117_sub_2022_IncS_CWRU.v17.P_3d_r1_COMS58_k141_2127156_21	K00789	1.0	0.853	*
2022_IncS_CWRU.v17.P_3d_r1_COMS58.sb.117_sub_2022_IncS_CWRU.v17.P_3d_r1_COMS58_k141_2127156_22	K03549	0.5165	0.9906	
2022_IncS_CWRU.v17.P_3d_r1_COMS58.sb.117_sub_2022_IncS_CWRU.v17.P_3d_r1_COMS58_k141_2131106_1	K03530	0.1863	0.828	
2022_IncS_CWRU.v17.P_3d_r1_COMS58.sb.117_sub_2022_IncS_CWRU.v17.P_3d_r1_COMS58_k141_2131106_2	K00995	0.9806	0.8617	*
2022_IncS_CWRU.v17.P_3d_r1_COMS58.sb.117_sub_2022_IncS_CWRU.v17.P_3d_r1_COMS58_k141_2131106_3	K02014	0.9009	0.9106	
2022_IncS_CWRU.v17.P_3d_r1_COMS58.sb.117_sub_2022_IncS_CWRU.v17.P_3d_r1_COMS58_k141_2131106_4	K03650	1.0	0.853	*
2022_IncS_CWRU.v17.P_3d_r1_COMS58.sb.117_sub_2022_IncS_CWRU.v17.P_3d_r1_COMS58_k141_2131106_5	K00609	0.9996	0.7185	*
2022_IncS_CWRU.v17.P_3d_r1_COMS58.sb.117_sub_2022_IncS_CWRU.v17.P_3d_r1_COMS58_k141_2131106_6	K01465	0.9584	0.9225	*
2022_IncS_CWRU.v17.P_3d_r1_COMS58.sb.117_sub_2022_IncS_CWRU.v17.P_3d_r1_COMS58_k141_2131106_7	K01591	0.9989	0.746	*
2022_IncS_CWRU.v17.P_3d_r1_COMS58.sb.117_sub_2022_IncS_CWRU.v17.P_3d_r1_COMS58_k141_2131106_8	K00762	1.0	0.8859	*
2022_IncS_CWRU.v17.P_3d_r1_COMS58.sb.117_sub_2022_IncS_CWRU.v17.P_3d_r1_COMS58_k141_2131106_9	K06304	0.154	0.9529	
2022_IncS_CWRU.v17.P_3d_r1_COMS58.sb.117_sub_2022_IncS_CWRU.v17.P_3d_r1_COMS58_k141_2131106_10	K00764	0.9983	0.8803	*
2022_IncS_CWRU.v17.P_3d_r1_COMS58.sb.117_sub_2022_IncS_CWRU.v17.P_3d_r1_COMS58_k141_2131106_11	K01952	0.9997	0.9194	*
2022_IncS_CWRU.v17.P_3d_r1_COMS58.sb.117_sub_2022_IncS_CWRU.v17.P_3d_r1_COMS58_k141_2131106_12	K01933	0.9998	0.7098	*
2022_IncS_CWRU.v17.P_3d_r1_COMS58.sb.117_sub_2022_IncS_CWRU.v17.P_3d_r1_COMS58_k141_2131106_13	K01923	0.9994	0.8461	*
2022_IncS_CWRU.v17.P_3d_r1_COMS58.sb.117_sub_2022_IncS_CWRU.v17.P_3d_r1_COMS58_k141_2131106_14	K01945	0.9999	0.9078	*
2022_IncS_CWRU.v17.P_3d_r1_COMS58.sb.117_sub_2022_IncS_CWRU.v17.P_3d_r1_COMS58_k141_2131106_15	K11175	0.9996	0.9313	*
2022_IncS_CWRU.v17.P_3d_r1_COMS58.sb.117_sub_2022_IncS_CWRU.v17.P_3d_r1_COMS58_k141_2131106_16	K01588	1.0	0.7966	*
2022_IncS_CWRU.v17.P_3d_r1_COMS58.sb.117_sub_2022_IncS_CWRU.v17.P_3d_r1_COMS58_k141_2131106_17	K00344	0.818	0.9955	
2022_IncS_CWRU.v17.P_3d_r1_COMS58.sb.117_sub_2022_IncS_CWRU.v17.P_3d_r1_COMS58_k141_2131106_18	K09056	0.1363	0.866	
2022_IncS_CWRU.v17.P_3d_r1_COMS58.sb.117_sub_2022_IncS_CWRU.v17.P_3d_r1_COMS58_k141_2131106_19	K16066	0.9975	0.9746	*
2022_IncS_CWRU.v17.P_3d_r1_COMS58.sb.117_sub_2022_IncS_CWRU.v17.P_3d_r1_COMS58_k141_2131106_20	K07746	0.9824	0.9777	*
2022_IncS_CWRU.v17.P_3d_r1_COMS58.sb.117_sub_2022_IncS_CWRU.v17.P_3d_r1_COMS58_k141_2131106_21	K19092	0.6411	0.9649	
2022_IncS_CWRU.v17.P_3d_r1_COMS58.sb.117_sub_2022_IncS_CWRU.v17.P_3d_r1_COMS58_k141_1316213_1	K07814	0.2187	0.9667	
2022_IncS_CWRU.v17.P_3d_r1_COMS58.sb.117_sub_2022_IncS_CWRU.v17.P_3d_r1_COMS58_k141_1316213_2	K02198	0.9999	0.9678	*
2022_IncS_CWRU.v17.P_3d_r1_COMS58.sb.117_sub_2022_IncS_CWRU.v17.P_3d_r1_COMS58_k141_1316213_3	K03586	0.6468	0.9662	
2022_IncS_CWRU.v17.P_3d_r1_COMS58.sb.117_sub_2022_IncS_CWRU.v17.P_3d_r1_COMS58_k141_1316213_4	K15727	0.2305	0.9185	
2022_IncS_CWRU.v17.P_3d_r1_COMS58.sb.117_sub_2022_IncS_CWRU.v17.P_3d_r1_COMS58_k141_1316213_5	K06867	0.5162	0.9848	
2022_IncS_CWRU.v17.P_3d_r1_COMS58.sb.117_sub_2022_IncS_CWRU.v17.P_3d_r1_COMS58_k141_1316213_6	K03799	1.0	0.9625	*
2022_IncS_CWRU.v17.P_3d_r1_COMS58.sb.117_sub_2022_IncS_CWRU.v17.P_3d_r1_COMS58_k141_1316213_7	K12976	0.8852	0.9846	
2022_IncS_CWRU.v17.P_3d_r1_COMS58.sb.117_sub_2022_IncS_CWRU.v17.P_3d_r1_COMS58_k141_1316213_8	K26284	0.1676	0.9973	
2022_IncS_CWRU.v17.P_3d_r1_COMS58.sb.117_sub_2022_IncS_CWRU.v17.P_3d_r1_COMS58_k141_1316213_9	K01785	0.5084	0.9566	
2022_IncS_CWRU.v17.P_3d_r1_COMS58.sb.117_sub_2022_IncS_CWRU.v17.P_3d_r1_COMS58_k141_1316213_10	K02423	0.5017	0.8526	
2022_IncS_CWRU.v17.P_3d_r1_COMS58.sb.117_sub_2022_IncS_CWRU.v17.P_3d_r1_COMS58_k141_1316213_11	K00373	0.4644	0.8067	
2022_IncS_CWRU.v17.P_3d_r1_COMS58.sb.117_sub_2022_IncS_CWRU.v17.P_3d_r1_COMS58_k141_1316213_12	K01784	0.2646	0.957	
2022_IncS_CWRU.v17.P_3d_r1_COMS58.sb.117_sub_2022_IncS_CWRU.v17.P_3d_r1_COMS58_k141_1316213_13	K02650	0.2484	0.935	
2022_IncS_CWRU.v17.P_3d_r1_COMS58.sb.117_sub_2022_IncS_CWRU.v17.P_3d_r1_COMS58_k141_1316213_14	K00175	0.9892	0.7335	*
2022_IncS_CWRU.v17.P_3d_r1_COMS58.sb.117_sub_2022_IncS_CWRU.v17.P_3d_r1_COMS58_k141_1316213_15	K00174	0.9963	0.6339	*
2022_IncS_CWRU.v17.P_3d_r1_COMS58.sb.117_sub_2022_IncS_CWRU.v17.P_3d_r1_COMS58_k141_1316213_16	K26939	0.9882	0.7614	*
2022_IncS_CWRU.v17.P_3d_r1_COMS58.sb.117_sub_2022_IncS_CWRU.v17.P_3d_r1_COMS58_k141_1316213_17	K00958	0.4526	0.9234	
2022_IncS_CWRU.v17.P_3d_r1_COMS58.sb.117_sub_2022_IncS_CWRU.v17.P_3d_r1_COMS58_k141_1316213_18	K06528	0.5727	0.9691	
2022_IncS_CWRU.v17.P_3d_r1_COMS58.sb.117_sub_2022_IncS_CWRU.v17.P_3d_r1_COMS58_k141_1316213_19	K00343	0.9943	0.9135	*
2022_IncS_CWRU.v17.P_3d_r1_COMS58.sb.117_sub_2022_IncS_CWRU.v17.P_3d_r1_COMS58_k141_1316213_20	K00342	0.9556	0.8557	*
2022_IncS_CWRU.v17.P_3d_r1_COMS58.sb.117_sub_2022_IncS_CWRU.v17.P_3d_r1_COMS58_k141_1316213_21	K00342	0.9745	0.8557	*
2022_IncS_CWRU.v17.P_3d_r1_COMS58.sb.117_sub_2022_IncS_CWRU.v17.P_3d_r1_COMS58_k141_1316213_22	K17795	0.2989	0.9437	
2022_IncS_CWRU.v17.P_3d_r1_COMS58.sb.117_sub_2022_IncS_CWRU.v17.P_3d_r1_COMS58_k141_489827_1	K00826	0.9947	0.7382	*
2022_IncS_CWRU.v17.P_3d_r1_COMS58.sb.117_sub_2022_IncS_CWRU.v17.P_3d_r1_COMS58_k141_489827_2	K21495	0.163	0.8969	
2022_IncS_CWRU.v17.P_3d_r1_COMS58.sb.117_sub_2022_IncS_CWRU.v17.P_3d_r1_COMS58_k141_489827_3	K00874	0.9971	0.7574	*
2022_IncS_CWRU.v17.P_3d_r1_COMS58.sb.117_sub_2022_IncS_CWRU.v17.P_3d_r1_COMS58_k141_489827_4	K00033	1.0	0.9373	*
2022_IncS_CWRU.v17.P_3d_r1_COMS58.sb.117_sub_2022_IncS_CWRU.v17.P_3d_r1_COMS58_k141_489827_5	K01815	1.0	0.9549	*
2022_IncS_CWRU.v17.P_3d_r1_COMS58.sb.117_sub_2022_IncS_CWRU.v17.P_3d_r1_COMS58_k141_489827_6	K05799	0.2472	0.977	
2022_IncS_CWRU.v17.P_3d_r1_COMS58.sb.117_sub_2022_IncS_CWRU.v17.P_3d_r1_COMS58_k141_489827_7	K01812	0.8065	0.8974	
2022_IncS_CWRU.v17.P_3d_r1_COMS58.sb.117_sub_2022_IncS_CWRU.v17.P_3d_r1_COMS58_k141_1594309_1	K03553	1.0	0.9898	*
2022_IncS_CWRU.v17.P_3d_r1_COMS58.sb.117_sub_2022_IncS_CWRU.v17.P_3d_r1_COMS58_k141_1594309_2	K03657	0.4394	0.9648	
2022_IncS_CWRU.v17.P_3d_r1_COMS58.sb.117_sub_2022_IncS_CWRU.v17.P_3d_r1_COMS58_k141_1594309_3	K06207	1.0	0.5248	*
2022_IncS_CWRU.v17.P_3d_r1_COMS58.sb.117_sub_2022_IncS_CWRU.v17.P_3d_r1_COMS58_k141_1594309_4	K08504	0.6456	0.8534	
2022_IncS_CWRU.v17.P_3d_r1_COMS58.sb.117_sub_2022_IncS_CWRU.v17.P_3d_r1_COMS58_k141_1594309_5	K06907	0.3667	0.9578	
2022_IncS_CWRU.v17.P_3d_r1_COMS58.sb.117_sub_2022_IncS_CWRU.v17.P_3d_r1_COMS58_k141_1594309_6	K06907	0.3262	0.9578	
2022_IncS_CWRU.v17.P_3d_r1_COMS58.sb.117_sub_2022_IncS_CWRU.v17.P_3d_r1_COMS58_k141_1594309_7	K07075	0.7663	0.9688	
2022_IncS_CWRU.v17.P_3d_r1_COMS58.sb.117_sub_2022_IncS_CWRU.v17.P_3d_r1_COMS58_k141_1594309_8	K22087	0.302	0.6395	
2022_IncS_CWRU.v17.P_3d_r1_COMS58.sb.117_sub_2022_IncS_CWRU.v17.P_3d_r1_COMS58_k141_1594309_9	K21498	0.0961	0.9324	
2022_IncS_CWRU.v17.P_3d_r1_COMS58.sb.117_sub_2022_IncS_CWRU.v17.P_3d_r1_COMS58_k141_1595339_1	K07768	0.5902	0.8433	
2022_IncS_CWRU.v17.P_3d_r1_COMS58.sb.117_sub_2022_IncS_CWRU.v17.P_3d_r1_COMS58_k141_1595339_2	K02483	0.2749	0.83	
2022_IncS_CWRU.v17.P_3d_r1_COMS58.sb.117_sub_2022_IncS_CWRU.v17.P_3d_r1_COMS58_k141_1595339_3	K00759	0.9999	0.9257	*
2022_IncS_CWRU.v17.P_3d_r1_COMS58.sb.117_sub_2022_IncS_CWRU.v17.P_3d_r1_COMS58_k141_1595339_4	K01512	0.9832	0.9368	*
2022_IncS_CWRU.v17.P_3d_r1_COMS58.sb.117_sub_2022_IncS_CWRU.v17.P_3d_r1_COMS58_k141_1595339_5	K01658	0.8592	0.7304	*
2022_IncS_CWRU.v17.P_3d_r1_COMS58.sb.117_sub_2022_IncS_CWRU.v17.P_3d_r1_COMS58_k141_1595339_6	K14016	0.5329	0.9647	
2022_IncS_CWRU.v17.P_3d_r1_COMS58.sb.117_sub_2022_IncS_CWRU.v17.P_3d_r1_COMS58_k141_1595339_7	K23563	0.7286	0.9637	
2022_IncS_CWRU.v17.P_3d_r1_COMS58.sb.117_sub_2022_IncS_CWRU.v17.P_3d_r1_COMS58_k141_1595339_8	K01657	0.4738	0.8106	
2022_IncS_CWRU.v17.P_3d_r1_COMS58.sb.117_sub_2022_IncS_CWRU.v17.P_3d_r1_COMS58_k141_1323495_1	K18188	0.3733	0.9402	
2022_IncS_CWRU.v17.P_3d_r1_COMS58.sb.117_sub_2022_IncS_CWRU.v17.P_3d_r1_COMS58_k141_1323495_2	K03322	0.9985	0.9939	*
2022_IncS_CWRU.v17.P_3d_r1_COMS58.sb.117_sub_2022_IncS_CWRU.v17.P_3d_r1_COMS58_k141_1323495_3	K02650	0.2274	0.935	
2022_IncS_CWRU.v17.P_3d_r1_COMS58.sb.117_sub_2022_IncS_CWRU.v17.P_3d_r1_COMS58_k141_1323495_4	K06904	0.2386	0.8985	
2022_IncS_CWRU.v17.P_3d_r1_COMS58.sb.117_sub_2022_IncS_CWRU.v17.P_3d_r1_COMS58_k141_1323495_5	K22344	0.8567	0.8475	*
2022_IncS_CWRU.v17.P_3d_r1_COMS58.sb.117_sub_2022_IncS_CWRU.v17.P_3d_r1_COMS58_k141_1323495_6	K10914	0.6405	0.88	
2022_IncS_CWRU.v17.P_3d_r1_COMS58.sb.117_sub_2022_IncS_CWRU.v17.P_3d_r1_COMS58_k141_1323495_7	K20523	0.9987	0.9531	*
2022_IncS_CWRU.v17.P_3d_r1_COMS58.sb.117_sub_2022_IncS_CWRU.v17.P_3d_r1_COMS58_k141_1323495_8	K01779	0.1825	0.805	
2022_IncS_CWRU.v17.P_3d_r1_COMS58.sb.117_sub_2022_IncS_CWRU.v17.P_3d_r1_COMS58_k141_1323495_9	K06317	0.622	0.9719	
2022_IncS_CWRU.v17.P_3d_r1_COMS58.sb.117_sub_2022_IncS_CWRU.v17.P_3d_r1_COMS58_k141_1323495_10	K13893	0.5622	0.7042	
2022_IncS_CWRU.v17.P_3d_r1_COMS58.sb.117_sub_2022_IncS_CWRU.v17.P_3d_r1_COMS58_k141_1323495_11	K10254	1.0	0.744	*
2022_IncS_CWRU.v17.P_3d_r1_COMS58.sb.117_sub_2022_IncS_CWRU.v17.P_3d_r1_COMS58_k141_1323495_12	K19236	0.4701	0.9554	
2022_IncS_CWRU.v17.P_3d_r1_COMS58.sb.117_sub_2022_IncS_CWRU.v17.P_3d_r1_COMS58_k141_494941_1	K07483	0.1442	0.9439	
2022_IncS_CWRU.v17.P_3d_r1_COMS58.sb.117_sub_2022_IncS_CWRU.v17.P_3d_r1_COMS58_k141_494941_2	K02196	0.7071	0.992	
2022_IncS_CWRU.v17.P_3d_r1_COMS58.sb.117_sub_2022_IncS_CWRU.v17.P_3d_r1_COMS58_k141_494941_3	K18285	0.9974	0.844	*
2022_IncS_CWRU.v17.P_3d_r1_COMS58.sb.117_sub_2022_IncS_CWRU.v17.P_3d_r1_COMS58_k141_494941_4	K00237	0.2563	0.8475	
2022_IncS_CWRU.v17.P_3d_r1_COMS58.sb.117_sub_2022_IncS_CWRU.v17.P_3d_r1_COMS58_k141_494941_5	K09705	0.2368	0.9433	
2022_IncS_CWRU.v17.P_3d_r1_COMS58.sb.117_sub_2022_IncS_CWRU.v17.P_3d_r1_COMS58_k141_1599564_1	K17733	0.2275	0.9203	
2022_IncS_CWRU.v17.P_3d_r1_COMS58.sb.117_sub_2022_IncS_CWRU.v17.P_3d_r1_COMS58_k141_1599564_2	K06197	0.583	0.9369	
2022_IncS_CWRU.v17.P_3d_r1_COMS58.sb.117_sub_2022_IncS_CWRU.v17.P_3d_r1_COMS58_k141_1599564_3	K00645	0.9796	0.8629	*
2022_IncS_CWRU.v17.P_3d_r1_COMS58.sb.117_sub_2022_IncS_CWRU.v17.P_3d_r1_COMS58_k141_1599564_4	K07059	0.952	0.9717	
2022_IncS_CWRU.v17.P_3d_r1_COMS58.sb.117_sub_2022_IncS_CWRU.v17.P_3d_r1_COMS58_k141_1599564_5	K05826	0.9834	0.9707	*
2022_IncS_CWRU.v17.P_3d_r1_COMS58.sb.117_sub_2022_IncS_CWRU.v17.P_3d_r1_COMS58_k141_1599564_6	K11906	0.4577	0.9191	
2022_IncS_CWRU.v17.P_3d_r1_COMS58.sb.117_sub_2022_IncS_CWRU.v17.P_3d_r1_COMS58_k141_1599564_7	K02434	1.0	0.866	*
2022_IncS_CWRU.v17.P_3d_r1_COMS58.sb.117_sub_2022_IncS_CWRU.v17.P_3d_r1_COMS58_k141_1599564_8	K01476	0.9925	0.8348	*
2022_IncS_CWRU.v17.P_3d_r1_COMS58.sb.117_sub_2022_IncS_CWRU.v17.P_3d_r1_COMS58_k141_1599564_9	K07171	0.0983	0.903	
2022_IncS_CWRU.v17.P_3d_r1_COMS58.sb.117_sub_2022_IncS_CWRU.v17.P_3d_r1_COMS58_k141_1600970_1	K01114	0.2594	0.9344	
2022_IncS_CWRU.v17.P_3d_r1_COMS58.sb.117_sub_2022_IncS_CWRU.v17.P_3d_r1_COMS58_k141_1600970_2	K02913	0.3977	0.9638	
2022_IncS_CWRU.v17.P_3d_r1_COMS58.sb.117_sub_2022_IncS_CWRU.v17.P_3d_r1_COMS58_k141_1600970_3	K00265	0.6194	0.7035	
2022_IncS_CWRU.v17.P_3d_r1_COMS58.sb.117_sub_2022_IncS_CWRU.v17.P_3d_r1_COMS58_k141_1600970_4	K00266	0.9997	0.9141	*
2022_IncS_CWRU.v17.P_3d_r1_COMS58.sb.117_sub_2022_IncS_CWRU.v17.P_3d_r1_COMS58_k141_1600970_5	K04119	0.3622	0.7281	
2022_IncS_CWRU.v17.P_3d_r1_COMS58.sb.117_sub_2022_IncS_CWRU.v17.P_3d_r1_COMS58_k141_1328488_1	K01577	0.1613	0.5057	
2022_IncS_CWRU.v17.P_3d_r1_COMS58.sb.117_sub_2022_IncS_CWRU.v17.P_3d_r1_COMS58_k141_1328488_2	K00522	0.2651	0.8767	
2022_IncS_CWRU.v17.P_3d_r1_COMS58.sb.117_sub_2022_IncS_CWRU.v17.P_3d_r1_COMS58_k141_1328488_3	K02662	0.9913	0.7958	*
2022_IncS_CWRU.v17.P_3d_r1_COMS58.sb.117_sub_2022_IncS_CWRU.v17.P_3d_r1_COMS58_k141_1328488_4	K02663	0.8289	0.8752	
2022_IncS_CWRU.v17.P_3d_r1_COMS58.sb.117_sub_2022_IncS_CWRU.v17.P_3d_r1_COMS58_k141_1328488_5	K02664	0.5918	0.9506	
2022_IncS_CWRU.v17.P_3d_r1_COMS58.sb.117_sub_2022_IncS_CWRU.v17.P_3d_r1_COMS58_k141_1328488_6	K02452	0.3611	0.9041	
2022_IncS_CWRU.v17.P_3d_r1_COMS58.sb.117_sub_2022_IncS_CWRU.v17.P_3d_r1_COMS58_k141_1328488_7	K27245	0.1867	0.8916	
2022_IncS_CWRU.v17.P_3d_r1_COMS58.sb.117_sub_2022_IncS_CWRU.v17.P_3d_r1_COMS58_k141_1328488_8	K13628	0.7908	0.8965	
2022_IncS_CWRU.v17.P_3d_r1_COMS58.sb.117_sub_2022_IncS_CWRU.v17.P_3d_r1_COMS58_k141_1328488_9	K00799	0.33	0.8732	
2022_IncS_CWRU.v17.P_3d_r1_COMS58.sb.117_sub_2022_IncS_CWRU.v17.P_3d_r1_COMS58_k141_1328488_10	K00793	0.9997	0.8751	*
2022_IncS_CWRU.v17.P_3d_r1_COMS58.sb.117_sub_2022_IncS_CWRU.v17.P_3d_r1_COMS58_k141_1328488_11	K05806	0.8862	0.9781	
2022_IncS_CWRU.v17.P_3d_r1_COMS58.sb.117_sub_2022_IncS_CWRU.v17.P_3d_r1_COMS58_k141_1328488_12	K11752	0.9988	0.8336	*
2022_IncS_CWRU.v17.P_3d_r1_COMS58.sb.117_sub_2022_IncS_CWRU.v17.P_3d_r1_COMS58_k141_1328488_13	K03110	0.9999	0.8556	*
2022_IncS_CWRU.v17.P_3d_r1_COMS58.sb.117_sub_2022_IncS_CWRU.v17.P_3d_r1_COMS58_k141_1328488_14	K00720	0.585	0.9742	
2022_IncS_CWRU.v17.P_3d_r1_COMS58.sb.117_sub_2022_IncS_CWRU.v17.P_3d_r1_COMS58_k141_1328488_15	K13687	0.4673	0.9909	
2022_IncS_CWRU.v17.P_3d_r1_COMS58.sb.117_sub_2022_IncS_CWRU.v17.P_3d_r1_COMS58_k141_1328488_16	K06889	0.9882	0.9765	*
2022_IncS_CWRU.v17.P_3d_r1_COMS58.sb.117_sub_2022_IncS_CWRU.v17.P_3d_r1_COMS58_k141_1328488_17	K01785	0.9004	0.9566	
2022_IncS_CWRU.v17.P_3d_r1_COMS58.sb.117_sub_2022_IncS_CWRU.v17.P_3d_r1_COMS58_k141_1328488_18	K01524	1.0	0.8896	*
2022_IncS_CWRU.v17.P_3d_r1_COMS58.sb.117_sub_2022_IncS_CWRU.v17.P_3d_r1_COMS58_k141_1328488_19	K08296	0.9993	0.9258	*
2022_IncS_CWRU.v17.P_3d_r1_COMS58.sb.117_sub_2022_IncS_CWRU.v17.P_3d_r1_COMS58_k141_1328488_20	K02078	0.399	0.9563	
2022_IncS_CWRU.v17.P_3d_r1_COMS58.sb.117_sub_2022_IncS_CWRU.v17.P_3d_r1_COMS58_k141_1328488_21	K01077	0.2491	0.9808	
2022_IncS_CWRU.v17.P_3d_r1_COMS58.sb.117_sub_2022_IncS_CWRU.v17.P_3d_r1_COMS58_k141_1328488_22	K24552	0.666	0.8183	
2022_IncS_CWRU.v17.P_3d_r1_COMS58.sb.117_sub_2022_IncS_CWRU.v17.P_3d_r1_COMS58_k141_1328980_1	K01262	0.4026	0.946	
2022_IncS_CWRU.v17.P_3d_r1_COMS58.sb.117_sub_2022_IncS_CWRU.v17.P_3d_r1_COMS58_k141_1328980_2	K13347	0.9781	0.845	*
2022_IncS_CWRU.v17.P_3d_r1_COMS58.sb.117_sub_2022_IncS_CWRU.v17.P_3d_r1_COMS58_k141_1328980_3	K04798	0.303	0.778	
2022_IncS_CWRU.v17.P_3d_r1_COMS58.sb.117_sub_2022_IncS_CWRU.v17.P_3d_r1_COMS58_k141_1328980_4	K03438	0.9999	0.9001	*
2022_IncS_CWRU.v17.P_3d_r1_COMS58.sb.117_sub_2022_IncS_CWRU.v17.P_3d_r1_COMS58_k141_1328980_5	K03586	0.9926	0.9662	*
2022_IncS_CWRU.v17.P_3d_r1_COMS58.sb.117_sub_2022_IncS_CWRU.v17.P_3d_r1_COMS58_k141_1328980_6	K03587	0.9289	0.8616	*
2022_IncS_CWRU.v17.P_3d_r1_COMS58.sb.117_sub_2022_IncS_CWRU.v17.P_3d_r1_COMS58_k141_221503_1	K01159	0.9995	0.902	*
2022_IncS_CWRU.v17.P_3d_r1_COMS58.sb.117_sub_2022_IncS_CWRU.v17.P_3d_r1_COMS58_k141_221503_2	K10914	0.9199	0.88	*
2022_IncS_CWRU.v17.P_3d_r1_COMS58.sb.117_sub_2022_IncS_CWRU.v17.P_3d_r1_COMS58_k141_221503_3	K05770	0.3629	0.9783	
2022_IncS_CWRU.v17.P_3d_r1_COMS58.sb.117_sub_2022_IncS_CWRU.v17.P_3d_r1_COMS58_k141_221503_4	K03586	0.0794	0.9662	
2022_IncS_CWRU.v17.P_3d_r1_COMS58.sb.117_sub_2022_IncS_CWRU.v17.P_3d_r1_COMS58_k141_221503_5	K02200	0.9327	0.9733	
2022_IncS_CWRU.v17.P_3d_r1_COMS58.sb.117_sub_2022_IncS_CWRU.v17.P_3d_r1_COMS58_k141_221503_6	K03088	0.978	0.9501	*
2022_IncS_CWRU.v17.P_3d_r1_COMS58.sb.117_sub_2022_IncS_CWRU.v17.P_3d_r1_COMS58_k141_221503_7	K07486	0.2452	0.9643	
2022_IncS_CWRU.v17.P_3d_r1_COMS58.sb.117_sub_2022_IncS_CWRU.v17.P_3d_r1_COMS58_k141_221503_8	K05826	0.2629	0.9707	
2022_IncS_CWRU.v17.P_3d_r1_COMS58.sb.117_sub_2022_IncS_CWRU.v17.P_3d_r1_COMS58_k141_221503_9	K27078	0.6183	0.974	
2022_IncS_CWRU.v17.P_3d_r1_COMS58.sb.117_sub_2022_IncS_CWRU.v17.P_3d_r1_COMS58_k141_1059140_1	K04027	0.5915	0.8351	
2022_IncS_CWRU.v17.P_3d_r1_COMS58.sb.117_sub_2022_IncS_CWRU.v17.P_3d_r1_COMS58_k141_1059140_2	K04027	0.4908	0.8351	
2022_IncS_CWRU.v17.P_3d_r1_COMS58.sb.117_sub_2022_IncS_CWRU.v17.P_3d_r1_COMS58_k141_1059140_3	K27269	0.7898	0.8771	
2022_IncS_CWRU.v17.P_3d_r1_COMS58.sb.117_sub_2022_IncS_CWRU.v17.P_3d_r1_COMS58_k141_1059140_4	K13922	0.6935	0.8006	
2022_IncS_CWRU.v17.P_3d_r1_COMS58.sb.117_sub_2022_IncS_CWRU.v17.P_3d_r1_COMS58_k141_1059140_5	K04028	0.6005	0.9526	
2022_IncS_CWRU.v17.P_3d_r1_COMS58.sb.117_sub_2022_IncS_CWRU.v17.P_3d_r1_COMS58_k141_1059140_6	K07171	0.1571	0.903	
2022_IncS_CWRU.v17.P_3d_r1_COMS58.sb.117_sub_2022_IncS_CWRU.v17.P_3d_r1_COMS58_k141_1059140_7	K01628	0.7282	0.8578	
2022_IncS_CWRU.v17.P_3d_r1_COMS58.sb.117_sub_2022_IncS_CWRU.v17.P_3d_r1_COMS58_k141_1059140_8	K02430	0.6841	0.8891	
2022_IncS_CWRU.v17.P_3d_r1_COMS58.sb.117_sub_2022_IncS_CWRU.v17.P_3d_r1_COMS58_k141_1059140_9	K20543	0.8214	0.9567	
2022_IncS_CWRU.v17.P_3d_r1_COMS58.sb.117_sub_2022_IncS_CWRU.v17.P_3d_r1_COMS58_k141_1059140_10	K02040	0.9993	0.8928	*
2022_IncS_CWRU.v17.P_3d_r1_COMS58.sb.117_sub_2022_IncS_CWRU.v17.P_3d_r1_COMS58_k141_1881987_1	K07039	0.3173	0.9394	
2022_IncS_CWRU.v17.P_3d_r1_COMS58.sb.117_sub_2022_IncS_CWRU.v17.P_3d_r1_COMS58_k141_1881987_2	K13059	0.5158	0.9051	
2022_IncS_CWRU.v17.P_3d_r1_COMS58.sb.117_sub_2022_IncS_CWRU.v17.P_3d_r1_COMS58_k141_1881987_3	K00963	0.5419	0.8516	
2022_IncS_CWRU.v17.P_3d_r1_COMS58.sb.117_sub_2022_IncS_CWRU.v17.P_3d_r1_COMS58_k141_1881987_4	K06938	0.4129	0.9604	
2022_IncS_CWRU.v17.P_3d_r1_COMS58.sb.117_sub_2022_IncS_CWRU.v17.P_3d_r1_COMS58_k141_1881987_5	K01093	0.9548	0.7418	*
2022_IncS_CWRU.v17.P_3d_r1_COMS58.sb.117_sub_2022_IncS_CWRU.v17.P_3d_r1_COMS58_k141_1881987_6	K02005	0.8337	0.8233	*
2022_IncS_CWRU.v17.P_3d_r1_COMS58.sb.117_sub_2022_IncS_CWRU.v17.P_3d_r1_COMS58_k141_1881987_7	K02004	0.9999	0.8778	*
2022_IncS_CWRU.v17.P_3d_r1_COMS58.sb.117_sub_2022_IncS_CWRU.v17.P_3d_r1_COMS58_k141_1881987_8	K02004	0.9999	0.8778	*
2022_IncS_CWRU.v17.P_3d_r1_COMS58.sb.117_sub_2022_IncS_CWRU.v17.P_3d_r1_COMS58_k141_1881987_9	K00937	0.9902	0.8207	*
2022_IncS_CWRU.v17.P_3d_r1_COMS58.sb.117_sub_2022_IncS_CWRU.v17.P_3d_r1_COMS58_k141_1881987_10	K02272	0.5286	0.9752	
2022_IncS_CWRU.v17.P_3d_r1_COMS58.sb.117_sub_2022_IncS_CWRU.v17.P_3d_r1_COMS58_k141_1881987_11	K05967	0.1396	0.8041	
2022_IncS_CWRU.v17.P_3d_r1_COMS58.sb.117_sub_2022_IncS_CWRU.v17.P_3d_r1_COMS58_k141_1881987_12	K21498	0.9974	0.9324	*
2022_IncS_CWRU.v17.P_3d_r1_COMS58.sb.117_sub_2022_IncS_CWRU.v17.P_3d_r1_COMS58_k141_1881987_13	K03686	0.9993	0.9256	*
2022_IncS_CWRU.v17.P_3d_r1_COMS58.sb.117_sub_2022_IncS_CWRU.v17.P_3d_r1_COMS58_k141_507107_1	K07289	0.4653	0.9805	
2022_IncS_CWRU.v17.P_3d_r1_COMS58.sb.117_sub_2022_IncS_CWRU.v17.P_3d_r1_COMS58_k141_507107_2	K03769	0.911	0.8562	*
2022_IncS_CWRU.v17.P_3d_r1_COMS58.sb.117_sub_2022_IncS_CWRU.v17.P_3d_r1_COMS58_k141_507107_3	K07277	0.9752	0.9498	*
2022_IncS_CWRU.v17.P_3d_r1_COMS58.sb.117_sub_2022_IncS_CWRU.v17.P_3d_r1_COMS58_k141_507107_4	K07157	0.4618	0.9196	
2022_IncS_CWRU.v17.P_3d_r1_COMS58.sb.117_sub_2022_IncS_CWRU.v17.P_3d_r1_COMS58_k141_510670_1	K01624	0.9943	0.7422	*
2022_IncS_CWRU.v17.P_3d_r1_COMS58.sb.117_sub_2022_IncS_CWRU.v17.P_3d_r1_COMS58_k141_510670_2	K07152	0.6651	0.9722	
2022_IncS_CWRU.v17.P_3d_r1_COMS58.sb.117_sub_2022_IncS_CWRU.v17.P_3d_r1_COMS58_k141_510670_3	K03551	0.9999	0.9218	*
2022_IncS_CWRU.v17.P_3d_r1_COMS58.sb.117_sub_2022_IncS_CWRU.v17.P_3d_r1_COMS58_k141_1068467_1	K02003	0.9987	0.8884	*
2022_IncS_CWRU.v17.P_3d_r1_COMS58.sb.117_sub_2022_IncS_CWRU.v17.P_3d_r1_COMS58_k141_1068467_2	K19048	0.2531	0.8962	
2022_IncS_CWRU.v17.P_3d_r1_COMS58.sb.117_sub_2022_IncS_CWRU.v17.P_3d_r1_COMS58_k141_1068467_3	K01160	0.3758	0.9146	
2022_IncS_CWRU.v17.P_3d_r1_COMS58.sb.117_sub_2022_IncS_CWRU.v17.P_3d_r1_COMS58_k141_1068467_4	K07448	0.1875	0.9272	
2022_IncS_CWRU.v17.P_3d_r1_COMS58.sb.117_sub_2022_IncS_CWRU.v17.P_3d_r1_COMS58_k141_1068467_5	K00375	0.5545	0.9978	
2022_IncS_CWRU.v17.P_3d_r1_COMS58.sb.117_sub_2022_IncS_CWRU.v17.P_3d_r1_COMS58_k141_1068467_6	K07733	0.1758	0.9689	
2022_IncS_CWRU.v17.P_3d_r1_COMS58.sb.117_sub_2022_IncS_CWRU.v17.P_3d_r1_COMS58_k141_1068467_7	K07213	0.274	0.9586	
2022_IncS_CWRU.v17.P_3d_r1_COMS58.sb.117_sub_2022_IncS_CWRU.v17.P_3d_r1_COMS58_k141_1068467_8	K21498	0.2627	0.9324	
2022_IncS_CWRU.v17.P_3d_r1_COMS58.sb.117_sub_2022_IncS_CWRU.v17.P_3d_r1_COMS58_k141_1068467_9	K01186	0.3596	0.9615	
2022_IncS_CWRU.v17.P_3d_r1_COMS58.sb.117_sub_2022_IncS_CWRU.v17.P_3d_r1_COMS58_k141_1890997_1	K01273	0.9999	0.9147	*
2022_IncS_CWRU.v17.P_3d_r1_COMS58.sb.117_sub_2022_IncS_CWRU.v17.P_3d_r1_COMS58_k141_1890997_2	K10947	0.5317	0.9706	
2022_IncS_CWRU.v17.P_3d_r1_COMS58.sb.117_sub_2022_IncS_CWRU.v17.P_3d_r1_COMS58_k141_1890997_3	K00060	0.9984	0.8363	*
2022_IncS_CWRU.v17.P_3d_r1_COMS58.sb.117_sub_2022_IncS_CWRU.v17.P_3d_r1_COMS58_k141_1890997_4	K17318	0.2259	0.7441	
2022_IncS_CWRU.v17.P_3d_r1_COMS58.sb.117_sub_2022_IncS_CWRU.v17.P_3d_r1_COMS58_k141_1890997_5	K18828	0.9803	0.8898	*
2022_IncS_CWRU.v17.P_3d_r1_COMS58.sb.117_sub_2022_IncS_CWRU.v17.P_3d_r1_COMS58_k141_1890997_6	K18829	0.9877	0.8689	*
2022_IncS_CWRU.v17.P_3d_r1_COMS58.sb.117_sub_2022_IncS_CWRU.v17.P_3d_r1_COMS58_k141_1890997_7	K01049	0.4606	0.6583	
2022_IncS_CWRU.v17.P_3d_r1_COMS58.sb.117_sub_2022_IncS_CWRU.v17.P_3d_r1_COMS58_k141_1890997_8	K03321	0.9998	0.9818	*
2022_IncS_CWRU.v17.P_3d_r1_COMS58.sb.117_sub_2022_IncS_CWRU.v17.P_3d_r1_COMS58_k141_1890997_9	K03789	0.979	0.9633	*
2022_IncS_CWRU.v17.P_3d_r1_COMS58.sb.117_sub_2022_IncS_CWRU.v17.P_3d_r1_COMS58_k141_1890997_10	K21071	0.9975	0.6951	*
2022_IncS_CWRU.v17.P_3d_r1_COMS58.sb.117_sub_2022_IncS_CWRU.v17.P_3d_r1_COMS58_k141_1890997_11	K09888	0.7437	0.8969	
2022_IncS_CWRU.v17.P_3d_r1_COMS58.sb.117_sub_2022_IncS_CWRU.v17.P_3d_r1_COMS58_k141_1890997_12	K18828	0.8311	0.8898	
2022_IncS_CWRU.v17.P_3d_r1_COMS58.sb.117_sub_2022_IncS_CWRU.v17.P_3d_r1_COMS58_k141_1890997_13	K00374	0.7473	0.9433	
2022_IncS_CWRU.v17.P_3d_r1_COMS58.sb.117_sub_2022_IncS_CWRU.v17.P_3d_r1_COMS58_k141_1890997_14	K01897	0.9004	0.8502	*
2022_IncS_CWRU.v17.P_3d_r1_COMS58.sb.117_sub_2022_IncS_CWRU.v17.P_3d_r1_COMS58_k141_1890997_15	K03402	0.9998	0.8552	*
2022_IncS_CWRU.v17.P_3d_r1_COMS58.sb.117_sub_2022_IncS_CWRU.v17.P_3d_r1_COMS58_k141_1890997_16	K00145	1.0	0.8733	*
2022_IncS_CWRU.v17.P_3d_r1_COMS58.sb.117_sub_2022_IncS_CWRU.v17.P_3d_r1_COMS58_k141_1890997_17	K00930	0.9972	0.5954	*
2022_IncS_CWRU.v17.P_3d_r1_COMS58.sb.117_sub_2022_IncS_CWRU.v17.P_3d_r1_COMS58_k141_1890997_18	K28280	0.6281	0.9348	
2022_IncS_CWRU.v17.P_3d_r1_COMS58.sb.117_sub_2022_IncS_CWRU.v17.P_3d_r1_COMS58_k141_1072788_1	K01903	0.2368	0.7891	
2022_IncS_CWRU.v17.P_3d_r1_COMS58.sb.117_sub_2022_IncS_CWRU.v17.P_3d_r1_COMS58_k141_1072788_2	K03408	0.9915	0.8664	*
2022_IncS_CWRU.v17.P_3d_r1_COMS58.sb.117_sub_2022_IncS_CWRU.v17.P_3d_r1_COMS58_k141_1072788_3	K03413	0.9755	0.9386	*
2022_IncS_CWRU.v17.P_3d_r1_COMS58.sb.117_sub_2022_IncS_CWRU.v17.P_3d_r1_COMS58_k141_1072788_4	K03412	1.0	0.759	*
2022_IncS_CWRU.v17.P_3d_r1_COMS58.sb.117_sub_2022_IncS_CWRU.v17.P_3d_r1_COMS58_k141_1072788_5	K00575	0.9075	0.9194	
2022_IncS_CWRU.v17.P_3d_r1_COMS58.sb.117_sub_2022_IncS_CWRU.v17.P_3d_r1_COMS58_k141_1072788_6	K00571	0.9199	0.8525	*
2022_IncS_CWRU.v17.P_3d_r1_COMS58.sb.117_sub_2022_IncS_CWRU.v17.P_3d_r1_COMS58_k141_1072788_7	K01576	0.3163	0.7522	
2022_IncS_CWRU.v17.P_3d_r1_COMS58.sb.117_sub_2022_IncS_CWRU.v17.P_3d_r1_COMS58_k141_1072788_8	K00016	0.9983	0.7339	*
2022_IncS_CWRU.v17.P_3d_r1_COMS58.sb.117_sub_2022_IncS_CWRU.v17.P_3d_r1_COMS58_k141_1072788_9	K01497	0.8831	0.6205	*
2022_IncS_CWRU.v17.P_3d_r1_COMS58.sb.117_sub_2022_IncS_CWRU.v17.P_3d_r1_COMS58_k141_1072788_10	K03526	0.9997	0.4332	*
2022_IncS_CWRU.v17.P_3d_r1_COMS58.sb.117_sub_2022_IncS_CWRU.v17.P_3d_r1_COMS58_k141_1072788_11	K10924	0.1744	0.8592	
2022_IncS_CWRU.v17.P_3d_r1_COMS58.sb.117_sub_2022_IncS_CWRU.v17.P_3d_r1_COMS58_k141_1072788_12	K02281	0.3731	0.9662	
2022_IncS_CWRU.v17.P_3d_r1_COMS58.sb.117_sub_2022_IncS_CWRU.v17.P_3d_r1_COMS58_k141_1072788_13	K23677	0.983	0.9746	*
2022_IncS_CWRU.v17.P_3d_r1_COMS58.sb.117_sub_2022_IncS_CWRU.v17.P_3d_r1_COMS58_k141_1072788_14	K00241	0.2498	0.938	
2022_IncS_CWRU.v17.P_3d_r1_COMS58.sb.117_sub_2022_IncS_CWRU.v17.P_3d_r1_COMS58_k141_1072788_15	K11689	0.4535	0.9715	
2022_IncS_CWRU.v17.P_3d_r1_COMS58.sb.117_sub_2022_IncS_CWRU.v17.P_3d_r1_COMS58_k141_1072788_16	K13899	0.3787	0.9536	
2022_IncS_CWRU.v17.P_3d_r1_COMS58.sb.117_sub_2022_IncS_CWRU.v17.P_3d_r1_COMS58_k141_1072788_17	K07095	0.1454	0.9555	
2022_IncS_CWRU.v17.P_3d_r1_COMS58.sb.117_sub_2022_IncS_CWRU.v17.P_3d_r1_COMS58_k141_1894781_1	K02014	0.921	0.9106	*
2022_IncS_CWRU.v17.P_3d_r1_COMS58.sb.117_sub_2022_IncS_CWRU.v17.P_3d_r1_COMS58_k141_1894781_2	K06113	0.5325	0.9668	
2022_IncS_CWRU.v17.P_3d_r1_COMS58.sb.117_sub_2022_IncS_CWRU.v17.P_3d_r1_COMS58_k141_1894781_3	K07126	0.9143	0.9766	
2022_IncS_CWRU.v17.P_3d_r1_COMS58.sb.117_sub_2022_IncS_CWRU.v17.P_3d_r1_COMS58_k141_1894781_4	K21162	0.9831	0.9801	*
2022_IncS_CWRU.v17.P_3d_r1_COMS58.sb.117_sub_2022_IncS_CWRU.v17.P_3d_r1_COMS58_k141_2172492_1	K11130	0.465	0.9398	
2022_IncS_CWRU.v17.P_3d_r1_COMS58.sb.117_sub_2022_IncS_CWRU.v17.P_3d_r1_COMS58_k141_2172492_2	K16898	0.9757	0.947	*
2022_IncS_CWRU.v17.P_3d_r1_COMS58.sb.117_sub_2022_IncS_CWRU.v17.P_3d_r1_COMS58_k141_2172492_3	K16899	0.9904	0.9602	*
2022_IncS_CWRU.v17.P_3d_r1_COMS58.sb.117_sub_2022_IncS_CWRU.v17.P_3d_r1_COMS58_k141_2172492_4	K04763	0.9836	0.9302	*
2022_IncS_CWRU.v17.P_3d_r1_COMS58.sb.117_sub_2022_IncS_CWRU.v17.P_3d_r1_COMS58_k141_792531_1	K01439	0.8625	0.8672	
2022_IncS_CWRU.v17.P_3d_r1_COMS58.sb.117_sub_2022_IncS_CWRU.v17.P_3d_r1_COMS58_k141_792531_2	K09803	0.6039	0.9726	
2022_IncS_CWRU.v17.P_3d_r1_COMS58.sb.117_sub_2022_IncS_CWRU.v17.P_3d_r1_COMS58_k141_792531_3	K07497	0.5103	0.9505	
2022_IncS_CWRU.v17.P_3d_r1_COMS58.sb.117_sub_2022_IncS_CWRU.v17.P_3d_r1_COMS58_k141_792531_4	K02390	0.432	0.9433	
2022_IncS_CWRU.v17.P_3d_r1_COMS58.sb.117_sub_2022_IncS_CWRU.v17.P_3d_r1_COMS58_k141_792531_5	K07334	0.9981	0.9204	*
2022_IncS_CWRU.v17.P_3d_r1_COMS58.sb.117_sub_2022_IncS_CWRU.v17.P_3d_r1_COMS58_k141_792531_6	K21498	0.9943	0.9324	*
2022_IncS_CWRU.v17.P_3d_r1_COMS58.sb.117_sub_2022_IncS_CWRU.v17.P_3d_r1_COMS58_k141_792531_7	K18829	0.6323	0.8689	
2022_IncS_CWRU.v17.P_3d_r1_COMS58.sb.117_sub_2022_IncS_CWRU.v17.P_3d_r1_COMS58_k141_792531_8	K06952	0.2743	0.8814	
2022_IncS_CWRU.v17.P_3d_r1_COMS58.sb.117_sub_2022_IncS_CWRU.v17.P_3d_r1_COMS58_k141_792531_9	K02065	0.5945	0.7816	
2022_IncS_CWRU.v17.P_3d_r1_COMS58.sb.117_sub_2022_IncS_CWRU.v17.P_3d_r1_COMS58_k141_1354354_1	K02433	0.8218	0.7035	*
2022_IncS_CWRU.v17.P_3d_r1_COMS58.sb.117_sub_2022_IncS_CWRU.v17.P_3d_r1_COMS58_k141_1354354_2	K03856	0.9996	0.7009	*
2022_IncS_CWRU.v17.P_3d_r1_COMS58.sb.117_sub_2022_IncS_CWRU.v17.P_3d_r1_COMS58_k141_1354354_3	K03641	0.277	0.9853	
2022_IncS_CWRU.v17.P_3d_r1_COMS58.sb.117_sub_2022_IncS_CWRU.v17.P_3d_r1_COMS58_k141_1354354_4	K21162	0.7525	0.9801	
2022_IncS_CWRU.v17.P_3d_r1_COMS58.sb.117_sub_2022_IncS_CWRU.v17.P_3d_r1_COMS58_k141_1354354_5	K00117	0.229	0.9603	
2022_IncS_CWRU.v17.P_3d_r1_COMS58.sb.117_sub_2022_IncS_CWRU.v17.P_3d_r1_COMS58_k141_1354354_6	K06113	0.6913	0.9668	
2022_IncS_CWRU.v17.P_3d_r1_COMS58.sb.117_sub_2022_IncS_CWRU.v17.P_3d_r1_COMS58_k141_1354354_7	K09022	0.3321	0.9988	
2022_IncS_CWRU.v17.P_3d_r1_COMS58.sb.117_sub_2022_IncS_CWRU.v17.P_3d_r1_COMS58_k141_1354354_8	K13889	0.754	0.5906	*
2022_IncS_CWRU.v17.P_3d_r1_COMS58.sb.117_sub_2022_IncS_CWRU.v17.P_3d_r1_COMS58_k141_1354354_9	K02275	0.1841	0.9697	
2022_IncS_CWRU.v17.P_3d_r1_COMS58.sb.117_sub_2022_IncS_CWRU.v17.P_3d_r1_COMS58_k141_1354354_10	K07684	0.4188	0.9398	
2022_IncS_CWRU.v17.P_3d_r1_COMS58.sb.117_sub_2022_IncS_CWRU.v17.P_3d_r1_COMS58_k141_1354354_11	K01212	0.353	0.9028	
2022_IncS_CWRU.v17.P_3d_r1_COMS58.sb.117_sub_2022_IncS_CWRU.v17.P_3d_r1_COMS58_k141_1354354_12	K21162	0.7415	0.9801	
2022_IncS_CWRU.v17.P_3d_r1_COMS58.sb.117_sub_2022_IncS_CWRU.v17.P_3d_r1_COMS58_k141_1354354_13	K07588	0.9999	0.914	*
2022_IncS_CWRU.v17.P_3d_r1_COMS58.sb.117_sub_2022_IncS_CWRU.v17.P_3d_r1_COMS58_k141_1354354_14	K01847	0.9997	0.8903	*
2022_IncS_CWRU.v17.P_3d_r1_COMS58.sb.117_sub_2022_IncS_CWRU.v17.P_3d_r1_COMS58_k141_1354354_15	K01847	0.9999	0.8903	*
2022_IncS_CWRU.v17.P_3d_r1_COMS58.sb.117_sub_2022_IncS_CWRU.v17.P_3d_r1_COMS58_k141_1354354_16	K05606	0.999	0.9156	*
2022_IncS_CWRU.v17.P_3d_r1_COMS58.sb.117_sub_2022_IncS_CWRU.v17.P_3d_r1_COMS58_k141_1354354_17	K23351	0.9556	0.8544	*
2022_IncS_CWRU.v17.P_3d_r1_COMS58.sb.117_sub_2022_IncS_CWRU.v17.P_3d_r1_COMS58_k141_1354354_18	K17489	0.0944	0.7949	
2022_IncS_CWRU.v17.P_3d_r1_COMS58.sb.117_sub_2022_IncS_CWRU.v17.P_3d_r1_COMS58_k141_1354354_19	K01604	0.4384	0.7154	
2022_IncS_CWRU.v17.P_3d_r1_COMS58.sb.117_sub_2022_IncS_CWRU.v17.P_3d_r1_COMS58_k141_1354354_20	K03416	0.9967	0.9339	*
2022_IncS_CWRU.v17.P_3d_r1_COMS58.sb.117_sub_2022_IncS_CWRU.v17.P_3d_r1_COMS58_k141_797052_1	K01338	0.9102	0.8887	*
2022_IncS_CWRU.v17.P_3d_r1_COMS58.sb.117_sub_2022_IncS_CWRU.v17.P_3d_r1_COMS58_k141_797052_2	K02016	0.9984	0.7731	*
2022_IncS_CWRU.v17.P_3d_r1_COMS58.sb.117_sub_2022_IncS_CWRU.v17.P_3d_r1_COMS58_k141_797052_3	K02013	1.0	0.7641	*
2022_IncS_CWRU.v17.P_3d_r1_COMS58.sb.117_sub_2022_IncS_CWRU.v17.P_3d_r1_COMS58_k141_797052_4	K02015	0.9966	0.7882	*
2022_IncS_CWRU.v17.P_3d_r1_COMS58.sb.117_sub_2022_IncS_CWRU.v17.P_3d_r1_COMS58_k141_797052_5	K07497	0.3204	0.9505	
2022_IncS_CWRU.v17.P_3d_r1_COMS58.sb.117_sub_2022_IncS_CWRU.v17.P_3d_r1_COMS58_k141_797052_6	K04761	0.8538	0.899	
2022_IncS_CWRU.v17.P_3d_r1_COMS58.sb.117_sub_2022_IncS_CWRU.v17.P_3d_r1_COMS58_k141_797052_7	K22705	0.9426	0.9924	
2022_IncS_CWRU.v17.P_3d_r1_COMS58.sb.117_sub_2022_IncS_CWRU.v17.P_3d_r1_COMS58_k141_797052_8	K03832	0.9406	0.9754	
2022_IncS_CWRU.v17.P_3d_r1_COMS58.sb.117_sub_2022_IncS_CWRU.v17.P_3d_r1_COMS58_k141_797052_9	K06199	0.1453	0.9721	
2022_IncS_CWRU.v17.P_3d_r1_COMS58.sb.117_sub_2022_IncS_CWRU.v17.P_3d_r1_COMS58_k141_797667_1	K03641	0.6371	0.9853	
2022_IncS_CWRU.v17.P_3d_r1_COMS58.sb.117_sub_2022_IncS_CWRU.v17.P_3d_r1_COMS58_k141_797667_2	K12132	0.9933	0.9474	*
2022_IncS_CWRU.v17.P_3d_r1_COMS58.sb.117_sub_2022_IncS_CWRU.v17.P_3d_r1_COMS58_k141_797667_3	K03088	0.5275	0.9501	
2022_IncS_CWRU.v17.P_3d_r1_COMS58.sb.117_sub_2022_IncS_CWRU.v17.P_3d_r1_COMS58_k141_797667_4	K05770	0.7032	0.9783	
2022_IncS_CWRU.v17.P_3d_r1_COMS58.sb.117_sub_2022_IncS_CWRU.v17.P_3d_r1_COMS58_k141_797667_5	K02507	0.1654	0.5484	
2022_IncS_CWRU.v17.P_3d_r1_COMS58.sb.117_sub_2022_IncS_CWRU.v17.P_3d_r1_COMS58_k141_797667_6	K19092	0.4196	0.9649	
2022_IncS_CWRU.v17.P_3d_r1_COMS58.sb.117_sub_2022_IncS_CWRU.v17.P_3d_r1_COMS58_k141_797667_7	K01992	0.8007	0.9181	
2022_IncS_CWRU.v17.P_3d_r1_COMS58.sb.117_sub_2022_IncS_CWRU.v17.P_3d_r1_COMS58_k141_801969_1	K06170	0.6172	0.9693	
2022_IncS_CWRU.v17.P_3d_r1_COMS58.sb.117_sub_2022_IncS_CWRU.v17.P_3d_r1_COMS58_k141_801969_2	K01921	0.9923	0.8673	*
2022_IncS_CWRU.v17.P_3d_r1_COMS58.sb.117_sub_2022_IncS_CWRU.v17.P_3d_r1_COMS58_k141_801969_3	K07114	0.3316	0.9793	
2022_IncS_CWRU.v17.P_3d_r1_COMS58.sb.117_sub_2022_IncS_CWRU.v17.P_3d_r1_COMS58_k141_801969_4	K03723	0.9988	0.8513	*
2022_IncS_CWRU.v17.P_3d_r1_COMS58.sb.117_sub_2022_IncS_CWRU.v17.P_3d_r1_COMS58_k141_536428_1	K04750	0.7217	0.9584	
2022_IncS_CWRU.v17.P_3d_r1_COMS58.sb.117_sub_2022_IncS_CWRU.v17.P_3d_r1_COMS58_k141_536428_2	K15923	0.416	0.9666	
2022_IncS_CWRU.v17.P_3d_r1_COMS58.sb.117_sub_2022_IncS_CWRU.v17.P_3d_r1_COMS58_k141_536428_3	K01992	0.4525	0.9181	
2022_IncS_CWRU.v17.P_3d_r1_COMS58.sb.117_sub_2022_IncS_CWRU.v17.P_3d_r1_COMS58_k141_536428_4	K01628	0.9363	0.8578	*
2022_IncS_CWRU.v17.P_3d_r1_COMS58.sb.117_sub_2022_IncS_CWRU.v17.P_3d_r1_COMS58_k141_536428_5	K01845	0.997	0.7655	*
2022_IncS_CWRU.v17.P_3d_r1_COMS58.sb.117_sub_2022_IncS_CWRU.v17.P_3d_r1_COMS58_k141_536428_6	K01628	0.7858	0.8578	
2022_IncS_CWRU.v17.P_3d_r1_COMS58.sb.117_sub_2022_IncS_CWRU.v17.P_3d_r1_COMS58_k141_536428_7	K00854	0.8932	0.8346	*
2022_IncS_CWRU.v17.P_3d_r1_COMS58.sb.117_sub_2022_IncS_CWRU.v17.P_3d_r1_COMS58_k141_536428_8	K22105	0.6056	0.9498	
2022_IncS_CWRU.v17.P_3d_r1_COMS58.sb.117_sub_2022_IncS_CWRU.v17.P_3d_r1_COMS58_k141_536428_9	K26937	0.34	0.8531	
2022_IncS_CWRU.v17.P_3d_r1_COMS58.sb.117_sub_2022_IncS_CWRU.v17.P_3d_r1_COMS58_k141_536428_10	K13075	0.4026	0.9896	
2022_IncS_CWRU.v17.P_3d_r1_COMS58.sb.117_sub_2022_IncS_CWRU.v17.P_3d_r1_COMS58_k141_536428_11	K02014	0.5256	0.9106	
2022_IncS_CWRU.v17.P_3d_r1_COMS58.sb.117_sub_2022_IncS_CWRU.v17.P_3d_r1_COMS58_k141_536428_12	K07093	0.6464	0.9534	
2022_IncS_CWRU.v17.P_3d_r1_COMS58.sb.117_sub_2022_IncS_CWRU.v17.P_3d_r1_COMS58_k141_536428_13	K01785	0.9302	0.9566	
2022_IncS_CWRU.v17.P_3d_r1_COMS58.sb.117_sub_2022_IncS_CWRU.v17.P_3d_r1_COMS58_k141_810416_1	K01424	0.8272	0.9109	
2022_IncS_CWRU.v17.P_3d_r1_COMS58.sb.117_sub_2022_IncS_CWRU.v17.P_3d_r1_COMS58_k141_810416_2	K03768	0.2342	0.8377	
2022_IncS_CWRU.v17.P_3d_r1_COMS58.sb.117_sub_2022_IncS_CWRU.v17.P_3d_r1_COMS58_k141_810416_3	K03789	0.8587	0.9633	
2022_IncS_CWRU.v17.P_3d_r1_COMS58.sb.117_sub_2022_IncS_CWRU.v17.P_3d_r1_COMS58_k141_810416_4	K11511	0.1892	0.8825	
2022_IncS_CWRU.v17.P_3d_r1_COMS58.sb.117_sub_2022_IncS_CWRU.v17.P_3d_r1_COMS58_k141_810416_5	K01147	0.5448	0.8553	
2022_IncS_CWRU.v17.P_3d_r1_COMS58.sb.117_sub_2022_IncS_CWRU.v17.P_3d_r1_COMS58_k141_810416_6	K12978	0.3529	0.9732	
2022_IncS_CWRU.v17.P_3d_r1_COMS58.sb.117_sub_2022_IncS_CWRU.v17.P_3d_r1_COMS58_k141_810416_7	K07451	0.2761	0.9664	
2022_IncS_CWRU.v17.P_3d_r1_COMS58.sb.117_sub_2022_IncS_CWRU.v17.P_3d_r1_COMS58_k141_810416_8	K25148	0.1987	0.6779	
2022_IncS_CWRU.v17.P_3d_r1_COMS58.sb.117_sub_2022_IncS_CWRU.v17.P_3d_r1_COMS58_k141_1644670_1	K00226	0.9988	0.7696	*
2022_IncS_CWRU.v17.P_3d_r1_COMS58.sb.117_sub_2022_IncS_CWRU.v17.P_3d_r1_COMS58_k141_1644670_2	K03222	0.3912	0.8927	
2022_IncS_CWRU.v17.P_3d_r1_COMS58.sb.117_sub_2022_IncS_CWRU.v17.P_3d_r1_COMS58_k141_1644670_3	K03605	0.9798	0.9125	*
2022_IncS_CWRU.v17.P_3d_r1_COMS58.sb.117_sub_2022_IncS_CWRU.v17.P_3d_r1_COMS58_k141_1644670_4	K07006	0.3325	0.9275	
2022_IncS_CWRU.v17.P_3d_r1_COMS58.sb.117_sub_2022_IncS_CWRU.v17.P_3d_r1_COMS58_k141_1644670_5	K00436	0.9901	0.8201	*
2022_IncS_CWRU.v17.P_3d_r1_COMS58.sb.117_sub_2022_IncS_CWRU.v17.P_3d_r1_COMS58_k141_1644670_6	K18007	0.9926	0.6027	*
2022_IncS_CWRU.v17.P_3d_r1_COMS58.sb.117_sub_2022_IncS_CWRU.v17.P_3d_r1_COMS58_k141_1644670_7	K05588	0.998	0.9596	*
2022_IncS_CWRU.v17.P_3d_r1_COMS58.sb.117_sub_2022_IncS_CWRU.v17.P_3d_r1_COMS58_k141_1644670_8	K05587	0.7685	0.6613	*
2022_IncS_CWRU.v17.P_3d_r1_COMS58.sb.117_sub_2022_IncS_CWRU.v17.P_3d_r1_COMS58_k141_1644670_9	K05586	0.9969	0.5764	*
2022_IncS_CWRU.v17.P_3d_r1_COMS58.sb.117_sub_2022_IncS_CWRU.v17.P_3d_r1_COMS58_k141_1644670_10	K02276	0.3001	0.8617	
2022_IncS_CWRU.v17.P_3d_r1_COMS58.sb.117_sub_2022_IncS_CWRU.v17.P_3d_r1_COMS58_k141_1644670_11	K11719	0.3764	0.935	
2022_IncS_CWRU.v17.P_3d_r1_COMS58.sb.117_sub_2022_IncS_CWRU.v17.P_3d_r1_COMS58_k141_1644670_12	K04656	1.0	0.863	*
2022_IncS_CWRU.v17.P_3d_r1_COMS58.sb.117_sub_2022_IncS_CWRU.v17.P_3d_r1_COMS58_k141_1644670_13	K00619	0.959	0.9779	
2022_IncS_CWRU.v17.P_3d_r1_COMS58.sb.117_sub_2022_IncS_CWRU.v17.P_3d_r1_COMS58_k141_1644670_14	K01755	0.9997	0.8553	*
2022_IncS_CWRU.v17.P_3d_r1_COMS58.sb.117_sub_2022_IncS_CWRU.v17.P_3d_r1_COMS58_k141_1644670_15	K01940	0.9749	0.8661	*
2022_IncS_CWRU.v17.P_3d_r1_COMS58.sb.117_sub_2022_IncS_CWRU.v17.P_3d_r1_COMS58_k141_1644670_16	K05765	0.2232	0.9321	
2022_IncS_CWRU.v17.P_3d_r1_COMS58.sb.117_sub_2022_IncS_CWRU.v17.P_3d_r1_COMS58_k141_1644670_17	K00611	0.9935	0.899	*
2022_IncS_CWRU.v17.P_3d_r1_COMS58.sb.117_sub_2022_IncS_CWRU.v17.P_3d_r1_COMS58_k141_1644670_18	K00821	0.9898	0.7673	*
2022_IncS_CWRU.v17.P_3d_r1_COMS58.sb.117_sub_2022_IncS_CWRU.v17.P_3d_r1_COMS58_k141_1644670_19	K00930	0.9984	0.5954	*
2022_IncS_CWRU.v17.P_3d_r1_COMS58.sb.117_sub_2022_IncS_CWRU.v17.P_3d_r1_COMS58_k141_1644670_20	K00145	0.9999	0.8733	*
2022_IncS_CWRU.v17.P_3d_r1_COMS58.sb.117_sub_2022_IncS_CWRU.v17.P_3d_r1_COMS58_k141_1644670_21	K03402	0.9998	0.8552	*
2022_IncS_CWRU.v17.P_3d_r1_COMS58.sb.117_sub_2022_IncS_CWRU.v17.P_3d_r1_COMS58_k141_1644670_22	K25775	0.1918	0.6633	
2022_IncS_CWRU.v17.P_3d_r1_COMS58.sb.117_sub_2022_IncS_CWRU.v17.P_3d_r1_COMS58_k141_811082_1	K02483	0.1056	0.83	
2022_IncS_CWRU.v17.P_3d_r1_COMS58.sb.117_sub_2022_IncS_CWRU.v17.P_3d_r1_COMS58_k141_811082_2	K07234	0.363	0.9743	
2022_IncS_CWRU.v17.P_3d_r1_COMS58.sb.117_sub_2022_IncS_CWRU.v17.P_3d_r1_COMS58_k141_811082_3	K23162	0.8672	0.9981	
2022_IncS_CWRU.v17.P_3d_r1_COMS58.sb.117_sub_2022_IncS_CWRU.v17.P_3d_r1_COMS58_k141_811082_4	K03832	0.4237	0.9754	
2022_IncS_CWRU.v17.P_3d_r1_COMS58.sb.117_sub_2022_IncS_CWRU.v17.P_3d_r1_COMS58_k141_811082_5	K03088	0.9999	0.9501	*
2022_IncS_CWRU.v17.P_3d_r1_COMS58.sb.117_sub_2022_IncS_CWRU.v17.P_3d_r1_COMS58_k141_811082_6	K04047	0.3363	0.9136	
2022_IncS_CWRU.v17.P_3d_r1_COMS58.sb.117_sub_2022_IncS_CWRU.v17.P_3d_r1_COMS58_k141_811082_7	K07726	0.4491	0.8994	
2022_IncS_CWRU.v17.P_3d_r1_COMS58.sb.117_sub_2022_IncS_CWRU.v17.P_3d_r1_COMS58_k141_1920415_1	K03525	0.9994	0.8336	*
2022_IncS_CWRU.v17.P_3d_r1_COMS58.sb.117_sub_2022_IncS_CWRU.v17.P_3d_r1_COMS58_k141_1920415_2	K02405	0.3059	0.8885	
2022_IncS_CWRU.v17.P_3d_r1_COMS58.sb.117_sub_2022_IncS_CWRU.v17.P_3d_r1_COMS58_k141_1920415_3	K03215	0.997	0.7796	*
2022_IncS_CWRU.v17.P_3d_r1_COMS58.sb.117_sub_2022_IncS_CWRU.v17.P_3d_r1_COMS58_k141_1920415_4	K02238	0.9997	0.9872	*
2022_IncS_CWRU.v17.P_3d_r1_COMS58.sb.117_sub_2022_IncS_CWRU.v17.P_3d_r1_COMS58_k141_1920415_5	K08906	0.3577	0.8875	
2022_IncS_CWRU.v17.P_3d_r1_COMS58.sb.117_sub_2022_IncS_CWRU.v17.P_3d_r1_COMS58_k141_1920415_6	K02014	0.7995	0.9106	
2022_IncS_CWRU.v17.P_3d_r1_COMS58.sb.117_sub_2022_IncS_CWRU.v17.P_3d_r1_COMS58_k141_1920415_7	K03979	1.0	0.9378	*
2022_IncS_CWRU.v17.P_3d_r1_COMS58.sb.117_sub_2022_IncS_CWRU.v17.P_3d_r1_COMS58_k141_1920415_8	K07796	0.5305	0.5617	
2022_IncS_CWRU.v17.P_3d_r1_COMS58.sb.117_sub_2022_IncS_CWRU.v17.P_3d_r1_COMS58_k141_812279_1	K01992	0.3439	0.9181	
2022_IncS_CWRU.v17.P_3d_r1_COMS58.sb.117_sub_2022_IncS_CWRU.v17.P_3d_r1_COMS58_k141_812279_2	K18023	0.9663	0.8868	*
2022_IncS_CWRU.v17.P_3d_r1_COMS58.sb.117_sub_2022_IncS_CWRU.v17.P_3d_r1_COMS58_k141_812279_3	K00337	0.9474	0.9046	*
2022_IncS_CWRU.v17.P_3d_r1_COMS58.sb.117_sub_2022_IncS_CWRU.v17.P_3d_r1_COMS58_k141_812279_4	K14091	0.9803	0.5712	*
2022_IncS_CWRU.v17.P_3d_r1_COMS58.sb.117_sub_2022_IncS_CWRU.v17.P_3d_r1_COMS58_k141_812279_5	K03574	0.5057	0.9602	
2022_IncS_CWRU.v17.P_3d_r1_COMS58.sb.117_sub_2022_IncS_CWRU.v17.P_3d_r1_COMS58_k141_812279_6	K14090	0.9876	0.8105	*
2022_IncS_CWRU.v17.P_3d_r1_COMS58.sb.117_sub_2022_IncS_CWRU.v17.P_3d_r1_COMS58_k141_812279_7	K02654	0.9979	0.9674	*
2022_IncS_CWRU.v17.P_3d_r1_COMS58.sb.117_sub_2022_IncS_CWRU.v17.P_3d_r1_COMS58_k141_812279_8	K04765	0.9993	0.9949	*
2022_IncS_CWRU.v17.P_3d_r1_COMS58.sb.117_sub_2022_IncS_CWRU.v17.P_3d_r1_COMS58_k141_812279_9	K07741	0.2736	0.9246	
2022_IncS_CWRU.v17.P_3d_r1_COMS58.sb.117_sub_2022_IncS_CWRU.v17.P_3d_r1_COMS58_k141_812279_10	K02549	0.79	0.8419	
2022_IncS_CWRU.v17.P_3d_r1_COMS58.sb.117_sub_2022_IncS_CWRU.v17.P_3d_r1_COMS58_k141_2198361_1	K00927	0.5947	0.7725	
2022_IncS_CWRU.v17.P_3d_r1_COMS58.sb.117_sub_2022_IncS_CWRU.v17.P_3d_r1_COMS58_k141_2198361_2	K00134	0.9775	0.7868	*
2022_IncS_CWRU.v17.P_3d_r1_COMS58.sb.117_sub_2022_IncS_CWRU.v17.P_3d_r1_COMS58_k141_2198361_3	K00939	0.6304	0.8397	
2022_IncS_CWRU.v17.P_3d_r1_COMS58.sb.117_sub_2022_IncS_CWRU.v17.P_3d_r1_COMS58_k141_2198361_4	K08992	0.6842	0.9917	
2022_IncS_CWRU.v17.P_3d_r1_COMS58.sb.117_sub_2022_IncS_CWRU.v17.P_3d_r1_COMS58_k141_2198361_5	K05989	0.6913	0.923	
2022_IncS_CWRU.v17.P_3d_r1_COMS58.sb.117_sub_2022_IncS_CWRU.v17.P_3d_r1_COMS58_k141_2198361_6	K07497	0.4806	0.9505	
2022_IncS_CWRU.v17.P_3d_r1_COMS58.sb.117_sub_2022_IncS_CWRU.v17.P_3d_r1_COMS58_k141_826803_1	K03088	0.9991	0.9501	*
2022_IncS_CWRU.v17.P_3d_r1_COMS58.sb.117_sub_2022_IncS_CWRU.v17.P_3d_r1_COMS58_k141_826803_2	K03892	0.2689	0.964	
2022_IncS_CWRU.v17.P_3d_r1_COMS58.sb.117_sub_2022_IncS_CWRU.v17.P_3d_r1_COMS58_k141_826803_3	K03767	0.9793	0.8182	*
2022_IncS_CWRU.v17.P_3d_r1_COMS58.sb.117_sub_2022_IncS_CWRU.v17.P_3d_r1_COMS58_k141_826803_4	K03767	0.7378	0.8182	
2022_IncS_CWRU.v17.P_3d_r1_COMS58.sb.117_sub_2022_IncS_CWRU.v17.P_3d_r1_COMS58_k141_826803_5	K01128	0.8457	0.8308	*
2022_IncS_CWRU.v17.P_3d_r1_COMS58.sb.117_sub_2022_IncS_CWRU.v17.P_3d_r1_COMS58_k141_826803_6	K03654	0.9946	0.916	*
2022_IncS_CWRU.v17.P_3d_r1_COMS58.sb.117_sub_2022_IncS_CWRU.v17.P_3d_r1_COMS58_k141_826803_7	K01519	0.741	0.8662	
2022_IncS_CWRU.v17.P_3d_r1_COMS58.sb.117_sub_2022_IncS_CWRU.v17.P_3d_r1_COMS58_k141_826803_8	K00241	0.5637	0.938	
2022_IncS_CWRU.v17.P_3d_r1_COMS58.sb.117_sub_2022_IncS_CWRU.v17.P_3d_r1_COMS58_k141_826803_9	K00239	0.9987	0.9209	*
2022_IncS_CWRU.v17.P_3d_r1_COMS58.sb.117_sub_2022_IncS_CWRU.v17.P_3d_r1_COMS58_k141_826803_10	K00240	0.9922	0.9066	*
